:020000041000EA
:1000000000B5324B212058609868022188439860DF
:10001000D860186158612E4B002199600221596106
:100020000121F02299502B49196001219960352056
:1000300000F044F80222904214D00621196600F024
:1000400034F8196E01211966002018661A6600F04E
:100050002CF8196E196E196E052000F02FF8012189
:100060000842F9D1002199601B49196000215960AB
:100070001A491B48016001219960EB211966A021F2
:10008000196600F012F800219960164914480160C1
:100090000121996001BC002800D000471248134993
:1000A000086003C880F30888084703B5996A0420EC
:1000B0000142FBD001200142F8D103BD02B5186610
:1000C0001866FFF7F2FF186E186E02BD00000240BE
:1000D000000000180000070000035F00212200005C
:1000E000F4000018222000A00001001008ED00E03C
:1000F00000000000000000000000000074B24E7A12
:1001000000200420F7010010CB010010CD010010E9
:10011000C9010010C9010010C9010010C901001077
:10012000C9010010C9010010C9010010CF01001061
:10013000C9010010C9010010D1010010D301001045
:10014000C1010010C1010010C1010010C101001067
:10015000C1010010C1010010C1010010C101001057
:10016000C1010010C1010010C1010010C101001047
:10017000C1010010C1010010C1010010C101001037
:10018000C1010010C1010010C1010010C101001027
:10019000C1010010C1010010C1010010C101001017
:1001A000C1010010C1010010C1010010C101001007
:1001B000C1010010C1010010C1010010C1010010F7
:1001C000EFF30580103800BE00BE00BE00BE00BECA
:1001D00000BE00BEF2EB8871482E0510742E05108B
:1001E0003802001090A31AE71E481F49086006C88D
:1001F00081F3088810471D480068002801D019487D
:10020000F3E70DA40ECC002902D000F012F8F9E7B4
:100210001749184A002000E001C19142FCD116495B
:100220008847164988471649884700BEFDE701C937
:1002300001C29A42FBD37047742E0510C000002003
:10024000C82600207C540510000004200000042073
:100250007C54051000100420001004200000000051
:10026000704700000000000008ED00E0000000D032
:10027000C8260020EC5B0220054200103903001064
:10028000C5410010F8B5C0460448054B10B583427F
:1002900003D0044B002B00D0984710BDC826002087
:1002A000C82600200000000006480749091A8B10E4
:1002B000C90FC91810B5491003D0044B002B00D04A
:1002C000984710BDC8260020C82600200000000066
:1002D00010B5074C2378002B09D1FFF7D5FF054B4C
:1002E000002B02D0044800E000BF0123237010BDA2
:1002F000582B002000000000B4600410054B10B51E
:10030000002B03D00449054800E000BFFFF7CCFFF5
:1003100010BDC046000000005C2B0020B46004103B
:10032000C368044A1340C3600A32FF321343C360F8
:100330007047C046FBFEFFFF70B59CB004F0BAF8F2
:1003400008F044F9072000F01FFB082000F01CFB18
:10035000092000F019FBD024240680256562802640
:100360007600666280239B0063626561FA20C000AC
:1003700001F0A0FBA561666107F0DAFA002877D1E9
:1003800007A800F0BBF83D493D4C200029F062FB76
:1003900007A800F0B9F9D0231B069E6123680C3B27
:1003A0001A6812190321516018680019FFF7B8FF85
:1003B00004AD01AC2A00210007A800F09BF93149E7
:1003C0002F4829F047FB06001B95049802F0DAFC41
:1003D00002000B00300029F055FB2B4929F03AFBB5
:1003E00006001A95059802F0CDFC02000B003000C3
:1003F00029F048FB254929F02DFB060019950698A0
:1004000002F0C0FC02000B00300029F03BFB204949
:1004100029F020FB05001894019802F0B3FC0200BB
:100420000B00280029F02EFB1A4929F013FB0500C8
:100430001794029802F0A6FC02000B00280029F095
:1004400021FB154929F006FB05001694039802F0DC
:1004500099FC02000B00280029F014FB0F4929F039
:10046000F9FA0A2129F0DCFA642001F023FB9FE766
:100470000B4804F026F801201CB070BDD0600410B9
:10048000703F0020106104101861041020610410F6
:1004900028610410306104103C61041048610410AC
:1004A000B860041000B585B06B46187359730548E1
:1004B00000230093023303AA682107F0F1F905B085
:1004C00000BDC046E01E002070B584B00D001600CF
:1004D0000F226A441070084C012300936821200009
:1004E00007F0DEF90023009333002A006821200082
:1004F00007F0E2F904B070BDE01E002030B583B013
:1005000005002548254907F0A1F90321002000F046
:1005100099F90321012000F095F900220121002022
:1005200000F0AAF900220121012000F0A5F98021A4
:100530006B20FFF7B7FFC82001F0BCFA00216B2049
:10054000FFF7B0FFC82001F0B5FA08211B20FFF724
:10055000A9FF00211C20FFF7A5FF05211A20FFF7A6
:10056000A1FF04211920FFF79DFF6B46DC1D00232E
:100570002370012221007520FFF7A6FF217808488B
:1005800003F0CEFF2378682B02D1280003B030BDE2
:10059000044803F096FFFEE7E01E0020801A0600E4
:1005A0004C6104106861041030B583B00500062268
:1005B00069464320FFF788FF00220AE0530069469E
:1005C000CC5C591C6846415C24022143EB18D9805D
:1005D0000132022AF2DD03B030BD30B583B0050030
:1005E000062269463B20FFF76FFF002309E05A000F
:1005F00069468C5C511C6846415C24022143A95227
:100600000133022BF3D903B030BD000000B583B035
:10061000002906DB022904DC01908900401803B0A0
:1006200000BD034B034A74210348FF3103F0CEFDA4
:100630007C6104109C61041060620410F8B506002F
:100640000F00FFF7B1FF002419E06300F318062044
:10065000185E02F075FB051C30000C302100FFF71E
:10066000D5FF0168281C02F006FB064902F009FBD1
:10067000051C21003800FFF7C9FF05600134022C7A
:10068000E3DDF8BD00008342F8B506000F00FFF778
:10069000A4FF002427E06300985F02F051FB051CD3
:1006A000300018302100FFF7B1FF0168281C02F06C
:1006B000E2FAE221890502F0F8FA051C210038006F
:1006C000FFF7A4FF056021003800FFF79FFF05003A
:1006D000006802F057FB054A054B02F03CF902F0B6
:1006E0001DFA28600134022CD5D9F8BD05A3923A31
:1006F000019D234070B504001500FFF79FFF2900FE
:100700002000FFF7C1FF70BDF0B5DE4657464E46EC
:100710004546E0B589B006000C22002103A802F08E
:10072000D7FB0C220021684602F0D2FB00239B4637
:100730002EE03000FFF738FF6700F31906229B5EBA
:100740009A46210003A8FFF761FF05000368994658
:10075000504602F0F5FA494602F090FA286030005F
:10076000FFF73BFFBB5F994621006846FFF74EFF4E
:10077000050003689846484602F0E2FA414602F056
:100780007DFA28600134022CD3DD01239C46E3442A
:10079000FA23DB009B4501D20024F4E700241EE08D
:1007A000210003A8FFF732FF0068164902F069FA3A
:1007B000051C30000C302100FFF728FF05602100E8
:1007C0006846FFF723FF00680E4902F05AFA051C3D
:1007D000300018302100FFF719FF05600134022CAA
:1007E000DEDD330018330793306A06938D21C90587
:1007F00002F041FA306209B0F0BCBB46B246A946ED
:10080000A046F0BD0000FA4430B507240440A4001F
:10081000C008A14004003C34A400094D615180008F
:100820001B18002A05D08022920194466344196067
:1008300030BDC0229201944663441960F8E7C04677
:100840000040014010B58300084A9A1814684022FD
:10085000544080322240064CA44663441A60C000D3
:10086000044B9C466044416010BDC04604C001403A
:1008700004D001400040014080000C4B9C46604485
:1008800000290ED00823002A0DD004221343026849
:1008900053400C221340802252019446604403606E
:1008A00070470023EFE70022F0E7C04604C0014094
:1008B00070B506000D00141E0BD1D0231B061B685B
:1008C000002B11D0094B220029003000FFF79CFFBC
:1008D00070BD0D2000F016FA0028EED1044B054A39
:1008E0000548BD2103F072FC044BECE730410140A8
:1008F000BC620410608D0410E862041000410140E5
:1009000070B5D0231B061B68094C9D002C59204252
:1009100007D1074D9B0004435C510D2000F02CFAD9
:1009200070BD044B044A0548DB2103F04FFCC04670
:1009300020590020286304102C8D0410E862041054
:1009400010B50400D0231B061A680B4B9200D35835
:1009500018420BD00D2000F01BFBD0231B061B6898
:1009600005499B005A58A2435A5010BD034B044AF4
:100970000448EF2103F02AFC20590020546304109E
:10098000088D0410E862041010B501238340D022C2
:100990001206936293610521FFF754FF10BD00001A
:1009A00010B58023DB05186803051B0D0B4A934225
:1009B00007D10B4B034080229201934207D1000FD5
:1009C00010BD084B084A0948132103F0FFFB084BF0
:1009D000054A0648142103F0F9FBC0462709000028
:1009E00000F0FF0F80630410788D0410A4630410DE
:1009F000E46304100FB400B583B0084803F061FD50
:100A0000049B002B07D005A90191180003F068FD95
:100A1000034803F056FD012003F07EFBF863041049
:100A200064610410EFF3108072B6034B1B68002B57
:100A3000FBD0BFF35F8F70472C0100D0BFF35F8FF7
:100A4000024B00221A6080F3108870472C0100D0FE
:100A5000F8B506000C001500FFF7E4FFE308F718EF
:100A6000F15C07222240012393400B4205D1DBB207
:100A70000B433B70FFF7E2FFF8BD21002800FFF7B2
:100A8000B9FFF0B583B00600019114001F00FFF715
:100A9000C9FF00E00134BC420CD8E308F518F35C50
:100AA0000721214001228A401A42F3D1D2B21A43CF
:100AB0002A7001E001246442FFF7C0FF002C02DB32
:100AC000200003B0F0BD019B002BF9D00898FFF780
:100AD00091FF000070B505000C00FFF7A3FFE308CD
:100AE000EE18EA5C0721214001238B40134204D019
:100AF0009A433270FFF7A2FF70BD034B034A0448CC
:100B0000332103F063FBC046086404108C8D04108D
:100B100028640410054A1078431CDBB21370172BAD
:100B200002D9130010221A707047C046081E002018
:100B300010B582B00100054C054B00931F2318220D
:100B40002000FFF79EFF02B010BDC04610490020F4
:100B500068640410002307E0054A9A189200BFF366
:100B60005F8F0021116001331F2BF5D97047C046FC
:100B700040000034074B9B68103080001950BFF3D1
:100B80005F8FBFF35F8F044B0021196082F31088E1
:100B90007047C04600ED00E0240100D000487047D7
:100BA00000E400E010B5FFF7F9FF002302E0034A7C
:100BB00004C00133072BFAD910BDC0468080808065
:100BC0001F23181A7047000010B50388DA0A1C2A80
:100BD00005D15B055B1502335B00C01810BD034BEC
:100BE000034A8E210348490003F0F0FA846404109C
:100BF000E88D04109C64041010B5091A0B1F0A4AF2
:100C000088180A4A904208D8C90706D45B105B05C9
:100C10005B0D0748184380B210BD064B064A87217A
:100C20000648490003F0D2FAFC070000FE0F00005E
:100C300000E0FFFFDC640410DC8D04109C640410F1
:100C400010B5091A04394A08090B08D14905490D9C
:100C5000064B0B430380064B1343438010BD054BEB
:100C6000054A8B210548490003F0B0FA00F0FFFF68
:100C700000F8FFFF0C650410B88D04109C6404108C
:100C800001238340034A10681840431E9841C0B2B4
:100C90007047C04600E100E0002A05D0044BC022A6
:100CA0005200995019607047014A8023D150FAE7E9
:100CB00000E100E010B50A001F2303400121994024
:100CC0004009FFF7E9FF10BD01238340014A13608B
:100CD0007047C04600E200E0024B9B681030800085
:100CE000C058704700ED00E010B5FFF7F5FF044B6A
:100CF000C31A00202F229A424041C0B210BDC04604
:100D00000C1E002010B5FFF7E7FF002806D0044BAB
:100D1000984201D0012010BD0020FCE70020FAE736
:100D2000C101001070B504000D00EFF3108672B61B
:100D30000C4B1B68002BFBD0BFF35F8F2000FFF72D
:100D4000CBFF094B984201D0A84205D132002900BF
:100D50002000FFF70FFF70BD044B054A0548ED2149
:100D600003F034FA240100D0C10100101C65041006
:100D7000108E04109C640410F0B5DE4657464E46B3
:100D80004546E0B589B0814601911500EFF3108B1F
:100D900072B66F4B1B68002BFBD0BFF35F8F6D4BA0
:100DA00000269E57002E40DB7400A419A4006A4858
:100DB00024180622A256674B1A70684B9A684B4655
:100DC00010339B00D35898461B1A2F2B3BD9644BEA
:100DD000984531D105AF634B3B80634973009A4618
:100DE000981980005C4B984640440230FFF704FF9E
:100DF00078805E4BBB80FF23BB71FD71019B079325
:100E0000330053449B00434407CF07C301231C43D3
:100E1000A0465A4641464846FFF7ACFE09B0F0BC32
:100E2000BB46B246A946A046F0BD514B514ABE2131
:100E30005148490003F0CAF9504B4E4A84214E48AC
:100E4000FF3103F0C3F9012342469A439246101A38
:100E50000C2101F021FB00290FD153460027DA793C
:100E6000AA4212D90621595600290DDB4A00521810
:100E7000920039491F008B18F1E7414B3D4ACA21C6
:100E80003D48490003F0A2F91F00002F2ED005AB0A
:100E90003C4A1A80813A5A800623FB560293002B63
:100EA00017DA394805AB9A469880029A9A71DD7133
:100EB000019A0792381D2100FFF79EFEB880BE718F
:100EC000254B7200921992009B18524613CA13C305
:100ED0009FE7381DFFF778FE010070008019800041
:100EE0001D4BC0180430FFF787FEDBE705AF1D4B35
:100EF0003B801D49730002939B199B00164A904644
:100F00001A0042440392901CFFF776FE7880039A01
:100F1000101D5146FFF770FEB8801C4B52464146EB
:100F2000521A524153431B0DBB71FD71019A079236
:100F3000029B9B199B00434407CF07C3114B5246AA
:100F40001380813B538001231C43A04661E7C046C8
:100F5000240100D0E65B02200C1E002000ED00E022
:100F6000C101001000A1FFFF3C1E002001BDFFFFDA
:100F700054650410F88D04109C6404107C65041002
:100F8000A46504100148000001BD0000AAAA0000E9
:100F9000F0B5CE46474680B583B006000D00EFF3AE
:100FA000108872B64F4B1B68002BFBD0BFF35F8FCE
:100FB0004D4B9A6834001034A300D7584B4B9F42D6
:100FC00007D0AF4200D18AE00197494BFB1A2F2B83
:100FD00009D9424639003000FFF7CCFD03B0C0BC50
:100FE000B946B046F0BD3000FFF74AFE8146002109
:100FF0003000FFF75FFEBFF35F8FEFF3058100293D
:1010000001D08C4211D10123019C9C430020A36894
:101010009D4211D00622A256002A0CDB53009B18D9
:101020009B00334A2000D418F1E7324B324A334850
:10103000334903F0CBF820009D4249D1062565577E
:10104000002D2BDB2A4B6A00521992009B189A68DC
:10105000A260DA79E2719B795BB2A371002B0FDA9F
:101060002848A080224B6A00521992009B18264AF9
:1010700011789971157049463000FFF71BFEA8E7FB
:101080006800401980001A4BC0180430FFF79CFD1F
:101090000100231D1800FFF7AFFDE2E7002912D180
:1010A00000280ED0FF238371184B838016490B78DC
:1010B000A3710F4A164BA41A644163431B0D0B70B6
:1010C000D9E70A4FF2E71349201DFFF7B9FDD2E730
:1010D000114B094A91210948890003F077F8034F21
:1010E00077E7C046240100D000ED00E0C101001008
:1010F0000C1E002028660410C88D04109C64041087
:101100000202000001BD0000E65B022001BDFFFFFE
:10111000AAAA0000461E00205C66041070B50500F7
:101120000C00FFF73BFDAB089B00C21811680323BE
:101130002B40DB00FF20984081439C4021431160FD
:1011400070BD0000F8B5012202432C4BD31A2F2B9F
:1011500028D8EFF30583002B2AD0EFF3108472B662
:10116000274909680029FBD0BFF35F8F234D25492C
:101170000600761B76417143090D4DB222498968FC
:101180009B00C958914219D00021032930D81B4B2C
:101190004A00521892009B189B795BB2AB421DD05B
:1011A0000131F2E7194B1A4A1A481B4903F00EF8AD
:1011B0001A4B174A17481A4903F008F8124A92685E
:1011C0001849D150184B1A7882711D70BFF35F8F88
:1011D0000B4B00221A6084F31088F8BD074B4A00BD
:1011E0005618B6009E19FF27B771104AB280E9E77A
:1011F0000F4B074A07480F4902F0E8FF0C1E00207A
:10120000240100D0AAAA000000ED00E064660410EA
:101210009C8D04109C6404107F0200008C660410F6
:1012200082020000C1010010E65B022001BDFFFF49
:10123000986604109302000010B5FFF7C1FC01008E
:10124000024B1800FFF746FC10BDC046EA5B0220C7
:1012500010B582B00100074C074B00930523002214
:101260002000FFF70EFC002801DB1F23181A02B034
:1012700010BDC046EA5B0220A066041070B50400F1
:101280000E001500FFF746FC0100200000F006F8F4
:10129000A680E580BFF35F8F70BD0000024B9C46C7
:1012A00061448900016070474000003410B50400BB
:1012B000FFF730FC01002000FFF7F0FF01235B4245
:1012C0006360BFF35F8F10BD10B50400FFF722FC11
:1012D00001002000FFF7E2FF01235B42636000236F
:1012E0002372BFF35F8F10BD10B50D4C09E00D4B9D
:1012F0000D4A0E481A2102F069FF2000FFF7D6FFC1
:1013000008340B4B9C4209D22368002BF5D0012BEB
:10131000EDD12000FFF7D8FF0C34F2E710BDC04636
:10132000B8260020BC660410A48E0410DC660410ED
:10133000C8260020034B9C46614489000160BFF32E
:101340005F8F70474000003410B504000120FFF7A4
:10135000EFFB01002000FFF7EDFF10BD30B5846A00
:10136000151B0B1D9B001B581B1B9D4204D3046ABD
:1013700001238B40234202D1043189000A5030BD41
:101380000004084370470000F0B5DE4657464E465D
:101390004546E0B583B0EFF3058303221A40110000
:1013A0000192AC4B9200D35898461B788B4207D1E0
:1013B0000123019A93400093A74B009A1A6019E108
:1013C000A64BA74AA748922102F000FF43465A695C
:1013D0004B465B004B44DB0093469B445B469E6858
:1013E000DF68A14800F048FC801BB941002900DA01
:1013F0000AE1002F60DB5B461C699C4B9C4245D098
:1014000043460820185E5B46598889B2FFF7B8FF4B
:101410005B465969A04704000D0023002B434BD0C5
:10142000002D3DDA30003900001BA9415B46986071
:10143000D96000241C5F002C00DAE5E043465A69BD
:10144000924663001B19DB0053449A68DB68050071
:101450000E00AD1A9E41002E00DAD5E043461C81F5
:1014600047460837BC46634600255D5F002D1DDBFF
:101470006C006419E4005444A268E36806000F009D
:10148000B61A9F41002F11DBA446ECE75B465C696E
:1014900023692000984700280ED065682468BCE7BF
:1014A000714800F0E9FB00196941BFE75B461D8008
:1014B0004B4662461380A7E05B4600229B5E424695
:1014C00013811269EFF3108372B611680029FCD002
:1014D000BFF35F8F42460221525E59460A80424660
:1014E000494651801269BFF35F8F0021116083F379
:1014F000108889E043461969EFF3108372B60A68D1
:10150000002AFCD0BFF35F8F4246928812B2914608
:101510000122524241468A800A69BFF35F8F00214F
:10152000116083F310881AE09B465B4600229A5EA6
:10153000002A0BDB53009B18DB0053449868D968E2
:1015400026002F00361A8F41002FEDDA4B46594600
:101550000B80634600215B5E994663461A804B46CA
:10156000002B57DB43465A6992464B465B004B447F
:10157000DB009C46D44463469C68DD6846460836DA
:10158000B346D2E7002342469371414608314346B1
:101590000820185E11E001225242D317A260E360D6
:1015A000434608229B5E834206D00D8043460822B4
:1015B0009B5E2380434618812800431C2ED043465F
:1015C0005A6943001B18DB00D418D55E63881BB230
:1015D000002BE0DB2100EFE722002B0001992248DD
:1015E000FFF7BCFE204800F047FB241A8D41002D78
:1015F00028DC25D01C4B009A5A63434608229B5E88
:101600009946002B00DBE1E643469B881BB2002B8A
:1016100000DB6FE743469B79002BB3D1434608229A
:101620009A5E002A0EDB4346596953009B18DB0083
:10163000CB189C68DD68631CCED16B1CD2D0CBE785
:10164000002CD7D040BF03B0F0BCBB46B246A94681
:10165000A046F0BD745600203C7005406C67041035
:10166000E48E0410986704100040054089130010B0
:1016700070B504000D0011000126AE40066228007E
:10168000FFF750FB01212800FFF714FB024B9C469B
:101690006444266070BDC04638200000F8B5CE46D0
:1016A000474680B50600894690461F00C160FFF797
:1016B00031FA154B9C4660448000306143463370DC
:1016C000BBB27381D022120612787270012252428C
:1016D0003281B2809B187380002406E0621E736919
:1016E00065002D19ED005A530134BC42F6D3074B67
:1016F00042469200D650064A41464846FFF7B8FF98
:10170000C0BCB946B046F8BD400000347456002055
:101710008913001070B505000C00160001238B40E2
:101720000362084A8218136001212000FFF7C2FA01
:1017300031002000FFF72CFC2100280000F084FA83
:1017400070BDC0463830000010B5084B1A68EFF382
:10175000108172B61368002BFCD0BFF35F8F034873
:1017600007F03AF90020002110BDC046345B00208C
:1017700010B5064B1B69002B01D0044810BD044B6B
:10178000044A0548652102F021FDC046541E002090
:10179000D0670410CC8E04109867041070B5050053
:1017A0000E00182001F04EFB041E0ED01821300050
:1017B00001F05EFB60610121280000F04DFA02009B
:1017C000330029002000FFF769FF200070BD0000F2
:1017D00010B50400134B984215D00178124AC06826
:1017E000FFF798FF2378114A99008A58A24211D135
:1017F0000E4A9B0000219950606901F051FB2000C6
:1018000001F04EFB10BD0A4B0A4A2E210A48FF3157
:1018100002F0DCFC094B074A99210748490002F015
:10182000D5FCC046541E00208913001074560020B9
:101830005C660410B88E041098670410F4670410F6
:10184000F8B504000569EFF3108072B62968002925
:10185000FCD0BFF35F8F0221665E65697100891954
:10186000C9006D18002E02DB0027E95F6180216945
:10187000BFF35F8F00270F6080F31088002E2CDBF2
:101880000699296107996961AA60EB606B88013349
:101890005B04590C002B00D1012169803000FFF757
:1018A0006FFD2169EFF3108372B60A68002AFCD03D
:1018B000BFF35F8FA2882A80A6802269BFF35F8F63
:1018C0000021116083F31088E368217801228A40A7
:1018D00003498C4663441A60F8BD01204042FBE78F
:1018E0003C20000070B582B0060014001D0008AB5B
:1018F0001B78002B07D100F0F1F922002B00121AFF
:101900008B41002B0ADB079B0193069B009322006F
:101910002B003000FFF794FF02B070BD0020FBE702
:10192000F0B5C64600B584B00500884616001F0015
:101930000AAB1C78FFF71CFF0294019700962A005F
:101940004346FFF7CFFF04B080BCB846F0BD0000AF
:1019500030B5030008145A8990422EDA5C694200BF
:101960001218D200A2181D69EFF3108472B628680D
:101970000028FCD0BFF35F8F508880B20904090CA7
:10198000884212D000201A69BFF35F8F00211160D6
:1019900084F31088002811D0DA681B78013199404F
:1019A000074B9C466244116008E00649014389B236
:1019B000518001229A710120E5E7002030BDC04628
:1019C0003C2000000080FFFF10B50400FFF7D0FEB0
:1019D0002100FFF7BDFF10BD40787047F0B583B020
:1019E00006000F00EFF30583002B1AD19624644202
:1019F000E517A4197D418D4202D803D1844201D953
:101A00000024002500F06AF922002B00121A8B41F5
:101A1000002B0BDC08D03000390000F071F903B066
:101A2000F0BD1748FEF7E6FF002AF4D0154A002360
:101A3000009320002900FFF773FF002812DAEAE77D
:101A4000002300E00023002BE5D10F4B1A68EFF3D1
:101A5000108172B61368002BFCD0BFF35F8F0A4869
:101A600006F054FF094B5B6A9D42EBD80749896A2F
:101A7000A14203D29D42E3D00123E4E70123E2E740
:101A80003468041049170010345B00200040054002
:101A900070B504000D0000F021F90019694100291A
:101AA00002DBFFF79BFF70BD012040420049F8E7D1
:101AB000FFFFFF7F10B5FA2292000023002101F002
:101AC000BDF8FFF7E5FF10BDF0B5CE46474680B53F
:101AD00083B005000C00EFF30583002B15D0434BBA
:101AE0005B6A8B4209D3414A926A82420BD28B4293
:101AF00001D0012002E0002000E0002003B0C0BCC3
:101B0000B946B046F0BD0120F8E7FFF731FEC368E3
:101B10009946037898462E002700484600F0ACF816
:101B200002000B00B61A9F41434604339B004A460D
:101B30009B581B1A0022BA420FDC0CD020BF2B4B43
:101B40005B6A9C4220D8294A926AAA421ED29C42D1
:101B500018D00120D2E7B342F0D9254A00230093E0
:101B600028002100FFF7DCFE002811DD1F4B5B6A17
:101B70009C4221D81D4A926AAA422FD29C4219D077
:101B800001231AE00020B9E70020B7E70120B5E7FC
:101B9000164B5B6A9C4209D8144A926AAA4207D241
:101BA0009C4201D00120A9E70020A7E70020A5E77B
:101BB0000120A3E7002300E00023002B00D120BF79
:101BC000FFF702FF094B5B6A9C420BD8074A926AF7
:101BD000AA4209D29C4203D001208FE70123ECE7FF
:101BE00000208BE7002089E7012087E700400540BF
:101BF00049170010004870470040054010B50B4BD6
:101C00001B69002B04D00A480A21FFF747FB10BDCF
:101C1000FFF7F0FF0400032100F00CF80348102345
:101C200003222100FFF73AFDEDE7C046541E0020D5
:101C3000345B002010B5024A0248FEF709FF10BDD0
:101C4000846804101449002010B50248FEF742FFD2
:101C500010BDC0461449002000B583B00448054BB0
:101C6000009303230022FEF70CFF03B000BDC04623
:101C700014490020A86804100200436A906A190001
:101C8000536A9942FAD17047416A00E0416A994229
:101C9000FCD300E0416A994202D1816A9142F9D3B2
:101CA0007047F0B5C64600B5804614001D00FFF72A
:101CB000E3FF06000F0022002B0092197B4199429E
:101CC00002D804D1904202D901225242D317404691
:101CD000FFF7DAFF80BCB846F0BD000010B502483F
:101CE000FFF7CAFF10BDC0460040054010B5020016
:101CF0000B000248FFF7D5FF10BDC046004005406D
:101D000010B502000B000248FFF7BEFF10BDC04631
:101D100000400540074B98420AD0162301229A4002
:101D2000054B1A60054B1B6811009943FAD17047A7
:101D30001723F3E70080034000F0004008C0004094
:101D400070B5046BE30701D4200070BD0B4BC318C2
:101D50000B4A1A60456A836AAD01ED18AD02062090
:101D600000F016F9074900F097FB0100280000F089
:101D700093FB0021FFF7BAFFE6E7C04630300000D2
:101D8000010300004E0E000070B504000E001500A7
:101D9000FFF7D6FFE36A5E403540024BE3181D6053
:101DA000206370BD2C10000070B505000C000620EB
:101DB00000F0EEF8C000210000F06EFB0130C60913
:101DC00007D00E4B9E4215D8400834003F260640EF
:101DD00000E001246C62AE62002200212800FFF7BF
:101DE000D3FF062000F0D4F88000A101891900F08B
:101DF00053FB70BD0026024CECE7C046FEFF00001E
:101E0000FFFF0000002909D00A22064B9C466044CF
:101E100043425841044B4000C25270478022520056
:101E2000F3E7C0460080FCBF405B002070B50400B3
:101E30000D00062000F0ACF800281ED0104B9C428C
:101E40001CD01622012393400E4A13602000FFF796
:101E500061FF00212000FFF7D5FF29002000FFF7D8
:101E6000A3FFE26A70235A400E331340064AA218B9
:101E70001360064B23630323A36470BD1722E1E7BD
:101E80000080034000E000402C100000010300002F
:101E9000F8B5D646474680B506000D0017009846AF
:101EA00044002418A400294B9C4664446368089AA3
:101EB000934200D26260331FDBB29A46012B2ED9C7
:101EC00080221201C0239B01E3181A60204BB2004C
:101ED000D158002907D0586900F0DEFA01304300DC
:101EE0001B18033BFDD27F0123685F40E0233B408A
:101EF00080225201A21813605346012B1AD9802365
:101F00009B01E318802212011A60089B6360104B4A
:101F1000B6004246F250C0BCBA46B046F8BD012DEC
:101F2000CED10322C0239B01E3181A60A368DB070C
:101F3000FCD5D8E72168694003230B401360A368F0
:101F40000122AA401A42FAD0D9E7C04600800040D8
:101F50001C490020F0B583B005000E0017001800E2
:101F6000089900F099FA0300089A140200943A00C4
:101F700031002800FFF78CFF03B0F0BD10B582B030
:101F8000802464000094FFF783FF02B010BD0000BE
:101F9000014B8000C05870471C490020F0B5C64670
:101FA00000B504000E0017001D00374800F074FA59
:101FB0008046364BFA18364B9A4239D80100380021
:101FC00000F06AFA0200103A98235B009A4235D872
:101FD0006B1E062B38D8069B013B062B34D83F09D5
:101FE000474537D32D04069B1B031D432368002B55
:101FF00036DB284B9C4244D00C2201239340264AD6
:102000001360264A1360264A1268190091430A1E7B
:10201000F9D12660A060234BE31821321A602268B0
:10202000002AFCDAE56008221A6080BCB846F0BDE0
:102030001D4B1E4A1E48112102F0C8F81D4B1B4AB9
:102040001B48192102F0C2F81B4B184A18481C21E2
:1020500002F0BCF8194B154A1548232102F0B6F8D6
:1020600022683F231340B342C3D1A3681B051B0D55
:102070008342BED1E368EE22D2021340AB42B8D114
:10208000D3E70D22B9E7C046001BB70080E84BD369
:1020900080F8A93200C0024000E0004000F000409B
:1020A00008C0004004300000BC680410088F041011
:1020B0000C6904104C69041068690410B4690410B8
:1020C000024B1A68024B5A607047C04664560020A3
:1020D0000080054010B5174B8022D2051A60164BC0
:1020E000164A1A6000290AD0154BE022D2041A6061
:1020F000002809D1124B802212061A6010BD0D4B28
:10210000E022D2041A60F3E743011B1A9B0018185F
:1021100000010C4B186080235B04984202D3094BEA
:10212000094A1A60FFF7CCFF054B8022D2051A60DE
:10213000E4E7C04600B0054008200140FCFF010074
:1021400000A0054064560020FFFFFF0010B503000B
:1021500010000C4A8024E4051460002B0DD00122ED
:102160001343094A094CD461094C5C401462516222
:1021700093620021FFF7AEFF10BD034B0022DA612E
:10218000F7E7C04600B0054000800540D3C007B067
:102190002D3FF84F80239B000B43014AD3627047C9
:1021A0000080054010B5010018231B8814221088F8
:1021B000984710BD10B5010018231B8816221088FF
:1021C000984710BDF0B5C64600B507000E000025C3
:1021D0000123984600E00135B5420AD2AC003C1913
:1021E0002068FFF7DFFF20600028F4D10023984625
:1021F000F1E7404680BCB846F0BD000070B5040071
:102200000D000648FFF7CEFF0300002C03DB012082
:10221000A040290098470020FBE7C0465542000037
:10222000074BAA2212011A608D225200DA60054B78
:10223000054A1A60024B5B68002BFBDA7047C04608
:10224000004002400060024000B0FA0010B50400F7
:1022500001E008CC9847024B9C42FAD310BDC0461F
:10226000846004107047000010B50248FFF7EEFFCD
:1022700010BDC04648600410054B064A1A60064B64
:10228000064A1A60064B1A68044B9343FAD170470A
:1022900000E00040BFCDFBFE00F00040FE7F3C00B0
:1022A00008C00040044BDB6C002B03D1034B8022A1
:1022B000D2021A607047C046000011504C201150E5
:1022C000044B054A1A60054B1B68DB43DB01FAD15E
:1022D0007047C04600F00040FFFFFF0108C000400B
:1022E000034B40229A675A671A67DA667047C046FE
:1022F00000F0014010B5FEF72DFC10BD10B50C4AE2
:102300000C4BD21A92101400302A00D930229200BD
:102310000948084900F0E2FD04E0084A064BA10024
:10232000CA5001342F2CF8D9034B054A936010BDD5
:10233000C00100100001001000000020C1010010C9
:1023400000ED00E070B50420FFF722FE064900F022
:10235000A3F805000024002C00DD70BDE0B22900C8
:10236000FFF718FF0134F6E740420F0030B583B0A5
:10237000274B00229A67FFF753FF264B01221A6072
:10238000234B5B6C012BFBD1234B03221A60204BA8
:102390009B6B012BFBD10133009304331F4A0121B6
:1023A0001F48FFF7FBFD052300931E4A01211E482D
:1023B000FFF7F4FD1D4B002202210420FFF7DEFD94
:1023C0001B4D2B00002201210520FFF7D7FD194CE2
:1023D0002300002200210720FFF7D0FD2300002268
:1023E00000210820FFF7CAFD8023DB0000932300B3
:1023F000002200210920FFF7ADFD2B000022002163
:102400000620FFF7BBFDFFF79DFF03B030BDC046C0
:10241000008000403CB0004030B00040002F6859C0
:1024200000800240008C864700C00240001BB700BD
:1024300040597307006CDC0201480421014B184726
:10244000701E0020C5210010124A936F9B0815D200
:102450009066D166002905D0FFE7FFE7FFE7516FDF
:10246000106F704704B580210906C217514000283B
:1024700000D0C84343F038FD002104BDF0B5146E10
:10248000556E576F166FFFF7E3FF14665566576773
:102490001667F0BD000000D0114A936F9B0813D25D
:1024A00010665166002905D0FFE7FFE7FFE7516F8F
:1024B000106F704704B5002801D00020C04343F0DE
:1024C00013FD002104BDC046F0B5146E556E576F64
:1024D000166FFFF7E5FF1466556657671667F0BD80
:1024E000000000D094464A4A926F9208624601D298
:1024F00028E0C046F0B5464E346E756E776F366F85
:1025000000F020F89446424A1466556657671667ED
:102510006246F0BD94463E4A926F9208624601D2EE
:1025200054E0C046F0B53A4E346E756E776F366F34
:1025300000F04CF89446364A14665566576716679D
:102540006246F0BD002B24DB11D000293EDA00B535
:10255000C943404200D1013100F038F8C94340423C
:1025600000D10131DB43524200D1013300BD002ACA
:10257000EBD1002801D1002905D00020C90FC907DF
:1025800001D1C043410800B543F07EFC0022002386
:1025900000BD00B500290ADBDB43524200D1013304
:1025A00000F014F8C943404200D1013100BDC943D5
:1025B000404200D10131DB43524200D1013300F0EF
:1025C00005F8DB43524200D1013300BD002923D17D
:1025D000002B18D1002A0CD0BC460D4F38667A6605
:1025E00000210023FFE7FFE7FFE77A6F386F6746B8
:1025F0007047002801D00748010000B543F044FCB3
:102600000022002300BD02000B00002000217047C3
:10261000000000D0FFFFFFFF002B00D0BFE0130C35
:1026200028D1002AE7D080B4114F39667A66FFE7D7
:10263000FFE730B4040C7B6F396F1B0423433B6608
:102640007A66FFE7FFE7FFE7C04684B27B6F3D6F26
:102650001B0423433B667A66FFE7FFE7C04600237F
:102660002C042D0C7A6F386F00196941B0BC70478B
:10267000000000D0F0B594460025140E01D11202DE
:102680000835140F01D112010435940F01D19200C5
:102690000235D40F01D152000135D40B0134254F3E
:1026A0007C66254C3C660E0C93B2FFE7FFE7FFE724
:1026B0003C6F6643360C7703BE467343DF0B5B0407
:1026C000C01AB941130C7343DB18C91ACE0866430C
:1026D000360CB64493B273431F0F1B01C01AB941A5
:1026E000130C73431F0B1B05C01AB941860D8F02D3
:1026F0003E436643360C092D24DB520A7243801A8E
:102700007703460A6643360C16235B1BDE40DF4028
:10271000BF1964466643821B7046043506330100C8
:10272000D940A840C01900D30131A24206D20023EB
:10273000F0BD0000000000D0FFFFFFFF121B0130C2
:10274000F3D3F1E709277F1BFE406446A2B2724330
:10275000801A00D20139220C7243130C1204821A1F
:1027600099410B007046043513370100F940A84029
:10277000801900D30131002B02D1A2420AD2F0BD50
:10278000013000D30131121BFAD2013BF8D1A24231
:1027900000D2F0BD013000D30131121BF7E7F0B5D4
:1027A0001C0C00D080E00CB400251C0A04D11B02D4
:1027B000160E3343120208351C0B04D11B01160FF1
:1027C0003343120104359C0B04D19B00960F334315
:1027D00092000235DC0B02D192185B4101351C00DE
:1027E000971864410134464F7C66464C3C660E0C9B
:1027F000FFE7FFE7FFE7C0463C6F6643360C770311
:10280000BE4697B27743C01B00D20139C01B00D22D
:1028100001399FB27743C91BC91B170C77437E044C
:10282000FF0B801BB941CE086643360C0C2D33DB01
:10283000B644120B1F053A431B0B97B27743C01BDC
:1028400000D201399FB27743C91B170C77433E046E
:102850003F0C801BB941860D8F023E4366432927FA
:102860007F1BFE400C3D7746AF40BF1930BCA2B283
:10287000ABB272437343801A9941220C7243130C1A
:102880001204801A994102000B000137001BA94174
:10289000F9D2781E0021F0BD0C277F1BFE40774641
:1028A0007F0BAF40FF19E0E700245D1C07D0144FF9
:1028B0007D663966FFE7FFE7FFE7FFE73C6F95B20C
:1028C0009EB265436643401BB141150C1E0C654327
:1028D000664336042F0C3E432D04401BB141994200
:1028E00004D202000B0020000021F0BD01D1904273
:1028F000F7D3801A994101349942F2D3F6E70000E8
:10290000000000D0FFFFFFFF48404140484018B49E
:10291000134B5B68019308BD18B4114B1B680193FE
:1029200008BD94460F4A926F920805D2624618B4C9
:102930000B4BDB68019308BD0A4AF0B5146E556E67
:10294000576F166F6246FFF7F2FF064A1466556628
:1029500057671667F0BD18B4014B9B68019308BD1B
:1029600030590020000000D0FFB550404240504098
:1029700059404B40594000E0FFB5154F4C00640DE5
:1029800003D0BC4204D10C0314D80020090D090562
:102990005C00640D03D0BC4204D11C030AD80022A1
:1029A0001B0D1B0501264B4009D44B4003D58B4220
:1029B00000D18242FFBD9942FCD19042FFBD0B4342
:1029C000DB1803431343F5D0C9434918FFBD00008A
:1029D000FF07000000B5FFF7CFFF01D0002000BDCA
:1029E000012000BD00B5FFF7C7FF804100BDC04614
:1029F00000B5FFF7C1FF01D9002000BD012000BDD7
:102A000000B5FFF7B1FF01D9002000BD012000BDD6
:102A100000B5FFF7A9FF804100BD012040054A0035
:102A2000121804D85A00121801D80020704701204B
:102A3000704700000021002805D17047C1174840A9
:102A4000401AFAD0C90713B5064B1B6898470CBC4F
:102A5000441CA2401005120B0349091B0905194328
:102A6000114310BD305A00201F04000010B54C0067
:102A7000620D8023D218DB00D21A5B057E2A10DD9E
:102A80009E3A13DACC170903490819435242D14040
:102A9000640001341532202A05DAD040084360432F
:102AA00010BD002010BD0846604310BDC80FC018FF
:102AB000013810BD18B4024B5B6A019308BD0000D9
:102AC0003059002018B4024BDB6D019308BD0000A3
:102AD00030590020C94211D300B5490049080022ED
:102AE00000F014F8002904D4002240428A41114623
:102AF00000BD80210906002000BD000018B4024B73
:102B0000DB6E019308BD00003059002018B4024B61
:102B10009B6F019308BD00003059002018B4024B90
:102B2000DB6F019308BD00003059002010B501484B
:102B3000FDF760FFD069041070B513231C78012CD9
:102B400012D0012C12DC214B214A93642148FFF75B
:102B500029FB214B186070BD20491D4A9800815007
:102B600001331F2BF8D9ECE70023FAE71C48FFF7E5
:102B700021FB05001B48FFF71DFB023803789B0073
:102B80007F2B09DD12488022290000F0A7F9022CD2
:102B900008D0022CDADCD6E7134B144A1448332150
:102BA00001F014FB134B1A88B5231B029A4209D17A
:102BB000114B1A88114B9A4204D1114B1A88114BB0
:102BC0009A42E6D00020FDF715FFC046092C001000
:102BD000305900204C330000305A00202D2B0010BB
:102BE0005344000053460000E8690410148F041099
:102BF0002C6A041054380000D83800004946000000
:102C00009C3800005946000007B56046002800D1F6
:102C100000BE01880A0A0230DF2AFAD1C9B282084E
:102C200004D3028840880004104300E00068024A90
:102C30005050039007BD00003059002051434343DA
:102C4000C9188C46110C83B24B4310B4040C614379
:102C500092B280B2504362431C041B0C001910BC9A
:102C600059411304120CC0185141614470470000CF
:102C70004840414048400E4B5B6818470C4B1B686E
:102C800018470C4A936F9B0802D2094BDB68184720
:102C9000F0B5146E556E576F166FFFF7F6FF054AC5
:102CA0001466556657671667F0BD014B9B68184759
:102CB000345A0020000000D007B548404140484049
:102CC00001E0C04607B54200120E03D0FF2A03D12F
:102CD000420218D8C00DC0054A00120E03D0FF2AC8
:102CE00003D14A020FD8C90DC9050122414005D4BC
:102CF000414001D5814207BD884207BD01434918C3
:102D000001D0C043001807BD00B5FFF7DBFF01D0BD
:102D1000002000BD012000BD00B5FFF7D3FF01D9A1
:102D2000002000BD012000BD01231B064200D21877
:102D300004D84A00D21801D80020704701207047FB
:102D4000C10FC90700D54042002817D0F44603B48C
:102D50000B4B1B68984706BC81409E38404280312F
:102D600007D20B0607D04900490AC00510430843A3
:102D700060470130F8E7490A8902F5E7704700002B
:102D8000305A0020014BDB6F18470000345A0020F6
:102D900010B50148FDF72EFE0C61041070B5132329
:102DA0001E781848FFF706FA0500012E11D0012EF3
:102DB00009DDAB1E1B789B007F2B1DDD1248802296
:102DC000290000F08BF81148FFF7ECF9104B186060
:102DD00070BD0D485422290000F080F8002300E067
:102DE00001331F2BE3D8084A9C00A258002AF7D1D0
:102DF0000849054AA150F3E7074B084A0848422111
:102E000001F0E4F953460000345A00204C3300002E
:102E1000305A0020912D00107C6A0410288F041075
:102E2000B06A041010B5002804D04018034B984233
:102E300000D810BD0248FDF7DDFDC04600000420AB
:102E4000006B041070B50500084E300043F0D4F854
:102E500028003AF0EFF90400300043F00DF82900A3
:102E60002000FFF7DFFF200070BDC046B82600201D
:102E7000F8B506000C00094F380043F0BDF82100FA
:102E8000300037F081FB0500380042F0F5FF2100EB
:102E900071432800FFF7C6FF2800F8BDB8260020C0
:102EA00070B50400054D280043F0A6F820003AF064
:102EB000CBF9280042F0E0FF70BDC046B8260020E4
:102EC00001480421014B1847801E0020C521001035
:102ED000014B1B6818470000801E0020014B5B68F7
:102EE00018470000801E002010B5FFF7ABFF10BD93
:102EF00010B5FFF7A7FF10BD10B5FFF7D1FF10BD4C
:102F000010B5FFF7CDFF10BD10B5FFF7C9FF10BD1D
:102F10009A4200D288547047704710B5002802D0FA
:102F20000B684968984710BD0100002007E0830046
:102F30001B185B00501C08601078C01830380A68F5
:102F40001378303BDBB2092BF1D97047F0B5DE4680
:102F500057464E464546E0B583B093461F000C9B4E
:102F60009A460D9C0E9B99460F9B9B0703D0B84633
:102F70000F00060022E00192A34688464E46B9465D
:102F80000700B44207D2551C4B4641462020B847A3
:102F900001342A00F5E73D004F465C46019B9B4605
:102FA000B1464646B84637002E0007E0013C551CA6
:102FB0005346185D43463900B0472A00002CF5D12E
:102FC00035003E0047460F9B9B0707D4100003B017
:102FD000F0BCBB46B246A946A046F0BDB0464E4640
:102FE000B9462F005D46531BB342EFD2541C4B46EB
:102FF00041462020B8472200F5E7F0B5CE464746C7
:1030000080B585B0944698460C9D0D9C0EAB1B7800
:103010009946109A119B129EB7071CD4002B0CD016
:10302000F7070AD54F46002F02D10C37374204D09C
:10303000013B02E030272F550134944201D21F2C6E
:10304000F8D9F70707D59C4205D21F2C03D83027A3
:103050002F550134F5E7F70612D5770505D4002C76
:1030600003D0944221D09C421FD00F9A102A32D014
:103070000F9A022A37D01F2C0AD830222A55013441
:103080001F2C05D84A46002A33D02D222A55013458
:10309000039602930194009543466246FFF756FF5C
:1030A00005B0C0BCB946B046F0BD621E012C10D0C0
:1030B0000F9F102F0BD014000F9A102AD8D1B206F0
:1030C000D6D51F2CD4D858222A550134D3E7023C38
:1030D000CBE71400C9E7B206EED41F2CECD8782257
:1030E0002A550134C7E71F2CD2D860322A55013443
:1030F000C1E7720703D52B222A550134C8E73207EE
:10310000C6D520222A550134C2E7F0B5DE4657461F
:103110004E464546E0B593B081468A4608920993EB
:103120001CAB10CB1B789B461E9D219B9846002C08
:1031300003D1102342469A4390468023DB00464643
:103140001E4042461A4212D0002C22D000260EE029
:103150003033D9B2771C0AAB995529002000FFF70C
:103160009BF9AC4216D31F2F14D83E00040029004F
:103170002000FFF791F9CBB2092BE9D9424692061C
:1031800005D54121C918C9B20A39C9B2E2E761219E
:10319000F8E7270043460693209B05931F9B049363
:1031A00003955B46029301970AAB0093099B089A2B
:1031B00051464846FFF721FF13B0F0BCBB46B2466C
:1031C000A946A046F0BDF0B5DE4657464E464546F8
:1031D000E0B597B00A900B910C929A46209B9946C5
:1031E000219F22AA13789B46249B0993259C289B08
:1031F00098464A463A4302D1103293439846802279
:10320000D20045461540434613420AD04A463A4347
:1032100041D000252E0053460D934D46099B9A46FA
:103220001BE02E0053460D934D46099B9A4614E031
:103230003033DAB2731C99460EAB9A5552462300CE
:1032400028003900FFF766F9BC4226D819D04B4652
:103250001F2B1CD84E4605000F00524623002800A5
:103260003900FFF757F9D3B2092BE1D9424692064C
:1032700005D54122D218D2B20A3AD2B2DAE7612297
:10328000F8E7AA45E3D94E460D9B9A4608E04E461C
:103290000D9B9A4604E0002602E04E460D9B9A469E
:1032A00043460693279B0593269B0493099B039310
:1032B0005B46029301960EAB009353460C9A0B9912
:1032C0000A98FFF79AFE17B0F0BCBB46B246A94673
:1032D000A046F0BDF0B5DE4657464E464546E0B541
:1032E00091B0804689460C929A461A9C1B9D2200FA
:1032F0002B0020002900FFF790FB002800D0ECE015
:1033000001225242D44B20002900FFF781FB002804
:1033100000D0E2E001225242D04B20002900FFF70A
:1033200061FB002800D0D8E0002200232000290003
:10333000FFF758FB002800D0E4E0069407958023AF
:10334000DB001E9A1A400D921E9A1A4201D10623E2
:103350001C930698079902000B000892099303003A
:103360000A00024300D1D9E0080D4005400DBC4ED3
:10337000B44660440A03120B1E00BA4B13431F00ED
:10338000FFF75CFBB84AB94BFFF7E5FAB84AB94B0F
:10339000FFF7C2FA089009910022B74B30003900BC
:1033A000FFF7B5FAB54AB64BFFF7D5FA02000B00A6
:1033B00008980999FFF7B0FAFFF758FB8346FFF723
:1033C0003DFB06000F00AF4AAF4BFFF7C4FA0022E7
:1033D000AE4BFFF7A1FAFFF749FB0890AC4AAD4BA3
:1033E00030003900FFF7B7FA06000F000898FFF722
:1033F00025FBA94AA94BFFF7AEFA02000B003000EB
:103400003900FFF784FA06000F0002000B00FFF7F7
:10341000A2FA0A900B91089BA14A944663440021AA
:103420000022089109921B0509930023089332009A
:103430003B0030003900FFF76FFA0E900F91320019
:103440003B0000208021C905FFF761FA06000F004C
:103450000022944B0A980B99FFF763FA0022924BD3
:10346000FFF75AFA02000B000A980B99FFF759FA76
:1034700000228E4BFFF750FA02000B000A980B99BE
:10348000FFF74FFA02000B0030003900FFF744FA53
:1034900002000B000E980F99FFF743FA0022714BC0
:1034A000FFF73AFA089A099BFFF755FA06000F0052
:1034B00008960997069A079BFFF7AAFA00282FD0CB
:1034C00001235B429C46E3440022774B30003900E5
:1034D000FFF727FA0890099122E01E9B04931D9B99
:1034E00003931C9B02930094019553460C9A494602
:1034F000404600F0FFF811B0F0BCBB46B246A9460A
:10350000A046F0BD00210022069107920694802378
:103510001B069C46AC446346079310E700239B467A
:103520005B466333C62B20D804261E9B1B0528D57B
:10353000089A099B190011430FD05D4A5D4B06980C
:103540000799FFF75DFA00287AD000225A4B0698B7
:103550000799FFF747FA002872D01C9B5B4506DDF0
:103560005A469B1A013B1C9303E00526DDE7002326
:103570001C938023DB001E9A1A431E920026002310
:103580009B461D9B9E4265D29F1B02231E9A1A409A
:103590000A921E9A134202D0002E00D000275B46EA
:1035A000002B07D0089A099B06980799FFF7B9F9ED
:1035B000069007910022002320002900FFF712FA4D
:1035C000002800D07CE03D4B1E9A134004930397E3
:1035D0001C9B0293069B079C0093019453460C9AF4
:1035E0004946404600F086F8002E00D183E71E9B36
:1035F0009B0671D54525441C5346020049462800C8
:10360000C0475A46D317D2185A4005230593013EA6
:103610000496002303930A3302935B46DB0F019366
:1036200000925346220049464046FFF76EFD0A9B32
:10363000002B00D15FE7020047460C9E1D9D53E022
:103640001C9B002B9DD00D9B002B9AD01C9B013BFB
:103650001C9396E7002798E7FFFFEF7FFFFFEFFF40
:1036600001FCFFFF0000F03FFB799F501344D33F64
:10367000B3C8608B288AC63F0000F83F61436F6380
:10368000A787D23F71A379094F930A400000E03F1A
:103690001655B5BBB16B0240EF39FAFE422EE63F3C
:1036A000FF03000000002C400000244000001840F0
:1036B0002D431CEBE2361A3F80842E41FFF7FFFFBB
:1036C000069C079D22002900802000068446614454
:1036D0000B000692079376E765258CE7541C53464A
:1036E00049462020B8472200931BAB42F6D3100076
:1036F00001E7C046F0B5DE4657464E464546E0B5C2
:1037000095B00690079193469946209F1E9A1F9B5D
:1037100010001900FFF781F9002831D1012252422F
:10372000BF4B1E981F99FFF75DF9002837D1012282
:103730005242BC4B1E981F99FFF76AF900283DD1F1
:103740000022B94B1E981F99FFF762F9002850D14B
:103750000022B64B1E981F99FFF744F9002848D164
:10376000002200231E981F99FFF73CF9002850D132
:1037700000239846229B5B0500D4B6E0002458E065
:10378000229B0393219B029303230193A84B009355
:103790004B465A4607990698FFF7D8FB0EE1229B45
:1037A0000393219B029304230193A24B00934B4666
:1037B0005A4607990698FFF7C9FBFFE00423229AAF
:1037C0001A4022990B4210D09B4B002A0FD00422A2
:1037D0002299039121990291019200934B465A46F6
:1037E00007990698FFF7B2FBE8E0944BEDE7032258
:1037F000EEE7229B0493219B039302971E9B1F9C41
:10380000009301944B465A4607990698FFF762FDCC
:10381000D4E01E9A1F9B00200021FFF778F81E902D
:103820001F9101239846A5E70CAB30221A55013FA2
:1038300001341F2C01D8092FF6D81E981F99FFF7C5
:1038400015F90500FFF7FAF802000B001E981F9902
:10385000FFF75DF87A4BFA009B181A685B680A92CA
:103860000B93FFF778F808900991FFF723F906000A
:10387000FFF7E0F802000B0008980999FFF747F8F6
:103880000890099100226F4BFFF7C2F800282ED054
:1038900001363000FFF7CEF802000B000A980B99B2
:1038A000FFF7A6F8002801D001350026002F2CD103
:1038B0002800FFF7C3F802000B001E981F99FFF7BE
:1038C00026F806000F0000225E4BFFF78BF8002859
:1038D00046D100225B4B30003900FFF799F80028F1
:1038E0003ED1EB073CD501353AE0062746E70022FA
:1038F000544B08980999FFF775F80028D6D1002E87
:1039000001D0F307D2D50136D0E7AA461F2C11D833
:10391000013F0A213000FEF7BFFD651C30310CABC2
:1039200019550A213000FEF7B7FD092E0ED9060001
:103930002C00EBE755461F2C0CD87B1E002F09D01E
:103940000CAA302111551F000134F4E72B00554615
:103950001C00F0E71F2C03D80CAB2E221A550134A3
:103960001F2C10D80A212800FEF76EFD661C30318E
:103970000CAB19550A212800FEF766FD051E01D083
:103980003400EDE734000323229A1340012B1CD0AE
:103990001F2C06D84346002B32D00CAB2D221A55D3
:1039A0000134229B0393219B029301940CAB00935F
:1039B0004B465A4607990698FFF7C8FA15B0F0BC6F
:1039C000BB46B246A946A046F0BD219B002B13D0B2
:1039D0004346002B02D10C3313420FD0219B013BF5
:1039E0002193190003E00CAB30221A5501348C42AC
:1039F000CED21F2CF7D9CBE72199F8E72199F6E72A
:103A0000229B5B0704D50CAB2B221A550134C8E767
:103A1000229B1B07C5D50CAB20221A550134C0E7E9
:103A2000FFFFEFFFFFFFEF7F65CDCD4165CDCDC13E
:103A30006C6B0410706B0410606B0410686B0410E6
:103A4000309104100000E03FF0B5DE4657464E4688
:103A50004546E0B593B082468846934611930029C7
:103A600000D10DE300255646119B1878002800D19F
:103A700009E3252809D06C1C5B462A004146B04763
:103A8000119B013311932500EEE7013311930027B9
:103A900020E001231F4301321192012418E0022388
:103AA0001F4301321192012412E004231F4301320B
:103AB000119201240CE008231F43013211920124CA
:103AC00006E010231F4301321192012400E000247C
:103AD000002C09D0119A1378203BD9B21029F6D8BE
:103AE0008B00C849CB589F46119B1A781300303B76
:103AF000DBB2092B10D92A2A13D00B94119B1A7808
:103B00002E2A1ED0119A1378683BD9B2122959D89F
:103B10008B00BD49CB589F4611A8FFF705FA0B90C3
:103B2000ECE71C9B1A1D1C921B68002B04DB0B93FB
:103B3000119B01331193E1E7022217435B420B9380
:103B4000F6E78022D20017435A1C11925A781300CC
:103B5000303BDBB2092B0BD92A2AD3D11C9B1A1D6F
:103B60001C921C68002C08DB119B01331193C9E7E0
:103B700011A8FFF7D9F90400C4E70024F4E7802373
:103B80005B003B43511C119151786C2901D01F00FF
:103B900018E0C0239B001F430232119212E08023E1
:103BA0003B43511C11915178682901D01F0009E055
:103BB000C0231F430232119204E080235B001F43A5
:103BC00001321192119B1878672818D8252800D245
:103BD0004CE20300253BDAB2422A00D946E29300C8
:103BE0008A4AD3589F4680239B001F43013211927B
:103BF000E8E780235B001F4301321192E2E7782857
:103C000000D933E2692800D230E20200693AD2B228
:103C1000012393407E4A134211D11A0600D500E2D7
:103C20005B0500D422E21C9B1A1D1C921B689A465D
:103C3000002C00D0B2E10122524253468EE16F289F
:103C40000ED006D858283DD0622804D102239C46C5
:103C500008E0782839D010239F43063B9C4601E0BA
:103C600008239C46582833D0692803D0642801D003
:103C70000C2297437A0501D50122974369282AD05F
:103C8000642828D0BA0500D59FE0FA0500D5C1E028
:103C90007A0600D4D3E01C9A111D1C911168FF22F2
:103CA0000A4005970B9B04930394634602930023F9
:103CB000019300925B462A0041463000FFF725FA47
:103CC000050027E010239C46CCE710239C46C9E75B
:103CD00020221743C8E7BA0520D4FA0550D47A0643
:103CE00066D51C9A111D1C911168FF220A40D0173D
:103CF0001118414005970B9B04930394634602936C
:103D0000D20F019200915B462A0041463000FFF736
:103D1000FCF90500119B01331193A5E61C9A0732AB
:103D200007218A43110008311C9111685368994694
:103D3000DB170C930D930C9A0D9B100048400E90CE
:103D40004A4653400F930E980F990C9A0D9B801A78
:103D500099410E900F9108970B9B07930694634629
:103D60000493002305934B46DA0F029200900191D1
:103D70005B462A0041463000FFF725FA0500C9E7F7
:103D80001C9A111D1C911268D017111841400597FB
:103D90000B9B0493039463460293D20F019200910C
:103DA0005B462A0041463000FFF7AFF90500B1E756
:103DB0003A0605D51C9A111D1C910023D25E96E788
:103DC0001C9A111D1C91126891E71C9A0732072159
:103DD0008A43110008311C9108970B9B07930694A6
:103DE000634604930023059302935368126800927C
:103DF00001935B462A0041463000FFF7E4F90500D5
:103E000088E7C046908F0410D48F041020900410CF
:103E1000419000001C9A111D1C9105970B9B049367
:103E200003946346029300230193136800935B4657
:103E30002A0041463000FFF768F905006AE73A06B4
:103E400006D51C9A111D1C9112681204120C28E749
:103E50001C9A111D1C91126823E7462819D01C9B3F
:103E60000733072293431A0008321C9204970B9AD7
:103E7000039202941A685B68009201935B462A00E1
:103E800041463000FFF736FC0500119B01331193CA
:103E9000EAE520231F43E2E7672801D0472802D143
:103EA00080231B011F43452801D0472801D120232F
:103EB0001F431C9B0733072293431A0008321C92AE
:103EC00004970B9A039202941A685B68009201931C
:103ED0005B462A0041463000FFF7FCF90500119BC4
:103EE00001331193C0E502231A003A4091463B4248
:103EF0001DD001241C9B1A1D1C926F1C18785B4658
:103F00002A004146B0474B46002B14D1119B013388
:103F100011933D00A8E5571C5B4641462020B04761
:103F200023003A005C1C9D42F5D81500E2E701230E
:103F30002A000B9DF6E73A00B1460B9E06E0571C9F
:103F40005B4641462020C8472C003A00651CA6422B
:103F5000F5D817004E46D9E701330A001978002931
:103F600002D0511E002AF7D152469B1A8022D2005D
:103F7000390011408946174202D0A34200D92300DC
:103F800002221100394010913A4209D02A0025003E
:103F900057469A4633004E46994621E022004CE6A9
:103FA0002A004546A04606E0541C5B462900202016
:103FB000B0473B0022005F1C0B999942F4D844465D
:103FC000A8463B00250057469A4633004E46994680
:103FD00006E01D000137541C5B464146C8472200DD
:103FE0003878002804D0002EF4D06B1E002DF0D1BC
:103FF000150053464E46109A002A03D1119B0133F7
:10400000119331E50B9F2A0006E0551C5B464146A3
:104010002020B04723002A005C1C9F42F5D81500E1
:10402000ECE721233B431C9A111D1C911268059358
:10403000082304930394083302930023019300920E
:104040005B462A0041463000FFF75FF80500119BF0
:104050000133119308E56C1C5B462A00414625207C
:10406000B047119B013311932500FDE46C1C5B46A6
:104070002A004146B047119B013311932500F3E418
:104080000A4B9A46EEE4B2465D450DD35B465A1E96
:104090005B4641460020D047280013B0F0BCBB4629
:1040A000B246A946A046F0BD2A00F1E7192F00103C
:1040B0000EB430B584B0010007AC08CC03940122E3
:1040C000054D009452422800FFF7BEFC04B030BCFE
:1040D00008BC03B01847C046112F001010B582B0BD
:1040E000044C009313000A0001002000FFF7ACFC11
:1040F00002B010BD112F001000B585B002900391E1
:1041000001210448009313004A4202A9FFF79CFCD6
:1041100005B000BD1B2F001000BEFDE703000A4ADA
:104120001268002A08D0084A1068C318074A9A4241
:1041300006D3054A13607047034A05491160F2E748
:1041400001204042F7E7C0466052002000000420F2
:10415000EC5B0220002070470120404270470000C5
:1041600010B5030008001100002B05D1044B1A689C
:104170005B6800F03FF910BD01204042FBE7C046FC
:10418000008F041010B5030008001400013B012B40
:1041900006D801230022210000F0E2F8200010BD23
:1041A00001204042FBE7012040427047012040428D
:1041B00070470120404270470300002002229A42CB
:1041C0004041704710B5FFF7A7FF000030B583B03E
:1041D0000D001900002A0BD0074B084C01920093E8
:1041E0002B000200200000F09BF90120FFF794FF54
:1041F000034B1A00F1E7C046786B0410886B04107B
:104200000C61041010B5EFF30583002B00D000BE45
:10421000FEF72AF8034C01E008CC9847024B9C4279
:10422000FAD310BD84600410B460041010B503000C
:10423000080011001B68984710BD0000F8B5070082
:104240000D001600437D002B02D0002400200CE05E
:1042500003681100280098472DE03B7D10E03B6883
:10426000154802219847601C0134B44214DA002C2E
:10427000F3DD2B19013B1B780D3B5A425341DBB256
:104280002A5D0A2AF0D1002BEED1A042E7DA3B6882
:10429000211A28189847E2E7B04203DA3B68311A3E
:1042A00028189847002E06DDAD19013D2B780D3BEF
:1042B0005A4253413B75F8BD8091041070B505001A
:1042C0000368002B16D00C4B1C6805E0290004C9BC
:1042D0002000FFF7B3FF2469002C09D02368002BCE
:1042E000F9D0064B1B68002BF0D0A342F3D1EDE7C9
:1042F00000232B6070BDC046545200205C52002049
:1043000070B505000C000B68802B05D023685A1C83
:104310002260E418257170BD0800FFF7CFFFF5E7B4
:1043200010B5FDF7DBFC074A002312184B41002BA8
:1043300003DB054841F018FE10BD01225242034B39
:10434000F7E7C04640420F00C0260020FFFFFF7F76
:1043500010B5024841F090FD10BDC046C0260020B7
:10436000F0B5CE46474680B583B006000D009046B6
:104370001C00FFF7D5FF81466B1C05D0002C08D030
:10438000184F194B1C6807E030003BF097F8050008
:10439000F4E7164FF5E72469002C17D02368002BAB
:1043A000F9D0134B1B68002B01D0A342F3D12A0094
:1043B00031002000B8474346002BECD06B46D91D96
:1043C0000A230B7001222000B847E4E74B46002B7C
:1043D00005D1280003B0C0BCB946B046F0BDFFF718
:1043E000B7FFF6E73D420010545200202D42001066
:1043F0005C520020F0B583B006000F0001920093DC
:10440000164B1C6808E0A368002B04D0390030006C
:104410009847002820DC2469002C06D0104B1D682A
:10442000002DF0D0A542F6D1EDE700990A000D4B22
:104430005B6A994209D80B49896A0198814209D27D
:104440009A4202D00220404206E001200021FDF7FE
:104450004DFCD5E70220404203B0F0BD545200208D
:104460005C52002000400540094A01E010331A0068
:104470001368002B08D08342F8D1002907D10369C3
:1044800013600023036102E0002900D01060704730
:104490005452002010B5064B1C6801E0984724696F
:1044A000002C03D06368002BF8D1F8E710BDC0469C
:1044B0005452002010B500F045F900F0E7FA012051
:1044C00010BD70B505003AF0F9FF04000123012288
:1044D00001002800FFF744FFFFF7DCFF200070BD5C
:1044E00070B5A2B004000E00FFF71AFF050000230C
:1044F00001930A483300220001A9FFF7FDFD0400E3
:1045000001A8FFF7DBFEFFF7C5FF002D02D1200059
:1045100022B070BDFFF71CFFF9E7C0460143001051
:104520000FB400B583B004A901C90191FFF7D8FF0A
:1045300003B008BC04B0184710B582B00C00144B8F
:10454000C3185A425341134A5B009B5E8B4204D00E
:104550006B46DA1D1470002115E06B46DA1D0D2341
:10456000137000210029F3D183699B06FCD41378D2
:10457000036001310132F5E783699B06FCD41378AF
:104580000360013101320029F6D002B010BDC046EF
:104590000080FCBF405B002082B000226B46D91D2A
:1045A00006E08369DB06FCD403680B70013201313D
:1045B000002AF6D06B46D87902B0704770B5060075
:1045C0000D00002405E0315D034B1868FFF7B4FFD0
:1045D0000134AC42F7DB70BD445B0020F8B5060047
:1045E0000D00002705E07C1CF719FFF7D5FF387098
:1045F0002700AF4204DA0D4A10688269D206F2D56C
:104600000B4A1268002A0AD0084A126850219163A6
:10461000506B18390140074B9C4662441160002FD3
:1046200001D03800F8BD033FFBE7C046445B0020E3
:10463000004900203410000010B5064B1B68002B09
:1046400006D0054A126800219163044A1068984711
:1046500010BDC04600490020445B002008490020EE
:10466000024B1A6893691B07FCD47047445B002017
:1046700070B51D4B1B681D4A934207D014240028B7
:104680001ED01B4B1B68002B02D070BD1524F6E713
:10469000174B1860174B196017492000FCF742FBB5
:1046A00001212000FCF706FB0F4B1B6850229A6388
:1046B000596B183A0A4011498C4663441A60E4E782
:1046C0000B4A1268002AE0D000259D6300212000DB
:1046D000FCF7F0FA08492000FCF75AFC044B1D6077
:1046E000044B1D60D1E7C046445B002000800340BE
:1046F000004900200849002039460010341000000D
:1047000070B50D001C000D4B1860002A0BDA002C50
:104710000EDA0A4B18682900FDF788FB08480121CA
:10472000FFF7A2FE70BD02211000FCF78BF8EEE748
:1047300002212000FCF786F8EBE7C046445B00202E
:10474000901E002010B5074B1B78074B1B78074BBA
:104750001B78E1210123002249020548FFF7D0FF21
:1047600010BDC0466C2E0510682E0510642E051075
:104770000040034070470000014B00221A70704750
:10478000E75B02204B79FF2B0CD18B79002B0BD1EF
:10479000CB79012B0AD1082A0AD98A78054B1A70DD
:1047A000092000E0002070470020FCE70020FAE725
:1047B0000020F8E7E75B02200120704710B50129CF
:1047C00028D1117953791B020B43134909788B4285
:1047D00001D000201FE05378012B03D0022B12D010
:1047E000002018E09178D3781B021943DB0507D528
:1047F000480A4A0A01231A407E331940FDF7FEFC9D
:1048000001204042F5E7642200210020FDF79EFCD4
:10481000012000E0012010BDE75B02200048704746
:104820006892041010B51400012910D15378012B9F
:104830000FD1127963791B021343072B01D000209B
:1048400006E0054A9F33210001F05AFB00E00120F9
:1048500010BD0020FCE7C046C09104100123037086
:1048600000487047A091041010B50A784B781B02DD
:1048700013438A7812041A43CB781B0613439622FB
:10488000D200934200D010BD01200022110040420E
:10489000FDF7B4FC024B1860024B19607047C0462C
:1048A000044900200C49002010B5FDF717FA0E4A04
:1048B000002312184B41002B12DB0C4841F054FB33
:1048C00000280CD001200021404201F0DFF9002037
:1048D00001F084FC0028F5D1044841F0CDFA10BD68
:1048E00001225242024BE8E740420F00385B0020B1
:1048F000FFFFFF7F10B5024B1878FCF7E5F910BDFC
:10490000E85B022070B5174B1B68002B20D0EFF33B
:10491000108272B6100019680029FCD0BFF35F8FB7
:1049200010494A60104B00221A700B68BFF35F8F6A
:104930001A6080F31088002400250C4B1878FCF7CF
:104940009FF9002808D1002400252000290070BD0F
:10495000FA24A4000025F0E7044B1878FCF7B4F91A
:10496000F3E7C0466C560020E95B0220E85B0220BA
:10497000F0B585B0060014001D000CAB1F78FDF7E4
:10498000ADF922002B0012184B41002B09DB0297D6
:104990000B9901910A9900913000FCF7A3FF05B033
:1049A000F0BD01225242014BF1E7C046FFFFFF7FFD
:1049B000F0B5C64600B584B00500884616001F0055
:1049C0000AAB1C78FCF7D4FE0294019700962A00EB
:1049D0004346FFF7CDFF04B080BCB846F0BD0000F1
:1049E00010B582B02348002141F09EFA002820D162
:1049F000214B1B68002B1AD0EFF3108172B6080010
:104A00001A68002AFCD0BFF35F8F1B4A51601B4914
:104A10000B7801246340DBB201240C701268BFF3F1
:104A20005F8F0021116080F31088002B17D102B036
:104A300010BD01200021404201F028F9002001F0C2
:104A4000A5FB04000B4841F017FA002CEFD00C4BEB
:104A50001B68002BEBD00B4A10689847E7E70A4A1F
:104A6000012300930023FA2080000021FFF7A0FF1C
:104A7000DDE7C046385B00206C560020E95B022071
:104A8000044900200C4900200549001010B582B0EF
:104A9000D0231B061C68FCF76BFEFCF79DFFA042B1
:104AA00030D1274B1B780021002002F061F8254B04
:104AB0001B68002B2CD00120FCF7CAFB224C207075
:104AC0002249FF231840FCF72DF920780121FCF73B
:104AD000F1F80520FCF708F9041E1DD00120FCF7B1
:104AE00027F801001A4B1800FCF724FC1949002292
:104AF0000520FCF741F918480121FFF7B5FC20001B
:104B000002B010BD154B164A1648C621FFF75EFBD2
:104B10000C48FCF7CBFBCEE70D4808220021FEF73E
:104B2000D7F9114A012300930023FA2080000021C5
:104B3000FFF73EFFC043C40F0028E0DADBE7C046C2
:104B4000702E0510385B0020E85B0220E149001060
:104B50006C560020F5480010A81E00205C6604106A
:104B600098920410E46B04100549001010B5002061
:104B700001F0F0FA10BD000070B505000C00FFF761
:104B8000F5FF002834D0002001F000FB002832D0CF
:104B9000FDF7A4F81B4A002312184B41002B19DB28
:104BA000194841F0E1F9002828D0FFF7DFFF00287D
:104BB00004D0002001F0EAFA00280FD101200021E2
:104BC000404201F063F8032464420F4841F054F975
:104BD000200070BD012252420C4BE1E72200290067
:104BE000002001F0DFFA041EEFD103246442ECE759
:104BF00003246442ECE703246442E9E703246442AB
:104C0000E6E7C04640420F00385B0020FFFFFF7F11
:104C1000F0B5C64600B580460C00FDF75FF8314A96
:104C2000002312184B41002B07DB2F4841F09CF961
:104C3000002806D180BCB846F0BD012252422B4B61
:104C4000F3E7FFF793FF002849D1294B002000210B
:104C500018605960244841F00FF9EBE7012000216A
:104C6000404201F013F8002001F0B8FAFFF77EFF90
:104C70000028EFD0002001F033FB002820D0A5420F
:104C8000E8DA661B002001F02BFB0200864200DC04
:104C90003200002AE2D043465919002001F0FCFA04
:104CA000060001200021404200F0F0FF002001F04A
:104CB00095FAAD19FDF712F80D4B18605960DEE753
:104CC000FDF70CF80A4B1E685F680A4A0023921928
:104CD0007B419942BED8D2D19042D0D9BAE70025C3
:104CE000CDE7C04640420F00385B0020FFFFFF7F4A
:104CF000502B002020A10700004870471493041097
:104D000000487047C092041010B50400154B1B7882
:104D1000002B0ED0002C11D1134B144A5A800123C2
:104D200001335B009BB21048C02292001343038002
:104D300010BD0C48112100F025F8EBE7052C0ED82A
:104D40000B4BA400E4580023122BE9D8E15C0029A6
:104D5000E6D00133044A58008152DBB2F4E7002068
:104D6000E6E7C046585B02202C52002009040000F0
:104D7000A892041010B5024800F032F810BDC046E9
:104D80002859002010B5002901D000230AE0104B5B
:104D9000104A11483B31FFF719FA00220DE0373273
:104DA000C25401334A1E9A420ED90F2B0CD85A080E
:104DB0000A4CA45CDA07F0D4042214410F222240EA
:104DC000092AECDC3032EBE7C0180023037010BD79
:104DD0006C6C041028930410746C04102859002083
:104DE00030B589B0040004AD0D2200212800FEF783
:104DF0006FF80D2200216846FEF76AF84B232B70EE
:104E00000D226946280041F02FF8002304E05A1DC6
:104E100069468A5CE2540133072BF8DD09B030BDE6
:104E200070B57F230340C509264C5E0076197601D4
:104E3000A419A0706842684160700020E07021836E
:104E4000E276012D1DD0D8001F4A944660441D4AC9
:104E5000590049194901521890601A4A59004919D4
:104E600049015218926800211160002B0FD1154A98
:104E70005B005B195B01D31800225A60134ADA60A9
:104E800070BDD800124A94466044A060E5E7012D49
:104E90000BD0591EC9000F4A94466144094A5B0071
:104EA0005B195B01D2185160EAE7591EC9000A4A32
:104EB00094466144034A5B005B195B01D218516060
:104EC000DEE7C046645200208400105000011050FC
:104ED000800010500C0010500800105010B5038BCB
:104EE0003F333F229343C27E022A08D008490A6812
:104EF000C260D3180B60074A934202D810BD5B0012
:104F0000F4E7054B054A06485221FFF75FF9C04612
:104F100068560020FF0F1050BC6E041088930410D8
:104F2000006F0410F8B57F250540C6096B009B197A
:104F30005B010E4C1C19FFF773FF002D00D1F8BD6B
:104F40000A4B6D00AD196D015D19298B2000FFF72B
:104F5000C5FFEB7E9B06E968054A4A401343802261
:104F6000120613436A681360E9E7C04664520020E2
:104F70000000105010B504007F202040E4094000DC
:104F800000194001024BC01800F026F910BDC046C0
:104F90006452002010B5002804D101210520FBF740
:104FA00089FE10BD034B044A98210448FF31FFF7E6
:104FB0000DF9C0466C6F041078930410006F041054
:104FC00010B5002805D1002200218020FFF7D2FF74
:104FD00010BD034B034AA2210348FF31FFF7F6F847
:104FE0006C6F041068930410006F0410024B802251
:104FF0005202DA647047C0460020115070B5041E9A
:1050000027D100F0C7F8164D0C23AB671549FF22D6
:105010000520FBF7B1FE144840220021FDF758FFA0
:10502000002240210020FFF77DFF00224021802048
:10503000FFF778FF40F0F0FF01232B6480239B05EE
:10504000EB649023094AEA502000FFF7CFFF0120CC
:1050500070BD074B074A64210748FF31FFF7B6F8D8
:1050600000001150D90600206452002010D0010029
:105070006C6F04109C930410006F0410044B1970A3
:10508000002904D0034A902380218902D15070471F
:10509000E35B0220002011500B785B0602D14B78B5
:1050A000052B00D070478A78014B1A60FAE7C0469A
:1050B0000000115010B5CA789207920F012A0AD049
:1050C00088780B794979090219434905490DFFF799
:1050D00029FF012010BD0020FCE710B540F09CFF27
:1050E00010BD000010B50400080011001A00002CCB
:1050F00003D1FFF73FFF012010BD034B034A81217D
:1051000003488900FFF762F86C6F0410589304108D
:10511000006F041010B57F23180008400B4205D122
:10512000CB09012B0ED00222074B9A66C909400019
:1051300040184001054BC01880221201002140F0A8
:105140004BFF10BD0122EFE70020115064520020F8
:1051500010B57F22100008400A4200D110BDC909D5
:10516000400040184001044BC0180023C3700022C7
:10517000024940F031FFF1E764520020FFF7FFFFE2
:1051800004E00A780270013101301A00531E002A2F
:10519000F7D1704710B580235B040A4A13600A4AAE
:1051A00013600A4B1A6880235B049343F9D1802271
:1051B000520100210648FDF78BFE064B09225A6773
:1051C00010BDC04600E0004000F0004008C00040B4
:1051D000000010500000115070B504000D001600C2
:1051E000837E002B17D1A6820023E3820133A376AE
:1051F0002561200040F0F8FE002804D00C4A9023DE
:1052000080218902D150200040F0FEFE00280AD003
:105210000123237770BD81780648FFF781F92000CC
:1052200040F0CAFEDFE7200040F0A6FEF2E7C046ED
:10523000002011505870041070B50500002408E0DB
:105240009B1A5B01164A9B18DB68280098470134BB
:10525000E4B2144B1A782300511CA1420DDBA24288
:10526000EED9114B1B6862019B18002BECD10F4942
:105270000F48104AFFF754F910E00F4C5422002158
:105280002000FDF725FE201D1022FF21FDF720FE46
:10529000200014302022FF21FDF71AFE70BDC04609
:1052A00018950410E25B022044420020E4940410AC
:1052B0009070041025020000F443002010B5FFF7A1
:1052C000BBFF00F069FE10BD70B505000C001600B4
:1052D000486900F06BFE636932000121280098479D
:1052E00070BD0000F0B5DE4657464E464546E0B577
:1052F00083B082460139C8B2FFF702FD002803D00F
:1053000043789946022B0CD056495748574AFFF725
:1053100007F9002003B0F0BCBB46B246A946A04640
:10532000F0BDC5796C110122514B1440240119784C
:105330001026B14321431970AD112A405201C9B260
:105340002024A1430A431A70060009368278C378E4
:105350001B02134383469B444B460193370066E090
:10536000FB7899463A78BF1868E03E493E48414A82
:10537000FFF7D6F80020CDE7009AD31A5B013E4E26
:105380009E1933692200390050469847082801D9F0
:10539000844216D20135EDB2384B1B7800955A1C69
:1053A000AA423EDBAB42E7D9354B1B686E019E1922
:1053B000002EE6D12B492C48324AFFF7B1F80020E5
:1053C000A8E73400009E00904B46012B11D000202E
:1053D000494681421BD9BB781B18DBB2244AD2183C
:1053E0001279FF2A0CD1224AD3181D710130C0B2A4
:1053F000EFE72169244A9142E9D1019B9946E6E70A
:1054000018491948214AFFF78BF8002082E7204805
:105410002B00009C2200390001F082FCA446674466
:1054200000E02E00154B1B7801339E420FDC5F45D8
:1054300015D27B780B2B93D0012399467A78042AD6
:1054400093D15B46DA1B93B200251C00A4E78522AA
:1054500004490548D200FFF763F800205AE701200D
:1054600058E7C046B894041090700410D6030000AA
:10547000F4430020F103000018950410E25B0220C1
:1054800044420020FA0300005D640010190400008B
:105490000844002070477047002070470020704784
:1054A00070B505000C00CB7888780F2B53D89A0084
:1054B0002E498A589746FFF71FFC021E05D012237B
:1054C0002100280000F01CFD46E0294929482A4A0D
:1054D000FFF726F800203FE0FFF7A0F9021E3CD0BE
:1054E0008178C3781B020B432100280000F008FDDF
:1054F00032E0022B0CD0FFF7D1FF021E2FD09178A3
:10550000D3781B020B432100280000F0F9FC23E0B4
:10551000FFF7F6FB021EF2D115491648174AFEF7AF
:10552000FFFF002018E02379617909021943FFF792
:10553000EBFB021E15D003782100280000F0E0FCF0
:105540000AE0FFF7A9FF021E0DD003782100280012
:1055500000F0D6FC00E0002070BD0020FCE7002039
:10556000FAE70020F8E70020F6E7C046B8930410F9
:10557000A0940410907004103A040000610400002C
:105580007047704770477047024B5878431E9841E8
:10559000C0B27047F4430020024B18784007C00F98
:1055A0007047C046F4430020034B1878FF38431E71
:1055B0009841C0B27047C046DC1E0020F8B5050017
:1055C0000F00FFF7F1FF061E48D1002F21D02E4813
:1055D00054220021FDF77CFC2C4B00221A702C4C2D
:1055E0002000FBF763FE2B4B1C602B4C2000FBF7CD
:1055F000ABFE143C200001F02AFF284B1C60284B16
:10560000002B04D02748FFF729F9274B1860002406
:1056100010E0E922254926485200FEF781FF1DE0EF
:105620009B1A5B01234A9B185B68002B10D098479C
:105630000134E4B21B4B1A782300511CA1420FDB4A
:10564000A242EDD9184B1B6862019B18002BEBD1CD
:10565000F822164916485200FEF762FF3000F8BDE6
:10566000154B1D7039002800FFF7C8FC061E03D03B
:105670002800FFF78FFCF1E7FC220C490C48520090
:10568000FEF74EFFEAE7C046F4430020E45B022049
:10569000EC43002048440020D41E00204C4400204D
:1056A0005D480010E25B022044420020089504108F
:1056B0009070041018950410DC1E002070B50D00C9
:1056C000104B1E788B7870221A420DD10E4B9978B0
:1056D000280001F0CFFA041E0DD029003000FFF79A
:1056E000E9FC0400200070BD08490948094AFEF79A
:1056F00017FF0024F6E705490548074AFEF710FFA3
:10570000F0E7C046DC1E0020F44300207094041033
:10571000907004100B0500000C050000F0B5D64693
:105720004F464646C0B581460C0017009846089B78
:105730009A46002517E018491848194AFEF7F0FE66
:1057400000263000E0BCBA46B146A846F0BD9D2216
:1057500011491248D200FEF7E3FEF2E7099A1370EE
:105760002378E4180135AF4214DD6378052BE2D1CC
:10577000E1788907890F4145DDD121004846FFF7CF
:105780009DFF061EE3D0A378DA09012AE6D052462F
:105790001370E5E70126D4E780940410907004109C
:1057A000E704000010B57F200840C90940004018F8
:1057B0003030044BC0180430034B196801F016FA5E
:1057C00010BDC046F44300204844002010B57F209F
:1057D0000840C909400040183030044BC01804305C
:1057E000034B196801F02AFA10BDC046F4430020AB
:1057F00048440020F0B5C64600B582B001931A486F
:1058000000787F250D40CE09184C6F00E419A419CB
:1058100030342479E4071DD4144C6F00E419A41922
:10582000303423790127BC4667463B432371019BF3
:10583000FFF758FC002813D10C4B6D005B199B1926
:1058400030331A7901218A431A711A7903318A4354
:105850001A7105E006490748074AFEF761FE002075
:1058600002B080BCB846F0BDDC1E0020F44300202E
:1058700060940410907004103905000070B50A4B54
:1058800018787F240C40CD09FFF744FC074A6400D8
:1058900013195B1930331A7902210A431A711A79E4
:1058A00001210A431A7170BDDC1E0020F443002060
:1058B00070B50A4B18787F240C40CD09FFF748FCDF
:1058C000074A640013195B1930331A7902218A439D
:1058D0001A711A7901398A431A7170BDDC1E0020D1
:1058E000F44300207F220A40C909044B52009B1850
:1058F0005B18303318798007C00F7047F4430020DD
:10590000F0B5C64600B582B005000C00002000F0DE
:105910004DFB237860221A40602A1AD0402A20D0FA
:105920002378DB06DB0E012B00D1D7E0022B00D160
:1059300017E1002B00D07DE1202A1CD0002A00D0E6
:1059400082E16378092B00D980E19B00C64AD358D5
:105950009F465532C549C6489200FEF7E1FD002634
:1059600069E1C44800F022FB220001212800FEF773
:1059700059FF06005FE123790F2B00D960E1BE4A91
:10598000D3181B79BD4A1278934207D2BC4A1168DA
:105990005B01C918002909D100264CE1511C99422C
:1059A00000DA4FE19B1A5B01B64959182200280022
:1059B000FFF78AFC06003EE1200000F0FDFAA17826
:1059C0002800FFF7FDFAAC4A137802210B4313704D
:1059D000012630E1A84B5B786A460632137001233A
:1059E0002100280000F08CFA012624E1A678A24BC1
:1059F0005B78DBB2B3422CD09F4B5B78002B0CD191
:105A00009D4B5E70002E22D031002800FFF76AFC0B
:105A1000061E12D0FFF7B4FD1BE000212800FFF79F
:105A20002DFB2800FFF759FB934FBB7898462800C1
:105A3000FFF702FC4346BB70E2E7C9228B498C4862
:105A40009200FEF76DFD8C4B00225A70F3E0FFF7D9
:105A500098FD2100280000F03FFA0126EBE021002C
:105A60002800FFF71DFD0600E5E0A278E3781B02A1
:105A70001343012B01D00026DDE07F4A1378082173
:105A80000B4313702100280000F026FA0126D2E013
:105A9000A278E3781B021343012B01D00026CAE051
:105AA000754A137808218B4313702100280000F0F9
:105AB00013FA0126BFE0704B1A78510992080123AE
:105AC0000B4002210A4013436A4606321380022328
:105AD0002100280000F014FA0126ACE023790F2BF6
:105AE00000D9B5E0644AD3181B79644A127893420E
:105AF00023D2634A11685B01C918002900D1A9E0CB
:105B000022002800FFF7E0FB061E00D093E0237878
:105B100060221A4200D08EE063780A3B012B00D944
:105B200089E0002000F042FA63780A2B0ED02100B1
:105B3000280000F0D1F901267DE0511C994200DADD
:105B40008AE09B1A5B014F495918D9E76B469A1DA9
:105B50000023137001332100280000F0D1F9013631
:105B600069E021797F200840CE0970230B4217D1CC
:105B7000414B40001B189B191B7D40480078834215
:105B800015D23F4806685B01F618002A19D0002E8E
:105B900064D0220031002800FFF796FB06004AE09F
:105BA00032493348384AFEF7BBFC002643E0461C26
:105BB0009E4204DB1B1A5B01324E9E19E5E700266C
:105BC000E3E76378012B10D0032B0ED0002B47D1D5
:105BD0002800FFF787FE6B469A1D108002232100E4
:105BE000280000F08DF9012625E0A078E278120265
:105BF000024304D1012B19D02800FFF73FFE002EED
:105C000030D0220031002800FFF75EFB002000F0BA
:105C1000CDF9194B35229B5CDB07DE0F002B0AD137
:105C20002100280000F058F9012604E02800FFF7C1
:105C30003FFEE4E70026300002B080BCB846F0BD6D
:105C40000026F8E70026F6E70026F4E70026F2E74C
:105C50000026F0E70026EEE70026ECE70026EAE75C
:105C60000026E8E70126E6E714940410CC9404101B
:105C70009070041025480010F4430020E25B0220DD
:105C800044420020189504109503000030B585B0FB
:105C9000FFF78AFC002808D105B030BD01AC2078A0
:105CA000FFF70CFB2279634B9A70634B1C686269A7
:105CB000EFF3108172B61368002BFCD0BFF35F8F37
:105CC000A16101A9200001F065FB6269A369BFF32E
:105CD0005F8F0021116083F310880028DCD001ABB6
:105CE0005B78082BE1D89B00544AD3589F4601AB00
:105CF0001878FFF7E3FAFFF744FCD6E7504B1B7820
:105D0000002B2DD04E4A1378013BDBB21370137871
:105D1000002BCAD1474B1A78012401210A431A707B
:105D20003422995CA1439954995C0420814399548D
:105D30000132995CA1439954995C8143995401AB18
:105D4000187802A9FFF7DCFD0028AED101AC20785D
:105D50000021FFF7DFF920788021FFF7DBF9A4E7C6
:105D600038493948394AFEF7DBFB95E701AB197929
:105D70007F220A40CC092F4B50001B181B193033CF
:105D800018790125A843187118790335A8431871AB
:105D9000002A15D0274B52009B181B191B7D2C4A3B
:105DA0001278934213D22B4A12685B01D318002B4E
:105DB00015D09C6901A84279039B0078A04774E73D
:105DC00001A84279039B007800F004F96DE7501CAC
:105DD000984204DB9B1A5B011F4A9B18E9E7A42247
:105DE000184919489200FEF79BFB55E7114B1B78A9
:105DF000DB0700D459E70F4B18780007C00FFFF7F7
:105E0000C1FB52E70B4B1B78DB0700D44DE7FFF7D4
:105E1000BAFB4AE7029B002B00D146E7039898475C
:105E200043E7044BDB78DB0700D43EE70298FFF73B
:105E300032FB3AE7F44300204C4400203C94041029
:105E4000E45B0220F89404109070041065020000D6
:105E5000E25B0220444200201895041010B5002394
:105E6000CB56002B05DB802100230022FFF7C2FC6C
:105E700010BD0021F8E70000F8B50500144B9F891C
:105E8000DE89BB1B9BB21C1C402B00D94024A4B252
:105E90000F4B1B785BB2002B08DB0021B74213D0FD
:105EA0000C4A23002800FFF7A5FCF8BDB74209D033
:105EB000074B9968402C09D806482200FDF70EF8D8
:105EC0008021EBE78021E9E70022EAE70020ECE708
:105ED000D44300209443002070B506000D00074C09
:105EE00008222000FCF7FAFF0023A360E381A381CE
:105EF00029003000FFF7B2FF70BDC046D443002038
:105F0000F0B5C64600B580460C0016001D001F4BBC
:105F100008221F001800FCF7E1FFBE600023FB8190
:105F2000A379E179090219430B1CA94200D92B1C62
:105F300099B2164A9381A279E3791B02134319D0CF
:105F4000002901D0002E08D04046FFF795FF041E1F
:105F50000AD0200080BCB846F0BD0D490D48722221
:105F6000FEF7DEFA0024F4E709490A487422FEF736
:105F7000D7FAEEE721004046FFF770FF041EE8D194
:105F8000034904487622FEF7CBFAE2E7D443002027
:105F9000709504109070041010B50348142200216D
:105FA000FCF796FF10BDC046D4430020014B18619A
:105FB0007047C046D443002010B50100044C0822AD
:105FC0002000FCF78BFF0023A360E381A38110BDB9
:105FD000D443002070B505001C00C909314B1B7863
:105FE000DB098B4216D0002C07D02F492F489D2269
:105FF000FEF796FA0024200070BD2A4C2100FFF71E
:106000004BF82369002B03D0264A03212800984728
:106010000124F0E7234B1B785BB2002B07DB214BFD
:10602000986800283CD022492200FCF757FF1D4AFF
:10603000D389A1B25B189BB2D38191680919916091
:10604000D288934201D03F2C1FD8164B1B69002BDE
:1060500005D0144A02212800984700280BD0114986
:106060002800FFF7FBFE041EC5D10F490F48C522CB
:10607000FEF756FABFE700212800FFF74BF8802112
:106080002800FFF747F80124B5E72800FFF7F4FEE2
:10609000041EB0D104490548CD22FEF741FAAAE713
:1060A0000024A8E7D44300205895041090700410F1
:1060B0009443002070B50400FFF766FA00280BD166
:1060C0000020002807D0214BC82262439B18DB78B0
:1060D000002B09D1002070BDFFF75EFA002801D126
:1060E0000130EEE70020ECE715001035174BED18F6
:1060F000280001F039F93F2801D80020EBE7134BC5
:10610000C82262439B18D9780020FFF74BFB002878
:10611000E1D0280001F028F93F280CD9E2010C4B0E
:10612000D2180A4BC82161435B18D978402300205C
:10613000FFF760FBCFE7054BC82262439B18D97875
:106140000020FFF743FB0020C5E7C046CC420020FB
:106150004842002010B50400FFF716FA002801D1CC
:10616000002010BDFFF718FA002808D1064BC822FE
:1061700062439B181B79DB0703D50130F1E7002050
:10618000EFE70020EDE7C046CC42002010B5C82361
:10619000434310330248181801F0B6F810BDC0464A
:1061A000CC42002070B50400C820604303001033C7
:1061B00007481818074B9A4208D892B201F00BF919
:1061C00005002000FFF776FF280070BD024AF5E7C2
:1061D000CC420020FEFF0000FFFF000070B505006C
:1061E000FFF7D2F9002804D10023002B09D10020A9
:1061F00070BDFFF7D1F9002801D10123F5E7002395
:10620000F3E7C8246C4320341F4BE4180434200007
:1062100001F07AF8002801D10020E9E71A4BC822E2
:106220006A439B1899780020FFF7BCFA002801D137
:106230000020DDE7EE014036144BF6184022310015
:10624000200001F0C8F8041E14D00F4BC8226A4386
:106250009B189978030032000020FFF7CBFA002842
:1062600001D02000C4E70A490A48D522FEF758F9B0
:106270000020BDE7044BC8226A439B189978002090
:10628000FFF7A4FA0020B3E7CC42002048420020E8
:10629000A09504109070041070B50500C824444304
:1062A00020340C4BE41804340B4B9A420BD892B2B6
:1062B000200001F0C7F80600200001F025F83F2873
:1062C00003D8300070BD054AF2E72800FFF786FFCB
:1062D000F7E7C046CC420020FEFF0000FFFF0000B1
:1062E00010B5C82358432030024BC018043001F0C9
:1062F0003BF810BDCC420020F0B5CE46474680B5F5
:1063000083B02648C8220021FCF7E2FD244B00227E
:106310001A700027002F04D003B0C0BCB946B046A5
:10632000F0BD1E4EC8247C433519FF236B71E12359
:106330005B02AB60002398462B736B730833AB731F
:10634000210038318919200010308019434600930C
:106350000133402200F09AFF210078318919200092
:1063600020308019043001230093402200F08EFF7A
:106370002300B8339946B1444846FAF797FFC03432
:10638000A4192000FAF792FF4346EB614B462B62BB
:106390002C6343466B630137FFB2BBE7CC4200205E
:1063A000C842002010B50023002B01D0012010BDF1
:1063B00019000D4AC82058431218106A146B00289F
:1063C00006D0094AC820584312180020D061106234
:1063D000002C06D0044AC820414352180021116302
:1063E00051630133DBB2DFE7CC42002070B50024FB
:1063F000002C00D070BD2500C8206043154BC0188C
:1064000005220021FCF764FD134B1B78DB070FD539
:10641000114B1B789B0713D5C820684320300D4BC8
:10642000C0180430012101F031F80134E4B2DFE793
:10643000C82060431030074BC01801F008F8E7E7A8
:10644000C82068432030034BC018043000F0FFFF21
:10645000E2E7C046CC420020C8420020F0B585B03B
:1064600003904B79022B63D18B79022B64D10027E7
:10647000002F07D0002F0FD18B7833700C780C19B8
:10648000092515E0C8237B432C4E9E19B378002BB9
:10649000F0D00137FFB2EBE7422229492948FF3209
:1064A000FEF73EF8002544E023785D19ADB2E4180C
:1064B0006378242B01D19542F6D9052B09D0637856
:1064C000042B02D163790A2B18D03800FFF7F2FDB4
:1064D0002FE021000398FFF7F1F8002806D0A378F9
:1064E000737023785D19ADB2E418E8E754221449BB
:1064F0001448FF32FEF714F800251AE021784D19F0
:10650000ADB26118B31C0193F31C00930223022265
:106510000398FFF703F9002802D00E35ADB2D4E797
:10652000B122074907485200FDF7FAFF002500E0B5
:106530000025280005B0F0BD0025FAE7CC42002078
:106540009495041090700410F8B51400127860232C
:106550001340202B00D084E00025002D0ED0002D0C
:1065600000D080E06378222B42D017D8202B1FD098
:10657000212B11D1012933D0012073E0C8236B43B3
:106580003D4A9E18D25C277963791B023B439A42AD
:10659000E5D00135EDB2E0E7002063E0232B05D123
:1065A00001294DD0032950D001205BE0002059E0A3
:1065B000012903D0032909D0012053E03200083219
:1065C00007232100FFF79CFC01204BE02B4B002B05
:1065D0004BD0310008312800FEF746F9012041E098
:1065E0003200083207232100FFF78AFC012039E03E
:1065F000012903D0032906D0012033E02100FFF751
:106600006BFC01202EE0A278E3781B0213430124E7
:10661000210019400C005A080127174033714B42E2
:106620005941C9B23000243000F030FF144B002B28
:106630001DD03A002100280000E000BF012011E039
:106640002100FFF749FC01200CE00E4B002B10D07D
:10665000A378E17809021943280000E000BF012077
:1066600000E00020F8BD0020FCE70120FAE701204F
:10667000F8E70120F6E7C046CC4200206948001048
:106680000000000000000000F0B5D646474680B587
:1066900083B001900F0000930024002C0FD0002C39
:1066A0001AD1A046EB78BB421ED0AB78BB4254D087
:1066B0000124200003B0C0BCBA46B046F0BDC825D6
:1066C00065433C4BED18EB78BB42E8D0AB78BB425E
:1066D000E5D00134E4B2E0E7E6223749374852001A
:1066E000FDF71EFF0024E4E710239A46AA44E101C7
:1066F000334BC9186B461A88504600F0A3FE314B45
:10670000002B1AD06B79FF2B17D0002600E0013642
:10671000009B9E4211D26A79294B4146C9015B1800
:106720009B5D9A42F3D1504600F003FE0028EED163
:106730006979200000E000BFE9E7234B002B04D07B
:10674000504600F0F6FD002803D02000FFF7B2FC11
:10675000ABE7200000E000BFF7E71C4B002B02D0A6
:10676000200000E000BF2000FFF738FD002801D026
:1067700001249EE72800243000F0C6FD002815D132
:10678000009B002B14D09E0601D0012491E7A9782C
:106790000198FFF707F8041E01D1012489E7A978C1
:1067A000002300220198FFF725F882E7012480E703
:1067B00001247EE7CC4200208495041090700410E0
:1067C000484200200000000000000000000000001F
:1067D000002817D10C4B9322920042439B182A3376
:1067E000FF331B78002B09D1074B932292004243C1
:1067F0009B185B79002B03D0013004E0012002E0FC
:10680000002000E0002070479845002010B50028C7
:1068100001D0002010BD932189004143024BC918CB
:10682000043100F003FBF5E798450020F0B5D646AB
:106830004F464646C0B584B02148932292000021BD
:10684000FCF746FB0025002D05D004B0E0BCBA469D
:10685000B146A846F0BD9324A4006C4323004933FD
:10686000FF33174A91464B440433EE01154A9246D2
:10687000B21820002930FF30484440218846039157
:10688000029280277F0001970093002300220021BD
:1068900000F059FA230020334B4408334036564465
:1068A0002000484404304246039202960197009328
:1068B00000233F3A002100F046FA0135EDB2C2E76D
:1068C000984500201845002070B50025002D01D006
:1068D000012070BD9324A4006C4320002930FF30B8
:1068E000054E801900F060FAA019043000F05CFA3F
:1068F0000135EDB2EAE7C04698450020F0B5C6463E
:1069000000B50025002D02D080BCB846F0BD932410
:10691000A4006C430C4B9846E61800273770200003
:106920003130FF30404400F092FD083420004044F4
:10693000043000F08CFD33002A33FF331F70777171
:106940000135EDB2DEE7C04698450020F0B5C646F9
:1069500000B582B001900F004B79FF2B00D08CE086
:106960000C780C19A5180026002E01D0002085E017
:106970003000FFF72DFF002802D00136F6B2F3E712
:1069800093239B0073433F4A98469044BB7842460A
:10699000137033E0AC426DD221000198FEF78EFEF9
:1069A000002836D00136F6B2A378DB09012B37D0A8
:1069B00040463130FF3000F04AFDA1789422520069
:1069C00043469B185970217963791B020B435B0581
:1069D0005B0D2D498C46634459424B415B00414657
:1069E000895C022081430B4341468B5489180198EE
:1069F00000F05EFA002836D02378E4183B79B342E1
:106A000038D96378052BC5D0AC42C3D22378E418BB
:106A1000F7E71E491E48E022FDF782FD00202DE029
:106A200040460C3000F013FDA378424653712279A2
:106A300063791B0213435B055B0D134A9446634461
:106A40005A4253415B004246127902218A43134362
:106A5000424613710B4BD31A9B100E485843C0B2D9
:106A6000FFF7D4FEC8E709490948E822FDF758FDB9
:106A7000002003E0E01B80B200E0002002B080BCF8
:106A8000B846F0BD9845002000FEFFFFB895041001
:106A9000907004109B1DB508F0B583B006001D0072
:106AA0000024002C0CD0002C57D101942A23FF3352
:106AB000FB5C8B4215D07B798B4236D001204DE0B8
:106AC00093239B006343264FDF193B002A33FF3398
:106AD0001B788B42E7D07B798B42E4D00134E4B25F
:106AE000DFE73B003133FF339B88002B12D11D4B76
:106AF000002B07D0019BD9011B4BC918AAB220005B
:106B000000E000BF39002931FF31300000F0D0F93A
:106B1000012023E03B002933FF335968AAB2380033
:106B20003130FF3000F08EFCE1E7104B002B04D039
:106B30002904090C200000E000BF3C1D21003000AA
:106B400000F074F9002801D0012007E02A0021009C
:106B5000300000F02BF9012000E0002003B0F0BD70
:106B600098450020000000001845002000000000AB
:106B700010B582B000290AD001281DD80B78002B4F
:106B80001AD0174A1354012B1FD001241AE00123F5
:106B90006A4613710023537101A90020FEF70EFD10
:106BA000041E03D00E4B01221A700BE00D490E4853
:106BB0004722FDF7B5FC05E00A490B485A22FDF7CC
:106BC000AFFC0024200002B010BDFEF7F7FC041E4D
:106BD000F8D1044904485F22FDF7A2FCF2E7C04661
:106BE000E8430020389604109070041070B504003B
:106BF0000D000378DB07D80F002B1DD123785B072E
:106C0000DE0F002B19DB0121494228003FF09CF9DF
:106C10002378DB07DA0F002B07D123785B0709D431
:106C20002378042213432370012628003FF024F91F
:106C3000300002E01600F8E7002070BD70B50600D5
:106C40000C000121494220003FF07EF933785B07B8
:106C5000DD0F002B04DB20003FF00EF9280070BD93
:106C60003378DB0704D43378042293433370F2E79C
:106C70000025F0E710B5027943791B0213435B0549
:106C80005B0DC2789207920F022A14D0032A2DD0EE
:106C9000012A3CD1022904D01E4A9A4204D3012081
:106CA00036E08022D200F8E71B491C48D122FDF7CC
:106CB00037FC00202CE0022903D0402B0FD8012004
:106CC00026E080229200934201D1012020E0124967
:106CD0001248293AFF3AFDF723FC002018E00E493C
:106CE0000E48DB22FDF71CFC002011E0022904D035
:106CF00040229A4204D301200AE08022D200F8E721
:106D000005490648E122FDF70BFC002000E00020C9
:106D100010BDC046FF0300002496041090700410BC
:106D200030B58A1801E00C78091991420AD24C78E2
:106D3000052CF8D18D787A342C4064000419ED09C3
:106D40006355F0E730BDF0B585B0040003920AAAA0
:106D500040CA17880DAA158801220A40017801202F
:106D600081431143217020000830009301233A0031
:106D7000310000F08BFA002E01D0002F05D10C9BC2
:106D800063606580012005B0F0BD26001C36300030
:106D9000FAF78CFA039B002B04D0330000266361C2
:106DA000A661ECE70023FAE701207047F8B506007A
:106DB0000C0015000B789B0711D58027BF00200021
:106DC000083000F0A1FA002825D1002D25D0013F80
:106DD0003D4224D12378DB0703D500201CE0402767
:106DE000EDE761783000FEF7DDFC0028F5D0237870
:106DF000DB0707D5B5220B490B485200FDF790FB86
:106E0000002009E06178002300223000FEF7F2FC48
:106E1000002801D1EEE70020F8BD0020FCE70020AB
:106E2000FAE7C046009604109070041070B5050093
:106E30000C000E000836300000F066FA002830D052
:106E40002378DB0701D5002070BD61782800FEF7AC
:106E5000A9FC0028F7D061686288300000F0BBFA16
:106E6000061E14D02378DB0707D5BC220E490F4835
:106E70005200FDF755FB0020E6E7626861780300E9
:106E80002800FEF7B7FC0028EFD03000DCE72378BD
:106E9000DB0701D50020D7E761782800FEF796FCD4
:106EA000F8E70020D0E7C046E49504109070041085
:106EB000F8B505000C008B89002B22D10B78DB077D
:106EC00001D50020F8BD4978FEF76CFC0028F8D009
:106ED00063882278D20707D5D9223049304852003A
:106EE000FDF71EFB0020EDE76178002B07D06268FC
:106EF0002800FEF77FFC0028EED06088E2E7002241
:106F0000F6E70B789B070DD58026B60027000837DB
:106F1000380000F029FA86423ED82378DB0703D5F3
:106F20000020CFE74026F1E761782800FEF73AFC21
:106F30000028F5D0380000F017FA864222D87642B1
:106F4000B6B262883040031C80B2904200D9131C54
:106F50009EB22378DB0707D5C82210491048FF32BC
:106F6000FDF7DEFA0020ADE76178002E08D06268F8
:106F700033002800FEF73EFC0028EDD03000A1E7EA
:106F80000022F5E72378DB0701D500209AE7617836
:106F90002800FEF71BFCF8E7002093E7C8950410D3
:106FA0009070041003008A1890B2814202D85A00EF
:106FB000904203DB5B009BB2C01A80B2704770B591
:106FC00005000800AC889A420BD3D11A89B2002977
:106FD0001ED08C4210D2944209D8121B93B26B81FE
:106FE0000AE0D11A89B26600891989B2EFE7A218BE
:106FF00093B2F4E71B1B9BB29C42FBD92968EA8839
:107000005204520C5343C918FBF768FF012070BDAE
:107010000020FCE7F8B5CE46474680B505008C4613
:1070200008A909788488E01A80B21C1B1419A4B23C
:10703000EF887F047E0C07007743BFB27443A4B28D
:10704000A1462C68A04673434344002906D19042D0
:1070500008D3724319006046FBF740FFC0BCB94635
:10706000B046F8BD3A00190064462000FBF736FF31
:107070002968E0194A46FBF731FFEFE7F0B5C6464D
:1070800000B582B01E0008AB1B8809AC2778848845
:107090009E420FD3F51AADB2002D1FD0AC4205D2DF
:1070A000B44210D8331B9BB24381250095420FD3C5
:1070B00015000DE0F51AADB2A8466500AC46454690
:1070C0006544ADB2E8E7A619B3B2EDE71B1B9BB26E
:1070D0009C42FBD900972A00FFF79CFF280002B0D2
:1070E00080BCB846F0BDF0B583B004000D001600BA
:1070F0001F000069002803D0012149423EF024FF0F
:1071000023899BB2628901970092320029002000F6
:10711000FFF7B4FF0500618989B2A0882A00FFF754
:1071200041FF60812069002801D03EF0A5FE2800C3
:1071300003B0F0BDF8B5CE46474680B505008C4695
:1071400008A90878AC88E11A89B21C1B1419A4B2EA
:10715000EF887F047E0C0F007743BFB27443A4B264
:10716000A1462C68A04673434344002806D19142AF
:1071700008D3724361461800FBF7B0FEC0BCB946A5
:10718000B046F8BD3A00644621001800FBF7A6FEA1
:107190002868E1194A46FBF7A1FEEFE7F0B585B094
:1071A00006000391151E029300D16DE0C06800280F
:1071B00003D0012149423EF0C7FE3489A4B271894F
:1071C00089B2F379DB091AD1B3888C420FD3611AE3
:1071D00089B28B4211D95B1A9BB22F1C9D4200D9F8
:1071E0001F1CBFB2002F47D0B288230035E0611AC0
:1071F00089B25A00891889B2EBE70023EDE7B78816
:10720000AF420ED8029B002B21D1ED1BF3885B040B
:107210005B0C6B43039A94469C44634603930C00B7
:10722000E0E78C420DD3631A9BB25B197A0093425C
:107230000FDB7A1B92B23800FFF7B4FE04002F0078
:10724000D0E7631A9BB27A009B189BB2EDE70C0063
:10725000C8E72F00C6E79B1A9BB29A42FBD9029A55
:1072600000923A0003993000FFF764FFB0883A00BB
:107270002100FFF797FE3081F068002801D03EF032
:10728000FBFD380005B0F0BD1700FAE7F0B583B09C
:107290000400019116001D0008AB1F7880231B021B
:1072A0009A422DD8C068002803D0012149423EF0FF
:1072B0004BFE2069002803D0012149423EF044FEE4
:1072C000019B2360A6806D046B0CE588ED0BED033C
:1072D0001D43E580FB01E2797F2717401F43E771DB
:1072E000002363812381E068002801D03EF0C4FDC3
:1072F0002069002806D03EF0BFFD012003B0F0BD9C
:107300000020FBE70120F9E7818803899BB24289CD
:1073100092B2934207D39B1A9BB2081C994200D9A0
:10732000181C80B270479B1A9BB24A009B189BB2F4
:10733000F3E703894089181A43425841C0B27047A5
:10734000818803899BB2428992B2934206D39B1AE9
:107350009BB200208B424041C0B270479B1A9BB247
:107360004A009B189BB2F4E7828803899BB241894B
:1073700089B28B4206D35B1A9BB29A4208D9D01AC3
:1073800080B270475B1A9BB251005B189BB2F4E766
:107390000020F6E770B504000D000069002803D056
:1073A000012149423EF0D0FD228992B263899BB20D
:1073B00029002000FFF703FE0500618989B2A0883B
:1073C0002A00FFF7EFFD60812069002801D03EF020
:1073D00053FD280070BD10B50023FFF784FE10BDDB
:1073E000F8B504000E00C068002803D0012149420E
:1073F0003EF0AAFD2589ADB22000FFF7A1FF0028CD
:1074000002D0E779FF0916D0A2882B0001E09B1A71
:107410009BB29A42FBD92068E2885204520C534333
:10742000C0183100FBF75AFDA08801222900FFF7A0
:10743000B9FD20810127E068002801D03EF01CFD45
:107440003800F8BD10B50023FFF7A8FE10BD10B539
:107450000400C068002803D0012149423EF074FDB9
:107460002069002803D0012149423EF06DFD002330
:1074700063812381E068002801D03EF0FDFC206993
:10748000002801D03EF0F8FC012010BD70B50400CA
:107490000D00C068002803D0012149423EF054FD90
:1074A0002069002803D0012149423EF04DFDED0145
:1074B000E3797F2119402943E171E068002801D078
:1074C0003EF0DAFC2069002801D03EF0D5FC012016
:1074D00070BD0000074B83420AD0042301229A406A
:1074E000054B1A60054B1B6811009943FAD1704790
:1074F0000323F3E7E01E002000F0004008C0004036
:10750000F0B5DE4657464E464546E0B587B0070023
:1075100093461800039310AB1A780592119D129AA6
:1075200090463B680022DA663B6859603B6801324E
:10753000DA660290002399460493002600242DE089
:107540003B79002B39D0012337E0059A002A01D07E
:10755000002236E0012234E000214046A847060020
:107560000443E4B2002E06D13B685B6BDB0602D419
:10757000002DF1D1F6E7002E09D13B6880229A5800
:107580000492002A28D1002C39D1CA4527D0002CDA
:107590003DD101239C46E144019B9B46029B9945BA
:1075A00035DA039B013B9A46002D02D0012140466B
:1075B000A8474B46002BC3D000239B02CA45C4D02A
:1075C0000022520213435A46013201925A46117860
:1075D0003A680B431361CBE75B6D01240FE0059B19
:1075E000002BD4D10BE000214046A84706000443FD
:1075F000E4B2002E06D13B685B6B9B0502D4002DE4
:10760000F1D1F6E7002EC2D13B681B6EBFE7002C1C
:1076100008D0002E10D1049A002A11D0D30713D419
:10762000130715D5059B3B71484607B0F0BCBB4618
:10763000B246A946A046F0BD02235B429946F1E757
:1076400001235B429946EDE701235B429946E9E756
:1076500001235B429946E5E7F0B5DE4657464E46C4
:107660004546E0B585B005009246180003930EAB81
:107670001A7891460F9E109A90462B680022DA667F
:107680002B6859602B680132DA66029000270023CC
:10769000019300244346B8461F00029B984545DAF3
:1076A000039B013B9B46002E02D001213800B047CE
:1076B0002B685A6F102AFBD04246002A0BD00022BA
:1076C0009202C3450CD0002149020A43802149009F
:1076D0000A431A611BE02A79002AF1D00122EFE760
:1076E0004946002901D00021EEE70121ECE75B6D5E
:1076F0000124002E05D000213800B047019004433A
:10770000E4B2002C14D12B689A6F002A06D12B68A2
:1077100080229A585A6B5206EBD5E8E71B6952460D
:10772000137001239C46E044E244B6E7474600E07C
:107730004746002C04D0019B002B0BD002277F4230
:107740004B462B71380005B0F0BCBB46B246A9468B
:10775000A046F0BD01277F42F2E70000F0B5D64613
:107760004F464646C0B505000C000520FAF710FC50
:107770000600600880192100FAF78EFE070043001A
:107780009946814405214846FAF786FE80463B1A11
:107790009A46274B9C4225D8700080192549FAF754
:1077A0007BFE441C4346023BA34222D32B680022AB
:1077B000DA662B6819680432514002320A4080218F
:1077C00049018C4663441A602B685246DA612B6883
:1077D00042461A624B464F2B11D950214846FAF7C0
:1077E0005BFE0DE0700080191349FAF755FE441C4A
:1077F000D8E7124B124A13485D21FCF7E7FC012041
:107800002A68A023D0502B68DA6F54402404240C3B
:107810000D4A944663441C602B680122DA663900E5
:107820003000FAF739FEE0BCBA46B146A846F0BDD2
:107830003F420F008096980040787D01A8700410A8
:107840004C960410C87004107C10000070B5040041
:107850000D00114B98421DD00422012393400F4A82
:1078600013602000FFF736FE002323712268D366E1
:1078700022686621FF3111602268D3632268936316
:10788000226888336339FF39D15029002000FFF77F
:1078900065FF70BD0322E0E7E01E002000E000402D
:1078A00030B585B008AC2578002402940194009589
:1078B000FFF726FE05B030BD30B585B008AC2578A1
:1078C0000024029401940095FFF7C6FE05B030BD78
:1078D000014B18607047C046E4470020014B186810
:1078E0007047C046E447002000B583B0684600F00A
:1078F0003FFD0448694600F041FD002800D00148E2
:1079000003B000BD8029002010B5FFF7E7FF040099
:1079100000F074FA054B9C4200D010BD23685B6BED
:10792000200098470020FFF7D3FFF6E780290020CA
:1079300010B5FFF7D3FF041E06D0200000F042FA76
:10794000002808D0002010BDFFF7CEFF041E07D08E
:10795000FFF7BEFFF1E7FFF7D7FF01204042F2E754
:1079600001204042EFE7000070B50500154BC458F8
:10797000002C14D02168002906D06368A268124840
:1079800000F0D6F8002323600C202056002807DAE8
:107990000D20205600280CDA0A4B0022EA5070BD58
:1079A00000F0DEF80C20205600F0D0F8FF232373FF
:1079B000EEE700F0D5F80D20205600F0C7F8FF23C1
:1079C0006373E9E74C08000060960410016000232F
:1079D00083600373012242738373038200228274E3
:1079E000C274014A835070474C08000010B5FFF77D
:1079F000BBFF10BD70B50400D0252D0680235B04AD
:107A0000AB62002200211820F8F736FF80263604EA
:107A10006E62002200211720F8F72EFFAE612100D0
:107A20002000FFF7D3FF002385221201A3540B4A45
:107A3000A3500B4AA3500B4AA3540B4AA3540B4A1E
:107A4000A35405320321A154094AA354094AA3545B
:107A5000094A1360094B0122E25470BD5808000026
:107A60005C080000690800006A0800006B0800005C
:107A700071080000720800004849002068080000F2
:107A800010B5040000F0EEF90B4B1B68002B10D072
:107A90000021200000F0FAF90121200000F0F6F9A1
:107AA0002000FFF7A3FF2000FFF7A4FF00F0E4F998
:107AB00010BD00F0E1F9FBE74849002010B5054B87
:107AC0009C466044000D800041180348F9F702F815
:107AD00010BDC0460000E0AF1849002070B504009A
:107AE0000B7901259D40013D9540F8F79BFF0B4B1D
:107AF000E3181B0D0A4A99008A5829001140A9422F
:107B000006D107499B00AA435A50F8F797FF70BD6A
:107B1000044B054A0548CB21FCF758FB0000E0AFB9
:107B20001045002074710410749604103471041010
:107B300070B50C0015001A0001002000FFF7CEFF01
:107B400029002000FFF7BAFF70BD000010B501004A
:107B5000024B1800F8F7BEFF10BDC046E05B0220E4
:107B600010B58201144BD118C30209684B40134968
:107B70000B4013498C4662441360002307E01A014E
:107B8000012181400F4CA446624411600133012B56
:107B9000F5D901228240A021C9050B4BCA508301AF
:107BA000A021C9058C466344DB68DB01F7D4802340
:107BB000DB00CA5010BDC046100000500178000024
:107BC00010100050043400504404000010B50C4B59
:107BD0001B68834207D10B4B99420AD103685B6A49
:107BE0000949984710BD094B094A0A487021FCF71A
:107BF000EDFA094B064A07487121FCF7E7FAC0463F
:107C000044490020F81E0020E81E0020C471041022
:107C1000B0960410E471041030720410F0B5C6463A
:107C200000B506000F009046FAF758F804000D0062
:107C3000FA229200002340460021FAF7FFFF2418A1
:107C40004D41002D09DBBC60FD6033685B69390084
:107C50003000984780BCB846F0BD01246442014D15
:107C6000F1E7C046FFFFFF7F10B50400D0231B06DD
:107C70001A68134B1B689B7E9A4215D1114B1B68E7
:107C8000002B10D0104A1268002A02D00E49013A87
:107C90000A6098470C4B1B68002B0BD123689B692B
:107CA0000A492000984710BD094B0A4A0A4860213A
:107CB000FCF78CFA054932222000FFF7AFFFF2E70C
:107CC00044490020484900204C490020F81E00206B
:107CD00050720410CC960410E471041010B5020028
:107CE00002211820F8F7E4FD10BD000010B5D023E4
:107CF0001B061A680C4B1B689B7E9A420ED10B49DF
:107D0000802040224004F8F7FBFD0120FFF7E6FF4A
:107D100001210D20F8F7CEFF002010BD044B054ACD
:107D200005484121FCF752FA444900203D7D0010EE
:107D300050720410DC960410E471041010B5D023C6
:107D40001B061B68002B04D0084BDB6A9B0702D480
:107D500010BD074BF9E70020FFF7C0FF054B18687F
:107D600003685B6A04499847F2E7C0463041014026
:107D70000041014044490020E81E002010B5D023F6
:107D80001B061A680A4B1B689B7E9A4209D1002089
:107D9000FFF7A4FF074980204004F8F7D1FD002039
:107DA00010BD054B054A06484B21FCF70FFAC046AB
:107DB000444900203D7D0010507204109C96041030
:107DC000E471041010B504000848FFF713FE084BD7
:107DD0001C6023681B69074900222000984723681C
:107DE000DB69054920009847012010BD504900205B
:107DF00044490020ED7C0010E81E002010B504006E
:107E0000104B1B68002B16D0834215D103689B6969
:107E10000D49984723681B6A0C492000984723683E
:107E20001B690B490022200098470A48FFF728FEEB
:107E3000044B00221A6010BD074B084A0848D221A3
:107E4000FCF7C4F944490020F81E0020E81E002079
:107E50007D7D001050490020C471041088960410E4
:107E6000E471041010B5034B186803685B68984709
:107E700010BDC0464449002010B5034B1868036884
:107E80009B68984710BDC04644490020704770B5B4
:107E900005000C008B69C869984720622B681B6A33
:107EA000210028009847200010303DF0D5FF70BD1C
:107EB00010B530303EF030F810BD000010B50300B2
:107EC00030331B7A002B05D0446B00F007FDA04235
:107ED00000D110BD0148F8F78DFDC0460C610410BB
:107EE000D0B584B00400FFF7E9FFA27ED0231B06C3
:107EF0001B689A4231D02C4B2C4A2D48FE21FCF7AE
:107F000065F9002B29D1002A34D126E09F4236D1D1
:107F1000636C002B01DC04B0D0BD616C206AF9F702
:107F200017FD00236364F6E7636C002B37DCA66261
:107F3000E7624E230122E254206A00230293019457
:107F40001C4B009332003B00F9F7CCFC6064636C7F
:107F5000002BE0DC4E230022E254200000F0EEFA79
:107F600006000F00F9F7BAFE32003B00121A8B41EF
:107F7000002BC6DD104B1A685B689642C6D04E23B4
:107F8000E35C002BD0D0A26AE36A30003900801A8B
:107F900099410029BFDCC7D10028C5D0BBE7616C7F
:107FA000206AF9F7D5FCC2E7907204108897041094
:107FB000B8720410E5800010008F041010B582B074
:107FC0000400827ED0231B061B689A4211D0816C6C
:107FD000002913DC206A01940A4B0093002200233D
:107FE000F9F72EFCA06420003C303DF035FF02B0D4
:107FF00010BD4D23C05CF8F767FEF4E7006AF9F79F
:10800000A7FCE7E7E580001070B5040003003033FB
:108010001B7A012B07D00025200030303DF0C4FF33
:10802000002D0ED170BD827ED0231B061B689A42A4
:1080300003D000F0A3FA0500EEE7FFF751FF00259B
:10804000EAE72000FFF7BAFFECE70000F0B58BB0DD
:1080500004000F001600857ED0231B061B689D427E
:1080600029D0456B00F03AFCA8421ED02422002102
:1080700001A8FAF72DFF154B0293079708960122E6
:10808000002105A8F9F7FAF82368DB6901A92000A7
:10809000984723685B6A01A92000984705A83DF02E
:1080A0002BFF099D28000BB0F0BD094B094A0A4877
:1080B0009421FCF78BF830303DF02EFF3000B847AC
:1080C00005002000FFF7A0FFECE7C0468F7E001000
:1080D0001C7304109C970410B872041010B5FFF7BD
:1080E00093FF10BD10B5080000238B644E228B5403
:1080F000FFF764FF0020002110BD10B501230B72B3
:10810000FFF75CFF10BD000070B504004D23C05C9C
:10811000002812D0D0231B061B68A27E9A420DD1E4
:108120000021F8F7C7FD4D25605D0749F8F730FFDE
:10813000605DF9F781F80023635570BD034B044A75
:108140000448B721FCF742F8C181001064730410A1
:108150001C970410B872041070B50400D0231B06DD
:108160001B68827E9A4216D1FFF7CEFF636C002B0C
:1081700017DC4C23E35C002B18D125003035280098
:108180003DF0CAFE28003DF00FFF502200212000E4
:10819000FAF79EFE70BD074B074A0848ED21FCF731
:1081A00015F8616C206AF9F7D3FBE2E7206AF9F76A
:1081B0000FFBE2E78C73041030970410B8720410C0
:1081C00070B5EFF305832A3B052B19D8154A9B00A0
:1081D0009C58002C13D0A27ED0231B061B689A4209
:1081E00015D125003035002128003DF065FE00281E
:1081F00005D02B7A012B11D028003DF0D5FE70BDA3
:10820000094B0A4A24210A48FF31FBF7DFFF094BDB
:10821000064A932106484900FBF7D8FF2000FFF7E4
:108220005FFEE9E7E8470020B473041000970410EC
:10823000B87204109072041010B53C303DF0F4FE9A
:1082400010BD10B510001900EFF30583002B02D00C
:10825000F9F756FD10BDF9F7C1FBFBE770B5040057
:108260000D0030303DF058FE2900200000F0F6F8F7
:1082700005002000FFF7C8FE280070BD70B504009F
:108280000D0030303DF048FE2900200000F0D8F805
:1082900005002000FFF7B8FE280070BD70B504008F
:1082A0000D0030303DF038FE2900200000F0BAF813
:1082B00005002000FFF7A8FE280070BD70B504007F
:1082C0000D0030303DF028FE2900200000F09CF821
:1082D00005002000FFF798FE280070BD10B50400CF
:1082E000F9F788FC2100F9F759FA10BD70B50400C0
:1082F0000D00D0231B061B68827E9A421DD10020F0
:10830000F8F7A6FF002824DB4D23E05403001A3BB6
:10831000052B18D8104A9B009C501049FF23184089
:10832000F8F700FD4D26A05D0121F8F7C3FCA05D24
:108330002900F8F7F3FE012070BD094B094A0A48ED
:10834000A821FBF743FF094B064A0748AD21FBF77D
:108350003DFF0020F0E7C046E8470020C181001043
:1083600064730410EC960410B8720410B473041013
:10837000FF230370002343607047000070B50400C2
:108380000D0050220021FAF7A3FD1B4B23600323AD
:108390002383D0231B061B68A3766B68002B15D0A4
:1083A0002362A67E206AF9F717FB86421ED12000C1
:1083B0003C3001220121F8F761FF20003030F8F74E
:1083C00083FF29782000FFF791FF70BDF9F7D0F9FE
:1083D0002062A67EF9F700FB8642E2D00420FFF778
:1083E0007DFF20624C230122E254DAE7034B044A6A
:1083F0000448DE21FBF7EAFED0970410E473041072
:108400005C970410B8720410083000E0180003688C
:10841000002B03D08B42F9D1002002E001600B60F9
:1084200001207047083000E018000368002B05D0D9
:108430008B42F9D10B680360012000E000207047F7
:10844000043000E018000368002B03D08B42F9D100
:10845000002002E001600B6001207047043000E062
:1084600018000368002B05D08B42F9D10B6803601C
:10847000012000E000207047F8B504008368002B5D
:108480002BD0F9F72BFC06000F0008239C46A444D0
:10849000002008E0834217D1124B134A13484221AF
:1084A000FBF794FE8C4663461968002910D08A6851
:1084B000CB6834003D00A41A9D41002DF2DB0C482E
:1084C00004684068A242E5D016001F006046E9E754
:1084D000002804D003681A6802601800F8BD030081
:1084E000FBE7C04624740410089804104874041074
:1084F000008F0410F0B583B00F4B1C685D68836873
:1085000004E0002B01D1002A0FD10B00002B0FD06B
:1085100019689E68DF6822002B00921BBB41009205
:108520000193009A019B002BEBDD34003D00ECE74A
:108530000461456103B0F0BD008F041070B5050003
:1085400002E04B68280098472800FFF795FF011EBE
:10855000F7D16C6800E02468002C09D0237A002B46
:10856000F9D0002323726368210028009847F2E7BE
:108570002800FFF7BFFF2869696970BDF0B5C646DE
:1085800000B58046F9F7AAFB06000F0043469B683A
:10859000002B0BD0002B09D09C68DD6831003A001D
:1085A000091BAA41002A0DDA1B68F3E743465B6802
:1085B00000E01B68002B03D0187A0028F9D002E0F5
:1085C000002000E0012080BCB846F0BD0123084A2D
:1085D0001360084A1360084B1A6801239343FAD1C9
:1085E000064B01221A60054B1B68DB05FBD5704763
:1085F00000E0004000F0004008C0004000C004401F
:10860000104A53071BD0D11D0723994380239B0297
:108610005B1A9B180A000C48026000214160D318C5
:10862000083B072083430948036059601960991A81
:1086300051601360064B1960064B19607047802328
:108640009B02E8E7485B0020B45B022090560020C4
:10865000885B0220845B0220F8B5041E10D0030062
:1086600009330CD8083407231A002240234207D0CC
:1086700001339B1A093AA2422AD3E41800E00024ED
:1086800000F050FE484B1B68002B23D0002C00DA72
:108690007AE000D17AE0454B1868A04200D277E03A
:1086A000434B1A68434B9A4217D3434B9A4214D810
:1086B0003F495368A3421CD21368002B19D03D498F
:1086C0008B4210D311003C4A93420CD81A00F0E7B9
:1086D0000024D5E7FFF794FFD8E7384B384A3948EC
:1086E000F521FBF773FD354B354A3648FB21FBF787
:1086F0006DFD2D4B1B6893424CD00D6808352D4BFA
:108700009D422CD32C4B9D4229D813680B60536893
:10871000A3422BD31B1B102B07D9161977072CD17B
:10872000736054600B6833600E605168401A1F4BD1
:108730001860254B1B68984201D2234B1860802398
:108740001B060B43536000231360204A1368013358
:10875000136001F09DF96B071ED12800F8BD1C4B7A
:10876000174A06211748FF31FBF730FD194B144A11
:108770000E211448FF31FBF729FD174B104A8B21BE
:1087800010484900FBF722FD0025E2E70025E0E75D
:108790000025DEE70025DCE7104B094A582109488F
:1087A000FF31FBF713FDC04690560020845B02208A
:1087B000B45B0220485B0020475B02207C750410FC
:1087C0003898041018750410885B0220945B02200E
:1087D000F0750410687604109C760410D0760410AE
:1087E00070B504000D00F9F779FA241A8D412000C4
:1087F00029000A4A01235B4280185941002906DCFE
:1088000001D0002070BDFA239B009842F9D3FA22D0
:1088100092000023F9F766FEF4E7C04618FCFFFF5C
:1088200010B5D0231B061A680A4B9200D358002BB0
:1088300008D1094B802252051A60BFF34F8FBFF356
:108840006F8F10BD054B064ACC210648FF31FBF760
:10885000BDFCC0461859002004ED00E00C77041060
:10886000B098041040770410D0231B061B68084AF8
:1088700099008958002909D09B0000209850054A8A
:108880009B58BFF35F8F086083F3108862B6704710
:1088900018590020505B0220EFF3108072B6704729
:1088A00080F310887047000010B5D0231B061B68AA
:1088B000834204D0D0231B0600225A6510BD034B0F
:1088C000034A04480449FBF781FCC046B077041012
:1088D000A4980410407704101E02000010B50A4B43
:1088E0001B78FF2B0CD0EFF30580002805D0D02398
:1088F0001B061B684000C01810BD00F0D1FEFBE74E
:10890000D0231B061868F7E7101F002010B582B0AF
:10891000EFF30583DBB2002B28D1224B1B78FF2B12
:108920002AD0D0231B061B681F4A9C00A258002A8D
:108930002BD10468002C2ED01B4A9B009C501B4A54
:10894000995003681A4A944663449B100121994048
:108950000B021943090A174B186801235B42009365
:108960000023012200F02EF902B010BD124B134A71
:1089700013481449FBF72AFC0368BFF35F8F0022FA
:108980001A6081F3108820BFEEE70F4B0B4A0C48AA
:108990000E49FBF71BFC0E4B084A09480D49FBF733
:1089A00015FCC046101F002018590020505B022003
:1089B00000FFFF2F805B0220D47704108098041002
:1089C00040770410FF0300000C7704100904000036
:1089D000407804100E04000010B582B00C0002684C
:1089E0001B4B9C4662449210012393401A0213438E
:1089F000190A184B1B78FF2B20D040BF0368BFF328
:108A00005F8F00221A6084F31088EFF30583DBB2D6
:108A1000002B04D1104B186800F064F916E0002315
:108A200001930D4B186801AA00F0AEF9019B002BD1
:108A30000CD00A4B802252051A6007E040BF036841
:108A4000BFF35F8F00221A6084F3108802B010BD5C
:108A500000FFFF2F101F0020805B022004ED00E0CC
:108A6000F0B583B006000F0015001C00EFF305837E
:108A7000DBB2002B2ED1344B1B78FF2B30D0D02310
:108A80001B061A68314B9200D358002B34D12800B2
:108A90002100FFF7A5FE031E3BD03068002832D02E
:108AA000D022120612682949920050502849575086
:108AB000326828498C4662449210012191400A0292
:108AC0001143090A244A106800930023012200F090
:108AD00079F825E0214B224A22482349FBF776FB0F
:108AE0000368BFF35F8F00221A6081F310882800AB
:108AF0002100F8F7E9FF22E01C4B194A8B211948A5
:108B0000C900FBF763FB1A4B154A16481949FBF7D6
:108B10005DFB3368BFF35F8F00221A6087F3108814
:108B2000154B5B6A9C4207D8134A926AAA4208D244
:108B30009C4201D0012002E0FFF772FE002003B04A
:108B4000F0BD0120FBE7C046101F0020185900208F
:108B5000505B022000FFFF2F805B0220D4770410BF
:108B600048980410407704104D0400000C7704105E
:108B700040780410610400000040054010B500F08A
:108B800014F8014B186010BD805B0220002A03D14D
:108B9000014206D1100003E00840884203D00020C3
:108BA00070470120FCE70120FAE710B51C20FFF711
:108BB00053FD041E03D0002308C000F0F1F820008C
:108BC00010BD0000F0B5C64600B506000D00170048
:108BD000984600282FD080235B04994232D2002986
:108BE00037D001F07FF8002802D1069B002B37D147
:108BF00000F098FB3468424629002000FFF7C6FFCA
:108C0000002834D0002F48D02300AB43336000232A
:108C1000069300F03DFF069B002B08D000283FD0B4
:108C200001F0B0F8040083013DD52402240A20009D
:108C300080BCB846F0BD254B254A48212548FF3168
:108C4000FBF7C4FA244B224AA42122484900FBF72F
:108C5000BDFA224B1E4A4A211E48FF31FBF7B6FAE5
:108C60001F4B1B4AA6211B484900FBF7AFFA069B86
:108C7000002BCED0002F0DD100214346002B02D077
:108C80008023DB0419432943301D069A00F072FD4E
:108C90000024BEE780214904EFE700230693B8E7EC
:108CA00000F03AFEBCE700F04DFE34684246290071
:108CB0002000FFF76BFF002804D0002F02D0230014
:108CC000AB43336000F09EFEAFE7C046547804101B
:108CD000D098041060780410BC780410F478041064
:108CE0000C790410F8B504000D0000280DD0802385
:108CF0005B0499420FD206000C3600F013FB20698A
:108D000023682B432360002717E0174B174A1848A6
:108D10001849FBF75BFA184B144A15481749FBF73B
:108D200055FA21681940994206D111E02368802143
:108D30008904194300F060FF2800B0420CD0456858
:108D4000026813021B0A5101EBD421680B42F3D0D5
:108D5000D201EBD51F43E9E72368BB43236000F052
:108D600097FE2068F8BDC04654780410BC980410E3
:108D700060780410320200006079041033020000B1
:108D800010B5FFF7AFFF10BD10B51300034C0A007C
:108D90000100200001F004F810BDC046818D0010D4
:108DA000030008334360012252428260C3600361C2
:108DB00000230360704730B50D686B1C10D00300B2
:108DC00008331C005B681A68AA42FAD963684B60D2
:108DD00099608C606160086103680133036030BD95
:108DE0000469F3E70369416882688A6041685160F9
:108DF0005A68824205D00022026118680138186062
:108E0000704782685A60F6E770B504001500866BFB
:108E1000026C002A0CD10368002B03D0002001361D
:108E2000A66370BD806800F0EBFC0023A360F6E74A
:108E3000002D0DD14068FAF751F86368226C9B1839
:108E40006360A26893421AD3236863602800E6E750
:108E5000C068FAF743F8E368226C51429B1AE3605A
:108E60002268934202D2A3685B18E360022D01D00E
:108E70000020D4E7002E04D0013E0020CFE72800D8
:108E8000CDE70020CBE7000070B582B00190846C84
:108E9000002C0AD0A26BE36B9A420CD2A26B9342D5
:108EA0000FD80025280002B070BD194B194A1A4886
:108EB0001A49FBF78BF91A4B164A17481949FBF761
:108EC00085F94523E65C76B2002201A92000FFF770
:108ED0009BFF0500731C0AD1636A002BE2D02000BF
:108EE000243000F05FFB0028DCD00125DAE700F039
:108EF0005FFA8642D6D27F2E04D0013676B2452361
:108F0000E654CFE7084B034A03480849FBF75EF9EC
:108F10009479041000990410A8790410F80C00004A
:108F2000FC790410F90C0000447A0410190D0000BB
:108F3000F0B5D646474680B583B004000F000192D5
:108F40001D00002819D000291ED0022D02D1E36B8C
:108F5000012B22D100F02EFD8046A26BE36B9A42DA
:108F600021D3022D1FD00024404600F0D3FE200064
:108F700003B0C0BCBA46B046F0BD334B334A922171
:108F80003348C900FBF722F9036C002BDDD0314BCD
:108F90002E4A2F483049FBF719F9304B2B4A2C4801
:108FA0002F49FBF713F94523E65C76B2A36B9A468B
:108FB0002A0039002000FFF727FF731C25D1A36C7E
:108FC000002B10D0022D02D15346002B2FD12000B0
:108FD000FFF75AFF00282CD0019A002A2BD001233A
:108FE00013600124C0E7636A002B01D10124BBE7B1
:108FF0002000243000F0D6FA00281ED0019A002A62
:109000001DD0012313600124AEE700F0D1F98642A0
:1090100017D27F2E05D0013676B24523E6540124BF
:10902000A2E7104B094A0A480F49FBF7CFF8012481
:109030009AE7012498E7012496E7012494E70124A4
:1090400092E7012490E7C046687A0410E49804107F
:10905000A8790410947A041091040000EC7A0410AA
:1090600092040000447A04101E050000084B1B689F
:109070001B68002B04D1074B012252421A60704733
:10908000034B1B68DB681A68024B1A60F7E7C0469F
:109090008C5600208C5B0220F8B5D0231B061D687F
:1090A000294BAA00D358002B0BD0836B002B02DB7B
:1090B000836B012B47DD066B013E002301246442D4
:1090C00006E0224B224A23482349FBF77FF801336D
:1090D000012B20DC214A99008F583F6B8A58D26BB4
:1090E000D20700D5013F1D4A99008A58926B002A89
:1090F000EDDB1A4A8A58926B012AE8DC184A8A5832
:10910000002AE4D1BE42E2DB4268DA40D207DED573
:109110001C003E00DBE7002C15DBAC420FD00F4BF0
:10912000A200D3589B6B02330DD02000FFF7BCFB8D
:109130000A4BA400E358022252429A6303E0084B10
:10914000A4000122E250F8BD6C5B0220987B041061
:10915000289A0410447B04107103000084560020F8
:10916000D85B022070B5012819D8D0231B061C68D3
:1091700001238340FF2B18D8002A38D00A68002A20
:1091800019D0BFF35F8F2B4A125C002A29D1294ADC
:109190000121115428490A5D13430B5570BD274B1B
:1091A000274A2848D821FBF711F8274B244A25489D
:1091B000DB21FBF70BF8204A125D13420DD01D4B4B
:1091C0001B5CFF2B03D01B4A01331354E6E71F4BF4
:1091D0001B4A1C48E321FAF7F9FF0A68002AD0D19C
:1091E000FBE71B4B164A1748EE21FAF7EFFF124A2E
:1091F000155D2B4211D00F4A125C002A13D0013AA0
:10920000D2B20C4E3254002AC8D10B4A9D43155598
:10921000BFF35F8F01230B60C0E70E4B084A09487C
:10922000F421FAF7D3FF0C4B054A0648F521FAF76B
:10923000CDFFC0464C5B0220485B0220C87B041077
:10924000E8990410D87B0410587C04106C7C04103E
:10925000987C0410C47C0410F47C041070B5D023F6
:109260001B061A68254B9200D5581FE0002224499E
:109270000120FFF777FFAB6B02332BD1FFF7F4FA36
:10928000AB6B02332CD072B601221D490120FFF7CF
:1092900069FF01221B490020FFF764FFD0231B0652
:1092A0001A68194B9200D450002C1FD0AB6B0233BC
:1092B00022D1D0231B061A68134B9100CC58002CE6
:1092C000D4D00A000021D15000220E490020FFF71F
:1092D00049FFCBE70D4B0E4A0E480F49FAF776FFD0
:1092E0000E4B0B4A0B480E49FAF770FF0022054956
:1092F0000020FFF737FFD9E770BDC0468456002035
:109300003C0100D0380100D06C5B0220207D0410AD
:10931000FC990410447B04104B030000587D04109A
:109320005203000070B5194B1B68002B24D0EFF3DB
:10933000108572B6D0231B061A68154B9200D358BD
:10934000002B1AD1012213490120FFF70BFF124B0A
:109350001B68002B17D0114C012221000020FFF7C1
:1093600001FF0D4A13680133136000222100002021
:10937000FFF7F8FE85F3108870BD094B094A0A48CB
:109380000A49FAF723FFFFF769FFE4E7B05B022021
:109390006C5B02203C0100D0785B0220380100D0D9
:1093A000907D0410189A0410447B04100B0F0000E9
:1093B000014B18687047C046745B022070B582B0DC
:1093C000082200216846F9F783FD674B1B68002BD4
:1093D00000D0C0E0654B1D6801351D60002D10D127
:1093E000634B1B681B68002B11D1614A1168614BEC
:1093F000186810601960604A136801331360FFF742
:1094000035FE5E4B1B68AB4236D9002361E05C4BF6
:109410005C4A5D485D49FAF7D9FE584B0122524239
:109420001A60F2E7554A1360EFE702695A603AE0C2
:109430000022C2621A68013A1A60026B544B1B6820
:109440009A4201D9524B1A60524B910089188A00F6
:109450009A185268C260916801614C609460016B17
:109460008A005618B400E4188461B400E45801344A
:10947000B100CC50FFF710FE3D4B1B681B68002B62
:10948000CBD03B4B1B68DB68D86883689D42C9D34F
:109490008369C16802698A60C16851605A680400C2
:1094A0000834A242C1D0002282611A68013A1A60CF
:1094B000C36A002BC1D0016A426A8A60016A5160A6
:1094C000596802001C329142B2D1426A5A60AFE739
:1094D0000133012B0FDC304A99008A58106B2D495B
:1094E0008200121890004258012AF1D99A000121F5
:1094F00068461150ECE7D0231B061E6800240025A7
:1095000004E0264BA2000121D1500134012C27DCBC
:10951000A3006A469B58002B04D1204BA200D358CD
:10952000002BF2D0B44214D0D0231B061B689C42FF
:10953000E7D0194BA200D3589B6B0233E5D0200033
:10954000FFF7B2F9144BA200D358022252429A6399
:10955000DBE70125D9E7124A1368013313600025C0
:10956000280002B070BDC046785B0220D05B0220AC
:109570008C56002094560020905B02208C5B0220C9
:10958000C07D0410C4990410447B04105F120000D5
:109590007C5B02209856002084560020D85B022075
:1095A000985B022010B5C368D86800284ED0C36A03
:1095B000016A426A8A60016A51605A6801001C317E
:1095C0008A4249D00022C2621A68013A1A602B4BC3
:1095D0001B68002B46D18369C16802698A60C16833
:1095E00051605A6804000834A24238D000228261D7
:1095F0001A68013A1A60016B214B1B68994201D924
:109600001F4B19601F4A8B005B189B00D3185B68C7
:10961000C360996801614C609C60046BA3001919D8
:1096200089008918816119198900895801311B192C
:109630009B009950FFF730FDD0231B061A68124B90
:109640009200D058002800D0012010BD0F4B104AC6
:1096500010481149FAF7BAFD426A5A60B2E7026946
:109660005A60C3E70D4B5A680262946844626160B5
:109670009160C3621A6801321A60DBE7785B0220EE
:109680007C5B022098560020D85B0220387E0410B4
:1096900088990410447B0410F51400009C5B0220A0
:1096A000EFF3108172B6D0231B061A68024B9200AA
:1096B000D05881F31088704784560020F0B5C64614
:1096C00000B504000D00264B1E68264B1F68264B74
:1096D0001B689846FFF7E4FF79230022C254FFF786
:1096E000DFFF0830FFF77EFB631C01D1002D0FD197
:1096F0003419FFF7D5FF8460A64222D9FFF7D0FFC7
:10970000010008314046FFF756FB80BCB846F0BD6B
:10971000164C6568FFF7C4FFC560FFF7C1FFAB6873
:109720000361FFF7BDFFAB6808305860FFF7B8FF73
:109730000830A860FFF7B4FF846123680133236019
:10974000E3E7FFF7ADFF010008313800FFF733FB17
:10975000074B1B68A342D8D9054B1C60D5E7C04610
:10976000D05B02208C56002094560020BC5B022067
:109770008C5B022070B504000D001600002825D077
:10978000184B1B68002B27D0FFF78AFF80231B068E
:109790002B43C3616568FFF783FF0562FFF780FF16
:1097A000AB684362FFF77CFFAB681C305860FFF783
:1097B00077FF1C30A860FFF773FFC4622368013392
:1097C000236001213000FFF779FF70BD064B074A87
:1097D00007480849FAF7FAFC074B044A04480749C6
:1097E000FAF7F4FC785B0220487E0410A499041078
:1097F000447B04109E140000547E0410A214000048
:1098000070B5041E6ED0FFF74BFF84420CD1E36DA0
:10981000002B0FD0013BE365216BA26D914263D019
:10982000002B0DD000205EE0314B324A32483349E4
:10983000FAF7CCFC324B2F4A2F483249FAF7C6FCD4
:10984000250008352800FFF7CDFAA16D21632023FC
:109850005B1AE3612C4B1B68994201D92A4B1960B2
:109860002A4A8B005B189B00D3185B68E3609968F9
:1098700021614D609D60206B830019188900891853
:10988000A16119188900895801311B189B00995052
:10989000A36B002B2ADBA36B012B01DD012022E04F
:1098A000A26BD0231B061B689A4208D0A26B184BF0
:1098B0009200D3589B6B023308D1012013E0A26BB6
:1098C000144B92000121D15001200CE0A06BFEF757
:1098D000EBFFA26B0E4B9200D358022252429A63C6
:1098E000012000E0002070BD0020FCE70120FAE725
:1098F000807E04104C990410447B0410281A000048
:10990000A87E0410291A00007C5B022098560020D3
:1099100084560020D85B022010B5D0231B061B689C
:10992000064A99008A58002A04D0054A9B00012162
:10993000995010BDFEF774FFFBE7C0466C5B022038
:10994000D85B022010B572B6154B1B68002B14D0E3
:10995000D0231B061A68134B9200D358002B0DD04E
:10996000D020000603680F4A9B0099580131995096
:1099700003689B009B58012B0BD010BD01220A49A4
:109980000120FFF7EFFB012208490020FFF7EAFB67
:10999000E6E7074B1B68002BEFD1FFF75FFCECE716
:1099A000B05B02206C5B02203C0100D0380100D08B
:1099B000785B022010B5104B1B68002B02D10024ED
:1099C000200010BDFEF768FF0400D0231B061A68B4
:1099D0000A4B9200D358002B08D0D0231B061B68DB
:1099E00006499B005A5801325A50E9E701220449BE
:1099F0000020FFF7B7FBF0E7B05B02206C5B0220B2
:109A0000380100D010B5194B1B68002B12D0D023A1
:109A10001B061B68164A99008A58002A0BD0144965
:109A20009B00013A5A50D0231B061B689A005258DB
:109A3000002A06D010BD0F4B0F4A10481049FAF704
:109A4000C5FB104A9B009C5800220F490020FFF7DD
:109A500089FB00220D490120FFF784FBFEF704FF7C
:109A6000002CE7D0FEF7DCFEE4E7C046B05B022046
:109A70006C5B0220987B041038990410447B04101E
:109A8000B31B0000D85B0220380100D03C0100D09D
:109A900070B54C4B1C68002C01D1200070BDFFF745
:109AA00051FFD0231B061C68474B1B68002B11D0AD
:109AB000454D2B68013B2B60002244490120FFF7F4
:109AC00051FB2B68002B79D1414B1B68002B54D1E3
:109AD000002474E03F4B404A40484149FAF776FB86
:109AE000596A51602CE01969516039E03D498200A2
:109AF000121892008A185268DA60906818614560FE
:109B000095601D6BAA00501980004018986150198B
:109B1000800040580130521992005050324A126869
:109B2000002A2CD0304BDB68DB68DA6A186A596A85
:109B30008160186A4860506819001C318842CFD093
:109B40000021D9621168013911609A69D8681969D0
:109B50008160D868486051681D000835A942C2D0AC
:109B600000219961116801391160186B1F4A126850
:109B70009042BBD91D4A1060B8E70023CEE7002B06
:109B800001D0FFF773FA1A4B1D68002D09D1194B4C
:109B9000A400E458002C12D0012410E0013D002D57
:109BA00008D0FFF70BFC0028F8D0124BA2000121CF
:109BB000D150F3E70E4B00221A60E8E70024FFF7CC
:109BC00021FF6AE7B05B0220785B02203C0100D0F5
:109BD000745B0220C07E0410D8990410447B0410EA
:109BE0008B0F0000985600209C5B02207C5B0220BB
:109BF000985B0220D85B022010B5314B1B68002B0C
:109C00004BD080231B060B430360C468002C4AD052
:109C10000369416882688A60416851605A6882427B
:109C200047D0002202611A68013A1A60A369E1680C
:109C300022698A60E16851605A68200008308242D7
:109C40003AD00022A2611A68013A1A60216B1D4BBA
:109C50001B68994201D91B4B19601B4A8B005B188A
:109C60009B00D3185B68E360996821614860986045
:109C7000206B8300191889008918A16119188900BF
:109C8000895801311B189B009950FFF75BFE20009B
:109C9000FFF702FAFFF7B6FE10BD0C4B0C4A0D4859
:109CA0000D49FAF793FA0D4B094A0A480C49FAF79D
:109CB0008DFA82685A60B4E722695A60C1E7C046EB
:109CC000785B02207C5B022098560020547E0410B2
:109CD00064990410447B041043150000387E04107E
:109CE0004E15000010B5094B1B68002B02D1012452
:109CF000200010BDFFF726FE054B1B68002B03D18B
:109D00000224FFF77FFEF3E70024FAE7B05B0220AE
:109D1000785B022010B50400134B1B68002B12D097
:109D2000D0231B061B68114A99008A58002A0BD0C1
:109D30000E499B00013A5A50D0231B061B689B001A
:109D40005B58002B06D010BD094B0A4A0A480B4944
:109D5000FAF73CFA00220A490020FFF703FA200034
:109D6000FEF79EFDEFE7C046B05B02206C5B022071
:109D7000987B04101C990410447B0410F01B000015
:109D8000380100D070B5FFF78BFCC469FFF788FC81
:109D9000056BFFF785FC20235B1BC361200070BDB2
:109DA00010B584B014001A0002235B4200930190A6
:109DB00002910394034B186800236946FFF7B8F833
:109DC00004B010BDD45B022010B5054C200000F09B
:109DD00019FA2000034A04492AF014FF10BDC046B6
:109DE00040420020041E002025A20010F0B5DE46EF
:109DF00057464E4645460122E0B5DF4D0024280077
:109E0000DE4B83B01A70DE4B1C3098461B686C60CA
:109E10009E68DC4BAC609B462B60EC602C616C61F7
:109E2000AC6101F019F9D84BD84F9A462B60012349
:109E30005B4299466B6243461B682E6238005E683F
:109E40005B461C303B607C60BC60FC603C617C61BC
:109E5000BC6101F001F953463B604B467B624346CF
:109E60003E62CB4E5A4630001B681C30DB683260C5
:109E700001937460B460F46034617461B46101F0A2
:109E8000EBF8019B524633624B467362C14B326022
:109E90009946180015F016F84B4678221C67043BCB
:109EA0009C5208329C5004329C5004329C50DC6717
:109EB000B94C29002200484614321C605A6014F044
:109EC00095FFB64D280014F0FDFF2B0000227C21E9
:109ED000083B5A5204315A5004315A5004315A50F6
:109EE00004315A50AE492800196014319960390084
:109EF0002A675A6014F07AFFAA4D280014F0E2FF96
:109F0000002278212B1F5A5208315A5004315A50DE
:109F100004315A502A67AA672200310014322800FF
:109F20001C602A6014F062FF9F4D280014F0CAFFE5
:109F3000002278212B1F5A5208315A5004315A50AE
:109F400004315A501C603100143428002A67AA6773
:109F50002C6014F04BFF80229449954B9201996735
:109F6000944B954D1869596702431A61434628007E
:109F700000241B681C309E68904B6C609B462B60D5
:109F8000AC60EC602C616C61AC6101F065F88C4BED
:109F90008C4F9A462B6001235B4299466B62434685
:109FA0001B682E6238005E685B461C303B607C603C
:109FB000BC60FC603C617C61BC6101F04DF85346C3
:109FC0003B604B467B6243461B683E627E4EDB68CD
:109FD000300098465B461C3033607460B460F460B7
:109FE00034617461B46101F037F85346336043461D
:109FF00033624B467362754B9846180014F062FF4B
:10A0000043467C221C675C67043B9C5404329C5092
:10A0100004329C5004329C5004329C506C4C2900F9
:10A020002200404614321C605A6014F035FF694D1E
:10A03000280014F047FF2B0000228021083B5A54CF
:10A0400004315A5004315A5004315A5004315A5094
:10A050006149280019601431996039002A676A67DC
:10A060005A6014F019FF5D4D280014F02BFF0022F8
:10A070007C212B1F5A5404315A5004315A50043158
:10A080005A5004315A502A676A672200310014324C
:10A0900028001C602A6014F0FFFE514D280014F0C7
:10A0A00011FF00227C212B1F5A5404315A500431D5
:10A0B0005A5004315A5004315A501C603100143443
:10A0C00028002A676A672C6014F0E6FE8022454B60
:10A0D000454992019967454B1869596702431A61CE
:10A0E000434A13680133136003B0F0BCBB46B24669
:10A0F000A946A046F0BD2D4B3E4A48465A6014F092
:10A100001DFF2AF0CFFF3C4B3C4A28005A6014F058
:10A1100015FF2AF0C7FF354B384A28005A6014F063
:10A120000DFF2AF0BFFF2F4B344A28009A6014F02D
:10A1300005FF2AF0B7FF2C4B304A40465A6014F016
:10A14000FDFE2AF0AFFF2E4B2A4A28005A6014F079
:10A15000F5FE2AF0A7FF174B264A28005A6014F094
:10A16000EDFE2AF09FFF124B224A28009A6014F05D
:10A17000E5FE2AF097FFC046843B0020111F002017
:10A1800010210020D0CD041094C30410343B0020D3
:10A190005C3B0020743F002014CD0410D03D002013
:10A1A00020C504105C3E0020E83E0020703F0020E7
:10A1B000C83D0020583E0020FC3B002010CE04107B
:10A1C000D4C30410AC3B0020D43B0020B441002099
:10A1D00044CD04100440002050C5041094400020D9
:10A1E00024410020FC3F0020B0410020904000208E
:10A1F000943D002074C404102041002084C4041045
:10A20000E43E0020064A10B513680400591C116092
:10A21000002B01D0200010BDFFF7E8FDFAE7C04693
:10A22000943D0020104A10B513680400591E1160B7
:10A23000022B01D0200010BD0C481FF095F90C48EE
:10A240001FF092F90B481FF08FF90B481FF0FAFC32
:10A250000A481FF0F7FC0A481FF0F4FCEAE72BF06D
:10A26000ABF82BF0E3F8E5E7943D0020703F0020C9
:10A27000583E0020E43E0020B041002090400020E5
:10A28000204100207047C04610B50400F8F734FEA6
:10A29000200010BD044A0B6812680360934202D08C
:10A2A0001A6801321A607047143D0020016070473F
:10A2B00010B5064C2068002800D010BD20000022F8
:10A2C00003492CF021FA2068F7E7C0461C3D002026
:10A2D000549A041000487047549A0410416870B5AD
:10A2E0000500002916D08368002B10D00024354EBD
:10A2F000A2005058002805D043685A1E4260012B26
:10A3000036D0AB680134A342F2D8002902D008004D
:10A31000F8F7F6FDE968002916D0AB68002B10D0DD
:10A320000024284EA2005058002805D043685A1E29
:10A330004260012B24D0AB680134A342F2D800293B
:10A3400002D00800F8F7DCFD2B690024002B0DD0AB
:10A350001859002802D0F8F7D3FD2B690434182CC3
:10A36000F6D1002B02D01800F8F7CAFD280070BD06
:10A3700003685B68B3420BD1F8F7BEFD6968C0E7BC
:10A3800003685B68B34206D1F8F7B6FDE968D2E727
:10A3900098476968B5E79847E968CCE72BF00CF86F
:10A3A0002BF044F86968ACE72BF006F82BF03EF888
:10A3B000E968C0E7013102D12AF080FFFAE72AF00C
:10A3C00071FEC04689A200100A4B70B51B68056873
:10A3D00004009D4204D02B685A1E2A60012B01D034
:10A3E000200070BD2800FFF779FF2800F8F784FDF2
:10A3F000F6E7C046143D00200E4A0B68126870B59F
:10A4000004000D00934202D01968013119602668DA
:10A41000B24204D03268511E3160012A02D02000BD
:10A42000236070BD3000FFF759FF3000F8F764FD7E
:10A430002B68F4E7143D0020F0B54E464546DE4655
:10A440005746E0B50500160083B0002A00D1EEE0C3
:10A450000C68002C04D1B94B1C6801341C600C60E2
:10A460006B68671E9A46AB68013BBB4267D2E31C30
:10A470009B46B34B9B4500D8E4E001204042F8F7EF
:10A4800037FD01238146A8685B429846002813D017
:10A490006B6822009C4681000C00002361468446C4
:10A4A00048469146CA58C2500433A342FAD14C469A
:10A4B00081466046584507D2221A033280000021A7
:10A4C00092004844F8F704FDEB6840460193F8F722
:10A4D0000FFD8046A868002813D0EB6881009C46D9
:10A4E00002004046884600236146A4464446904602
:10A4F000CA58C2500433A342FAD143466446804648
:10A500001800834507D9221A0332800000219200E7
:10A510004044F8F7DDFC5B46AB604B466B6043465E
:10A52000EB605346002B02D05046F8F7E9FC019B44
:10A53000002B02D00198F8F7E3FC6B689A46BF0045
:10A540007368574438680133B9467360002849D0AE
:10A550007C490F68002F40D0784B8446A8461800ED
:10A560000DE0002A03D10268013202602A609442A1
:10A5700000D17BE08F680831002F00D199E03B6863
:10A58000002B03D10368013303603B604D682A68E8
:10A590009C42E6D1130060462A004546002B04D1B8
:10A5A00066490B6801330B601360013B9C00544407
:10A5B0002368002B11D0110030000EF00FFC43680F
:10A5C000070001334360206843685A1E4260012B34
:10A5D00000D178E04B462760186843685A1E4260F5
:10A5E000012B3BD04B46AA681E60002A1FD00023D7
:10A5F0009946554B00249846E96805E04A461A609A
:10A60000AA680134A24212D9A6008B191868002842
:10A61000F7D04268571E4760012AEFD103685B6894
:10A6200043450BD1F8F768FCE9688B19E6E703B0FE
:10A63000F0BCBB46B246A946A046F0BD9847E968C3
:10A640008B19DBE75B469B0018009846F8F750FC37
:10A650008146A868002800D01AE72BE703683A4A29
:10A660005B6893422DD1F8F747FCBBE73B68604637
:10A670004546002B04D1314A1368013313603B6017
:10A68000013B9C0054442368002BA6D039003000C5
:10A6900004F042FF4368804601334360206843680A
:10A6A0005A1E4260012B16D0434623604B46186861
:10A6B00093E76046436845465A1E4260012B91D19C
:10A6C000CCE798478EE703681F4A5B6893420AD13C
:10A6D000F8F712FC7EE703681B4A5B68934204D1DB
:10A6E000F8F70AFCE0E7984774E79847DCE72AF0B8
:10A6F00063FE4846F8F704FC2BF0CCFA2AF05CFE27
:10A700002AF094FE6EE72AF057FE2AF08FFE96E7B5
:10A710002AF052FE2AF08AFE5CE72AF04DFE2AF06B
:10A7200085FEC1E72AF082FE2AF0BCFC0131FBD194
:10A730002AF0C4FDFAE7F9E7F8E7C046183D002023
:10A74000FEFFFF1F589A041089A20010F8B53C4E76
:10A75000070030000C0015002BF0D4FA002833D18C
:10A760003848FB6806689C46002E5FD036490CE0EE
:10A77000002B03D10B6801330B603B60013B9D4212
:10A7800026D086680830002E3DD03268002A03D1DA
:10A790000A6801320A6032604768013A3B689542B4
:10A7A000E6D1002B3AD0AD0065442A68013B002A6F
:10A7B0001DD0002C07D02368244A5B6820009342F8
:10A7C00032D1F8F799FBF8BD30002BF0B7FAC7E7A4
:10A7D0003268002A04D11C4B1A6801321A603260B8
:10A7E0002B00551EAD0065442A68002AE1D162683D
:10A7F000501C60602C60581CE5D0023262606246DA
:10A800009B009C50DFE7AD00290061440B68002BE2
:10A81000CFD16368013363600C60D4E70A4A1368E0
:10A82000013313603B60BEE79847CCE7AD00654459
:10A830002B68002BBDD16368013363602C60C2E7D5
:10A84000482F0020589A0410183D002089A20010BB
:10A8500003000068002804D1034A1068013010602A
:10A86000186001387047C046183D0020F0B5DE463C
:10A870004E46454657463023E0B50600FE4C836001
:10A8800091B00160C02200212000F8F721FB746024
:10A89000FA4CC02200212000F8F71AFBF460F84CB3
:10A8A000142200212000F8F713FB043CF54D34611D
:10A8B0002560FFF70FFD022201002800F8F70EFBCC
:10A8C000F14C012300220021200005F0D5FF2200D9
:10A8D0003000EE49FFF7B0FDED4C012120002BF0D8
:10A8E000B3FF22003000EB49FFF7A6FDEA49EB4B2E
:10A8F00001220B60002308008B60CB600B744B615E
:10A900008B61CB610B628B8400914A600021E44C27
:10A910006433C154E34BA0600021200062602360D7
:10A9200001F0B8F8E04B2200190030000993FFF75E
:10A9300083FD0123DD4A30005360DD4BDD491360A8
:10A94000FFF77AFD0123DC4A30005360DB4BDC4922
:10A950001360FFF771FD0123DA4C6360DA4B23606B
:10A96000FFF7A6FCA06022003000D849FFF764FD85
:10A97000D74B01229A4651465A60D64B50460B603F
:10A9800000238B60CB600021D34C03824361836141
:10A99000C361036243628362C362036343634333FD
:10A9A000C154CE4B81746260A0600022002120005F
:10A9B000236000F0D7FBCA4B22001900300005933A
:10A9C000FFF73AFDC74B0122994649465A60C64BEC
:10A9D00048460B6000238B60CB600021C34C038290
:10A9E00043618361C361036243628362C362036341
:10A9F00043634333C154BE4B81746260A060002244
:10AA000000212000236000F05DFBBA4B22001900FA
:10AA100030000893FFF710FD0123B74A3000536060
:10AA2000B64BB7491360FFF707FD0123B54A300065
:10AA30005360B54BB5491360FFF7FEFC0123B44DDD
:10AA400080226B60B34B00202B600023AB60EB6077
:10AA50002B616B61AB61EB612B626B62AB62EB6292
:10AA60002B636B63AB63EB632B646B64AB64EB6472
:10AA70002B656B65AB65EB652B666B66AB66EB6652
:10AA80002B676B67AB67AB500432AB500432AB50F3
:10AA90000432AB500432AB500432AB500432AB50F2
:10AAA0000432AB500432AB500432AB500432AB50E2
:10AAB0000432AB500432AB500432AB502A000021B8
:10AAC000B83210605160C022934CAB500432AB548A
:10AAD00029002000C33AEB6715F03CFE8F4B2200A3
:10AAE000190030000293FFF7A7FC01238C4A3000C5
:10AAF00053608C4B8C491360FFF79EFC01238B4AFB
:10AB0000300053608A4B8B491360FFF795FC8A4CE9
:10AB1000012120000AF006FB220030008749FFF7E0
:10AB20008BFC874C0121200005F07AFE22003000CA
:10AB30008449FFF781FC844C012120002BF09CFE0E
:10AB4000220030008149FFF777FC814B01229B46B0
:10AB500059465A607F4B5C460B60002300208B6097
:10AB6000CB600B744B618B61CB6100212062616211
:10AB70009221584649006354A362774C774BA060FA
:10AB8000002120006260236001F00AF8744B22006B
:10AB9000190030000693FFF74FFC0123714A300083
:10ABA0005360714B71491360FFF746FC0123704AF3
:10ABB000300053606F4B70491360FFF73DFC012379
:10ABC0006E4C63606E4B2360FFF772FBA060220047
:10ABD00030006C49FFF730FC6B4B01229846414630
:10ABE0005A606A4B40460B6000238B60CB600B744D
:10ABF0004B618B61CB610B624B628B62CB620B63EF
:10AC00004B638B63CB636C21614C4354614B62603B
:10AC1000A060002200212000236000F0ABFB5E4B0F
:10AC20002200190030000393FFF706FC5B4F5C4BDA
:10AC30006C213B60002301225A4C7B54BB60FB60BB
:10AC40003B747B61BB61FB613B627B62BB62FB620D
:10AC50003B637B63BB63FB63534B7A6062600021A1
:10AC6000002220002360A76000F034FB4F4B22003D
:10AC7000190030009CE0C046543A0020643900209E
:10AC8000503900203C320020483200200C3D00208A
:10AC9000243A0020743D00206C30002098A204105B
:10ACA000782F0020B4B40410443D0020143B002051
:10ACB00004CB0410843D0020243B002040CB041032
:10ACC0008C3D00203C3A002098B40410343D002014
:10ACD000D430002068A204101C3000200CB50410F1
:10ACE000243D00201831002058A2041028300020F4
:10ACF000D8B40410283D0020C02F00205CB50410FB
:10AD0000543D0020D02F002074B504105C3D00207D
:10AD1000F027002070CB0410E02F0020543C0020CE
:10AD2000902F00208CB504104C3D0020A02F002057
:10AD300070CC0410B03D0020582F00203C3D002076
:10AD400068340020103D0020303A0020783D00207B
:10AD5000C8260020A8A20410842F002008C20410D6
:10AD6000483D00201C3B002060D40410883D00209A
:10AD70002C3B00209CD40410903D0020483A002039
:10AD8000ECC10410383D00205C31002088A2041082
:10AD90003430002060C204102C3D0020CC31002053
:10ADA00078A20410403000202CC20410303D002056
:10ADB0000493FFF741FB0123894A30005360894B1C
:10ADC00089491360FFF738FB0123884A300053603C
:10ADD000874B88491360FFF72FFB0123864C8022A5
:10ADE0006360864B002023600023A360E36023613F
:10ADF0006361A361E36123626362A362E36223632D
:10AE00006363A363E36323646364A364E36423650C
:10AE10006365A365E36523666366A366E3662367EC
:10AE20006367A367A3500432A3500432A3500432D3
:10AE3000A3500432A3500432A3500432A35004326E
:10AE4000A3500432A3500432A3500432A35004325E
:10AE5000A3500432A3500432A35022000021B83280
:10AE600010605160C022A3500432A354E367644BC6
:10AE700021001800C33A019321F012F8614B300011
:10AE80001900019A0793FFF7D7FA01235E4A3000B1
:10AE900053605E4B5E491360FFF7CEFA01235D4AB3
:10AEA000300053605C4B5D491360FFF7C5FA5C4BA3
:10AEB00001211800019313F0BFFC30005949019A99
:10AEC000FFF7BAFA0123584A30005360574B5849EC
:10AED0001360FFF7B1FA0123564A30005360564B16
:10AEE00056491360FFF7A8FA0123554A3000536012
:10AEF000544B55491360FFF79FFA0123534A300022
:10AF00005360534B53491360FFF796FA52460B9226
:10AF10004A460C925A460D924246009B30000AA9BE
:10AF20000A930E920F9701F06FFDF2680998019253
:10AF3000FFF78EFC009B019A80008350F368059810
:10AF40000093FFF785FC5246009B8000C250F368D7
:10AF500008989A46FFF77CFC4A4653468000C25048
:10AF6000F36802989946FFF773FC4B468000C55082
:10AF70000698F568FFF76CFC5B4680004351039828
:10AF8000F568FFF765FC4346800043510498F56877
:10AF9000FFF75EFC800047510798F568FFF758FC03
:10AFA00080004451300011B0F0BCBB46B246A94607
:10AFB000A046F0BD06000D0001350FD130002AF08B
:10AFC0007DF9060020000D00FFF75CF9F4E7F8E7D3
:10AFD000F7E7F6E7F5E7F4E7F3E7F2E72AF062F8D8
:10AFE000C82F0020B0C20410583D0020D82F0020E8
:10AFF000C8C20410603D0020B8280020CCD4041042
:10B00000F42F0020583C0020982F0020E0C20410AC
:10B01000503D0020A82F0020CCD50410B43D0020C6
:10B02000682F0020403D0020B02F0020E8A404102D
:10B03000703D0020B82F002040A50410683D00207E
:10B040004C30002098A504106C3D002054300020A6
:10B05000F0A50410643D0020F8B50023144E0360F1
:10B0600033680400002B15D0124D2A6822609A42E2
:10B070000AD0114E30002AF045FE002806D12B6878
:10B080001A68236001321A602000F8BD30002AF0EF
:10B0900055FEF4E7094F02213800FFF7E7FB054DA5
:10B0A0003900074837602F60FFF700F93368DCE7A5
:10B0B000143D0020203D0020442F002008300020B7
:10B0C0004839002070B504008068002828D02E235D
:10B0D0002C224374A3681F4D9A740023A0681E4A53
:10B0E000C360836103628362C36282604261C26142
:10B0F0004262290004223030F7F7F0FEA0680422F3
:10B1000029003430F7F7EAFE0022144B1868A368D0
:10B11000815C9B183833013219700B2AF7D170BD4E
:10B120004430F7F7E1FE0E4B00220360002343603A
:10B130008360C360038243618361C36103624362CE
:10B140008362C3620363436343338274A060C25467
:10B15000BDE7C046C4D904100C610410201F0020B4
:10B1600058A2041070B504008068002828D02E234F
:10B170002C224374A3681F4D9A740023A0681E4AB2
:10B18000C360836103628362C36282604261C261A1
:10B190004262290004223030F7F7A0FEA0680422A2
:10B1A00029003430F7F79AFE0022144B1868A36880
:10B1B000815C9B183833013219700B2AF7D170BDAE
:10B1C0004430F7F791FE0E4B0022036000234360EA
:10B1D0008360C360038243618361C361036243622E
:10B1E0008362C3620363436343338274A060C254C7
:10B1F000BDE7C046C4D904100C610410201F002014
:10B2000068A20410094B10B5040003608068002890
:10B2100002D003685B6898472000FFF733F82000EE
:10B2200010BD2000FFF72EF829F03CFFD8B4041021
:10B230000D4B10B5040003608068002802D003683D
:10B240005B6898472000FFF71DF82000F7F754FED1
:10B25000200010BD2000FFF715F82000F7F74CFE86
:10B2600029F020FFF9E7C046D8B40410094B10B507
:10B27000040003608068002802D003685B68984778
:10B280002000FEF7FFFF200010BD2000FEF7FAFFB0
:10B2900029F008FF0CB504100D4B10B50400036035
:10B2A0008068002802D003685B6898472000FEF79A
:10B2B000E9FF2000F7F720FE200010BD2000FEF778
:10B2C000E1FF2000F7F718FE29F0ECFEF9E7C04691
:10B2D0000CB5041070B504008068002827D02E2318
:10B2E0004361023B83611E4B1E4A836000231E4D57
:10B2F000C3600362836203634363C2614262C262EA
:10B30000290004223830F7F7E9FDA068042229005B
:10B310003C30F7F7E3FDA068144B1A6803006C306B
:10B3200040331178013202C38342FAD170BD7030CC
:10B33000F7F7DAFD0E4A002302606C224360836057
:10B34000C360037443618361C361036243628362C8
:10B35000C362036343638363C363A0608354BEE734
:10B360000C61041028A10410C4D90410201F00206F
:10B3700078A2041070B504008068002827D02E231E
:10B380004361023B83611E4B1E4A836000231E4DB6
:10B39000C3600362836203634363C2614262C26249
:10B3A000290004223830F7F799FDA068042229000B
:10B3B0003C30F7F793FDA068144B1A6803006C301B
:10B3C00040331178013202C38342FAD170BD70302C
:10B3D000F7F78AFD0E4A002302606C224360836007
:10B3E000C360037443618361C36103624362836228
:10B3F000C362036343638363C363A0608354BEE794
:10B400000C61041028A10410C4D90410201F0020CE
:10B4100088A20410094B10B504000360806800285E
:10B4200002D003685B6898472000FEF72BFF2000DE
:10B4300010BD2000FEF726FF29F034FE2CC20410B8
:10B440000D4B10B5040003608068002802D003682B
:10B450005B6898472000FEF715FF2000F7F74CFDCA
:10B46000200010BD2000FEF70DFF2000F7F744FD7F
:10B4700029F018FEF9E7C0462CC20410094B10B59C
:10B48000040003608068002802D003685B68984766
:10B490002000FEF7F7FE200010BD2000FEF7F2FEB0
:10B4A00029F000FE60C204100D4B10B504000360CB
:10B4B0008068002802D003685B6898472000FEF788
:10B4C000E1FE2000F7F718FD200010BD2000FEF778
:10B4D000D9FE2000F7F710FD29F0E4FDF9E7C0469A
:10B4E00060C20410104B10B503604323C35C04001A
:10B4F000002B13D08068002801D0F7F701FD6069A8
:10B50000002801D0F7F7FCFCE069002801D0F7F72C
:10B51000F7FC606A002801D0F7F7F2FC2000FEF784
:10B52000B1FE200010BDC04658A2041010B50400A2
:10B53000FFF7D8FF2000F7F7DFFC200010BD200048
:10B54000F7F7DAFC29F0AEFD104B10B5036043238A
:10B55000C35C0400002B13D08068002801D0F7F7EB
:10B56000CFFC6069002801D0F7F7CAFCE069002829
:10B5700001D0F7F7C5FC606A002801D0F7F7C0FCDE
:10B580002000FEF77FFE200010BDC04668A2041018
:10B5900010B50400FFF7D8FF2000F7F7ADFC20003E
:10B5A00010BD2000F7F7A8FC29F07CFD104B10B56A
:10B5B00003606C23C35C0400002B13D08068002858
:10B5C00001D0F7F79DFCE069002801D0F7F798FC5F
:10B5D000606A002801D0F7F793FCE06A002801D0E8
:10B5E000F7F78EFC2000FEF74DFE200010BDC04690
:10B5F00078A2041010B50400FFF7D8FF2000F7F779
:10B600007BFC200010BD2000F7F776FC29F04AFDF6
:10B61000104B10B503606C23C35C0400002B13D0E7
:10B620008068002801D0F7F76BFCE069002801D0A2
:10B63000F7F766FC606A002801D0F7F761FCE06A62
:10B64000002801D0F7F75CFC2000FEF71BFE20006D
:10B6500010BDC04688A2041010B50400FFF7D8FF43
:10B660002000F7F749FC200010BD2000F7F744FC4C
:10B6700029F018FD70B504008068002828D02E231A
:10B680002C224374A3681F4D9A740023A0681E4A9D
:10B69000C360836103628362C36282604261C2618C
:10B6A0004262290004223030F7F718FCA068042217
:10B6B00029003430F7F712FC0022144B1868A368F5
:10B6C000815C9B183833013219700B2AF7D170BD99
:10B6D0004430F7F709FC0E4B00220360002343605F
:10B6E0008360C360038243618361C3610362436219
:10B6F0008362C3620363436343338274A060C254B2
:10B70000BDE7C046C4D904100C610410201F0020FE
:10B7100058A2041070B504008068002828D02E2399
:10B720002C224374A3681F4D9A740023A0681E4AFC
:10B73000C360836103628362C36282604261C261EB
:10B740004262290004223030F7F7C8FBA0680422C7
:10B7500029003430F7F7C2FB0022144B1868A368A5
:10B76000815C9B183833013219700B2AF7D170BDF8
:10B770004430F7F7B9FB0E4B00220360002343600F
:10B780008360C360038243618361C3610362436278
:10B790008362C3620363436343338274A060C25411
:10B7A000BDE7C046C4D904100C610410201F00205E
:10B7B00068A2041070B5104B856804000360002D6A
:10B7C0000AD02B680D4A5B682800934209D1FFF725
:10B7D00089FE2800F7F790FB2000FEF753FD2000BC
:10B7E00070BD9847F8E702E02800F7F785FB2000D6
:10B7F000FEF748FD29F056FC90CB04102DB5001043
:10B8000010B50400FFF7D6FF2000F7F775FB200006
:10B8100010BD2000F7F770FB29F044FC70B5104B09
:10B82000856804000360002D0AD02B680D4A5B6810
:10B830002800934209D1FFF787FE2800F7F75CFB49
:10B840002000FEF71FFD200070BD9847F8E702E0DA
:10B850002800F7F751FB2000FEF714FD29F022FC29
:10B86000C4CB041091B5001010B50400FFF7D6FF4B
:10B870002000F7F741FB200010BD2000F7F73CFB4C
:10B8800029F010FC70B504008068002827D02E2312
:10B890004361023B83611E4B1E4A836000231E4DA1
:10B8A000C3600362836203634363C2614262C26234
:10B8B000290004223830F7F711FBA0680422290080
:10B8C0003C30F7F70BFBA068144B1A6803006C3090
:10B8D00040331178013202C38342FAD170BD703017
:10B8E000F7F702FB0E4A002302606C22436083607C
:10B8F000C360037443618361C36103624362836213
:10B90000C362036343638363C363A0608354BEE77E
:10B910000C61041028A10410C4D90410201F0020B9
:10B9200078A2041070B504008068002827D02E2368
:10B930004361023B83611E4B1E4A836000231E4D00
:10B94000C3600362836203634363C2614262C26293
:10B95000290004223830F7F7C1FAA0680422290030
:10B960003C30F7F7BBFAA068144B1A6803006C3040
:10B9700040331178013202C38342FAD170BD703076
:10B98000F7F7B2FA0E4A002302606C22436083602C
:10B99000C360037443618361C36103624362836272
:10B9A000C362036343638363C363A0608354BEE7DE
:10B9B0000C61041028A10410C4D90410201F002019
:10B9C00088A2041070B5104B856804000360002D38
:10B9D0000AD02B680D4A5B682800934209D1FFF713
:10B9E000E5FD2800F7F788FA2000FEF74BFC200061
:10B9F00070BD9847F8E702E02800F7F77DFA2000CD
:10BA0000FEF740FC29F04EFBECD40410F5B5001015
:10BA100010B50400FFF7D6FF2000F7F76DFA2000FD
:10BA200010BD2000F7F768FA29F03CFB70B5104B09
:10BA3000856804000360002D0AD02B680D4A5B68FE
:10BA40002800934209D1FFF7E3FD2800F7F754FAE5
:10BA50002000FEF717FC200070BD9847F8E702E0D1
:10BA60002800F7F749FA2000FEF70CFC29F01AFB32
:10BA700020D5041059B6001010B50400FFF7D6FF0A
:10BA80002000F7F739FA200010BD2000F7F734FA4C
:10BA900029F008FB10B50400806800282BD0204B4B
:10BAA0002E22836000232C21C36003742433C254EC
:10BAB000A2680133D15400221A4B1868A368815C34
:10BAC0009B18263301321970242AF7D10022164B15
:10BAD0001868A368815C9B184A33013219701A2ACE
:10BAE000F7D1A368114A5A6104229A61104ADA61B7
:10BAF00005221A6210BD6830F7F7F6F90D4A0023E7
:10BB00000260002243608360C36003744361836109
:10BB1000C361036283846433C254A060BFE7C0463C
:10BB20000C610410181F00201C1F0020DC7E041074
:10BB30005C66041098A20410094B10B50400036061
:10BB40008068002802D003685B6898472000FEF7F1
:10BB500099FB200010BD2000FEF794FB29F0A2FA0B
:10BB6000B4B404100D4B10B50400036080680028C5
:10BB700002D003685B6898472000FEF783FB200033
:10BB8000F7F7BAF9200010BD2000FEF77BFB20007C
:10BB9000F7F7B2F929F086FAF9E7C046B4B4041011
:10BBA00070B584680500002C26D01F4B2000A360D0
:10BBB0000023E36023742E336362023BA3621B4BBA
:10BBC000BC301A6823002C331178013202C383423F
:10BBD000FAD12000164A25301268FF301178013260
:10BBE00002C38342FAD1134B63610423A361124B56
:10BBF000E3610523236270BD94204000F7F774F9D8
:10BC00000E4A002302609222520043608360C360A8
:10BC1000037443618361C36103624362836204000E
:10BC20008354A860C1E7C0460C610410181F0020AF
:10BC30001C1F0020E09A0410F49A0410A8A204101B
:10BC4000094B10B5040003608068002802D0036827
:10BC50005B6898472000FEF715FB200010BD200010
:10BC6000FEF710FB29F01EFA08C204100D4B10B5A8
:10BC7000040003608068002802D003685B6898476E
:10BC80002000FEF7FFFA2000F7F736F9200010BD7C
:10BC90002000FEF7F7FA2000F7F72EF929F002FA54
:10BCA000F9E7C04608C204100D4B10B503606423C9
:10BCB000C35C0400002B0ED08068002801D0F7F789
:10BCC0001FF96069002801D0F7F71AF9E069002828
:10BCD00001D0F7F715F92000FEF7D4FA200010BDC7
:10BCE00098A2041010B50400FFF7DEFF2000F7F75C
:10BCF00003F9200010BD2000F7F7FEF829F0D2F973
:10BD00000E4B10B5036092235B00C35C0400002B54
:10BD10000ED08068002801D0F7F7F2F8606900289B
:10BD200001D0F7F7EDF8E069002801D0F7F7E8F85F
:10BD30002000FEF7A7FA200010BDC046A8A20410FC
:10BD400010B50400FFF7DCFF2000F7F7D5F820005E
:10BD500010BD2000F7F7D0F829F0A4F910B50400C1
:10BD6000806800282BD0204B2E22836000232C21BA
:10BD7000C36003742433C254A2680133D154002237
:10BD80001A4B1868A368815C9B182633013219701E
:10BD9000242AF7D10022164B1868A368815C9B18EF
:10BDA0004A33013219701A2AF7D1A368114A5A612D
:10BDB00004229A61104ADA6105221A6210BD6830C5
:10BDC000F7F792F80D4A0023026000224360836077
:10BDD000C360037443618361C3610362838464331A
:10BDE000C254A060BFE7C0460C610410181F0020B9
:10BDF0001C1F0020DC7E04105C66041098A2041056
:10BE000070B5104B856804000360002D0AD02B68C4
:10BE10000D4A5B682800934209D1FFF745FF2800CF
:10BE2000F7F76AF82000FEF72DFA200070BD98475A
:10BE3000F8E702E02800F7F75FF82000FEF722FAA3
:10BE400029F030F9E0CA0410E5BC001010B5040078
:10BE5000FFF7D6FF2000F7F74FF8200010BD2000B5
:10BE6000F7F74AF829F01EF970B584680500002C30
:10BE700026D01F4B2000A3600023E36023742E33E1
:10BE80006362023BA3621B4BBC301A6823002C3355
:10BE90001178013202C38342FAD12000164A2530BC
:10BEA0001268FF301178013202C38342FAD1134B7A
:10BEB00063610423A361124BE3610523236270BD18
:10BEC00094204000F7F710F80E4A002302609222F7
:10BED000520043608360C360037443618361C36144
:10BEE00003624362836204008354A860C1E7C046D2
:10BEF0000C610410181F00201C1F0020E09A041081
:10BF0000F49A0410A8A2041070B5104B85680400C0
:10BF10000360002D0AD02B680D4A5B68280093420D
:10BF200009D1FFF7EDFE2800F6F7E6FF2000FEF747
:10BF3000A9F9200070BD9847F8E702E02800F6F75D
:10BF4000DBFF2000FEF79EF929F0ACF83CD404108A
:10BF500041BD001010B50400FFF7D6FF2000F6F732
:10BF6000CBFF200010BD2000F6F7C6FF29F09AF89D
:10BF7000009B03201A607047002070470020704724
:10BF800004207047009B03201A60704710B57F297A
:10BF900008D8036842689A4252D05A1C026019704D
:10BFA000012010BD80231B01994211D20268436811
:10BFB0009B1A012B44D9531C03608B09403B13701F
:10BFC0000268531C03603F230B40803B1370E7E77C
:10BFD00080235B02994223D388235B0399422FD2AB
:10BFE000026843689B1A032B2AD9531C03608B0CED
:10BFF000103B137004680A0B631C03603F231A4054
:10C00000803A22700468621C02608A091A40803AF1
:10C01000227002680B40541C803B04601370BFE721
:10C02000026843689B1A022B0AD9531C03600B0B4E
:10C03000203B137004688A09631C03603F23E5E713
:10C040000020AEE7F0B5C64603684268040000B5BC
:10C05000D51A9A4207D018787F2807D80133236071
:10C0600080BCB846F0BD02204042F9E7C12835D96E
:10C07000DF281FD9EF2834D8012DF4D05A783F2675
:10C080001700B743802F29D1E02825D0022DEAD010
:10C090009D783F262F00B743802F1FD12C4E0003E1
:10C0A000B44665444019920180188142D8D30333C5
:10C0B0002360D5E7012DD6D05A783F251600AE4330
:10C0C000802E0BD1234D8001AC4662448018814202
:10C0D000C6D302332360C3E79F2AD7D8012040424A
:10C0E000BEE7F428FAD8802252029142F6D3012DFD
:10C0F000B9D05A783F2617009046B743802FEDD12C
:10C10000F02822D0F42801D18F2AE7D8022DAAD016
:10C110009E783F273200BA43802ADFD1032DA2D078
:10C12000DD782A00BA43802AD8D10B4A800494468D
:10C1300042466544401912038018B60180198142B5
:10C1400000D28DE7043323608AE78F2ADED8C5E763
:10C1500080DFF1FF80CFFFFF80DF37FC10B57F2944
:10C1600008D8036842689A4249D05A1C0260197084
:10C17000012010BD80231B0199420ED20268436842
:10C180009B1A012B3BD98B09403B1370931C036016
:10C190003F230B40803B5370EAE780235B029942C8
:10C1A0001AD388235B03994229D2026843689B1AF9
:10C1B000032B24D98B0C103B13703F230C0B1C401A
:10C1C000803C54708C091C40803C0B409470803B38
:10C1D000141D0460D370CBE7026843689B1A022BDE
:10C1E0000DD90B0B203B13703F238C091C40803C66
:10C1F0000B405470803BD41C04609370B8E700205F
:10C20000B7E7C046F0B5C64603684268040000B50B
:10C21000D51A9A4207D018787F2807D801332360AF
:10C2200080BCB846F0BD02204042F9E7C12835D9AC
:10C23000DF281FD9EF2834D8012DF4D05A783F26B3
:10C240001700B743802F29D1E02825D0022DEAD04E
:10C250009D783F262F00B743802F1FD12C4E00031F
:10C26000B44665444019920180188142D8D3033303
:10C270002360D5E7012DD6D05A783F251600AE436E
:10C28000802E0BD1234D8001AC4662448018814240
:10C29000C6D302332360C3E79F2AD7D80120404288
:10C2A000BEE7F428FAD8802252029142F6D3012D3B
:10C2B000B9D05A783F2617009046B743802FEDD16A
:10C2C000F02822D0F42801D18F2AE7D8022DAAD055
:10C2D0009E783F273200BA43802ADFD1032DA2D0B7
:10C2E000DD782A00BA43802AD8D10B4A80049446CC
:10C2F00042466544401912038018B60180198142F4
:10C3000000D28DE7043323608AE78F2ADED8C5E7A1
:10C3100080DFF1FF80CFFFFF80DF37FC10B5040026
:10C32000024B0360FDF7AEFF200010BDBCA404105B
:10C3300010B50400024B0360FDF7A4FF200010BD00
:10C3400014A5041010B50400024B0360FDF79AFF1A
:10C35000200010BD6CA5041010B50400024B036052
:10C36000FDF790FF200010BDC4A5041010B5040017
:10C37000044B0360FDF786FF2000F6F7BDFD2000AB
:10C3800010BDC046BCA4041010B50400044B0360EB
:10C39000FDF778FF2000F6F7AFFD200010BDC04686
:10C3A00014A5041010B50400044B0360FDF76AFFE8
:10C3B0002000F6F7A1FD200010BDC0466CA50410BA
:10C3C00010B50400044B0360FDF75CFF2000F6F796
:10C3D00093FD200010BDC046C4A5041070B5160022
:10C3E000882582B0069A002000960193541E6D03A2
:10C3F000002A02D109E0A84205D268460449FFF7A5
:10C4000001FF013CF7D20098801B02B070BDC0460E
:10C41000FFFF1000F0B583B01E00099D0A9C00923A
:10C4200001939A4221D088277F03AC421AD06846F4
:10C430000F49FFF7E7FE009A831C0AD0B8420FD2DB
:10C4400001C59642F1D13000301A431E9841C0B266
:10C4500000E00330089B1A600B9B1D6003B0F0BD29
:10C460000220F7E71000009AEEE71000ECE7C04664
:10C47000FFFF100070B582B014001D00089A079BE2
:10C4800001920093AC421AD0882676032168B1420B
:10C490000AD26846FFF762FE00280DD00434A54298
:10C4A000F4D10020009B01E00220009B069A14605A
:10C4B000099A136002B070BD009B0130F6E70020BE
:10C4C000F4E7C046F0B5CE46474680B583B00A9E35
:10C4D0009146012400920193012E1BD980238827C5
:10C4E0005B02002598467F0306E0404500D22C0001
:10C4F000651C0234A6420DD968460A49FFF782FE40
:10C50000B842F2D34B460098C01A03B0C0BCB9463B
:10C51000B046F0BDA642F5D168460349FFF772FE6A
:10C52000F0E7C046FFFF1000FFFF0000F0B5140069
:10C530001D0083B00A9A099B019200932A1BAC420A
:10C5400038D08027FF0021881B4BCB18BB4219D263
:10C55000022A2CD96388194A9A18BA421FD2184A5B
:10C560008902944663446846C9180226FFF7F6FD1F
:10C57000002811D07600A4192A1BA542E3D100207F
:10C58000009B0EE00D4BCB18BB4208D3684601263A
:10C59000FFF7E4FD0028EDD1009B013001E002200F
:10C5A000009B089A14600B9A136003B0F0BD012041
:10C5B000009BF6E70020F4E70028FFFF0024FFFFC0
:10C5C0000024A0FCF0B5C64604000D00170000B51D
:10C5D0009B073AD4802662682368F600D01A9A42F4
:10C5E00025D01988204A8A18B24222D2069A012AF6
:10C5F00027D002282ED95B881C4A9A18B24220D232
:10C600001B4A890294466344C91802239846B942DA
:10C6100017D82800FFF7BAFC00281BD043465A0061
:10C6200023689B1862682360D01A9342D9D10020F6
:10C6300008E00E4BCB18B34203D301239846B9420E
:10C64000E7D9022080BCB846F0BD08684B681B1AC9
:10C65000022B01D80120F5E703220649F6F73EFC3C
:10C660002B6803332B60B5E70028FFFF0024FFFF92
:10C670000024A0FCE47E041000B587B00393099B5E
:10C68000029204930A9B084A0593002304A900938D
:10C6900002A8FFF797FF029A089B1A60049A0B9B67
:10C6A0001A6007B000BDC046FFFF1000F0B5C646D7
:10C6B00000B582B01D0008AB1B78170000900191F7
:10C6C0005B0725D480235B02002601249846012FB6
:10C6D00007D811E0404500D23400661C0234BC4249
:10C6E0000AD229006846FFF7ADFCA842F2D90098AB
:10C6F00002B080BCB846F0BDBC42F8D1802329000E
:10C700005B029D4200D30A496846FFF79BFCEEE7B7
:10C71000091A0229D6D90378EF2BD3D14378BB2B42
:10C72000D0D18378BF2BCDD103300090CAE7C0466B
:10C73000FFFF000010B519001400002382B0009321
:10C740002000034B049AFFF7B1FF001B02B010BD9D
:10C75000FFFF100070B51600882582B0069A0020F1
:10C7600000960193541E6D03002A02D109E0A842ED
:10C7700005D268460449FFF765FC013CF7D20098F2
:10C78000801B02B070BDC046FFFF1000F0B55746D9
:10C790004E464546DE46E0B51700426883B00400C9
:10C7A00088469246066801935B074CD456451ED0D6
:10C7B00043465B68994680235B029B4643461D685F
:10C7C0004D454FD039002000FFF73CFC831C17D0AB
:10C7D00087424DD358450CD2019B80B2DB072FD541
:10C7E0004246AB1C1360288026685645E6D10020DF
:10C7F00007E04B465B1B022B0AD85346266063605A
:10C80000012003B0F0BCBB46B246A946A046F0BD2D
:10C81000184A830A9446184A634494468005800D5A
:10C82000019A60449BB280B2D20703D45BBA40BA8B
:10C830009BB280B242462B802B1D13606880D3E7E9
:10C8400040BA80B2CCE7931B022BAFD93378EF2BE1
:10C85000ACD17378BB2BA9D1B378BF2BA6D103364B
:10C860000660A3E75346F01A431E9841C0B2C8E7DA
:10C870000220C6E7C0D7FFFF00DCFFFF00B585B090
:10C880000193079B00920293089B68460393064A14
:10C89000012302A9FFF77AFF009A069B1A60029A09
:10C8A000099B1A6005B000BDFFFF1000F0B5CE4631
:10C8B00047461D0080B583B00C9B160099460B9C23
:10C8C00000920195AA423FD0802388275B029846B8
:10C8D0007F03A14532D068461C49FFF793FC831CB7
:10C8E00029D0B8422DD240450AD220800234009E81
:10C8F000B542EED12800281A431E9841C0B204E088
:10C900004B461B1B022B09D801200A9B1E600D9B66
:10C910001C6003B0C0BCB946B046F0BD0C4A830AE7
:10C920009446634423800B4B80059C46800D6044F5
:10C9300060800434DBE7009E0330E6E73000009EB1
:10C94000D9E70220009EE0E71000D4E7FFFF1000C7
:10C95000C0D7FFFF00DCFFFF70B582B014001D00E0
:10C96000089A079B01920093AC421AD0882676035E
:10C970002168B1420AD26846FFF708FB00280DD0B3
:10C980000434A542F4D10020009B01E00220009B6A
:10C99000069A1460099A136002B070BD009B0130C2
:10C9A000F6E70020F4E7C046F0B583B01E00099D0D
:10C9B0000A9C009201939A4221D088277F03AC42BF
:10C9C0001AD068460F49FFF73DFB009A831C0AD036
:10C9D000B8420FD201C59642F1D13000301A431E41
:10C9E0009841C0B200E00330089B1A600B9B1D60A9
:10C9F00003B0F0BD0220F7E71000009AEEE7100048
:10CA0000ECE7C046FFFF1000F0B54E464546DE4657
:10CA10005746E0B54B6889B000938B68AB4E0193E5
:10CA200001230A687360AA4B04000D003000002146
:10CA300003923360B260FFF791F97368676801335E
:10CA40007360A44B18009A46FDF702FF0123800093
:10CA5000C651A14E7360A14B3360FDF729FC73688A
:10CA6000B06001339E4867687360FDF7F1FE0123F3
:10CA70008000C6519B4E002273609B4B00213360A7
:10CA8000009B3000B360FEF745FE736867680133B2
:10CA90007360964B18000693FDF7DAFE01238000C1
:10CAA000C651934E00227360924B00213360019B6C
:10CAB0003000B360FEF7DEFD7368676801337360B2
:10CAC0008D4B18000793FDF7C3FE8000C6518B4BBA
:10CAD0008B4E0227336063688A4898467760FDF77B
:10CAE000B7FE43468000C650874E884B8848336067
:10CAF000636877609846FDF7ABFE43468000C650FA
:10CB0000844E854B85483360636877609846FDF7AF
:10CB10009FFE43468000C650814E0121300013F035
:10CB200053FF73687F48013367687360FDF790FEB9
:10CB30008000C6512B69EA68029301236F697A4D20
:10CB400000216B60794B280004922B60AA60FFF7EC
:10CB50008BF96B68666801336B60754B18009946FA
:10CB6000FDF776FE012380008551724D6B60724B9C
:10CB70002B60FDF79DFB6B68A86001336F4866680A
:10CB80006B60FDF765FE0123800085516C4D00222E
:10CB90006B606C4B00212B60029B2800AB60FEF7A2
:10CBA000C1FE6B68666801336B60674B180098467E
:10CBB000FDF74EFE012380008551644D00226B601D
:10CBC000634B002128002B60AF60FEF75BFE6B68B3
:10CBD000666801336B605F4B18000593FDF738FE04
:10CBE000626880008551022693465B4D5B4B5C4832
:10CBF0002B606E60FDF72CFE5A46800085506268FF
:10CC0000584D9346584B59482B606E60FDF720FEF7
:10CC10005A46800085506268554D9346554B56489C
:10CC20002B606E60FDF714FE5A4680008550534D10
:10CC3000012128001FF018FA6B685148013366681B
:10CC40006B60FDF705FE800085515046E568FDF7F5
:10CC5000FFFD039A800042510698E568FDF7F8FD54
:10CC6000009A800042510798E568FDF7F1FD019AAE
:10CC7000800042514846E568FDF7EAFD049A8000CD
:10CC800042514046E568FDF7E3FD029A80004251BB
:10CC90000598E468FDF7DCFD8000075109B0F0BCA1
:10CCA000BB46B246A946A046F0BD3000FDF7EAFA01
:10CCB00028F0F8F92800FDF7E5FA28F0F3F9F9E78C
:10CCC000F8E7F7E7F1E7F0E7EFE7C0467C3C002044
:10CCD000E0CA0410A03D0020F43C0020C4CA0410A7
:10CCE0007C3D0020C43C0020C4CB0410443C002008
:10CCF000D03C002090CB0410483C002040CC0410D5
:10CD0000A43C0020B83D0020B43C002058CC0410C6
:10CD1000C03D0020943C002084CC0410A83D00209D
:10CD20005C3C0020983D0020883C00203CD404104E
:10CD3000A43D0020003D0020E0D30410803D0020F1
:10CD4000DC3C002020D504104C3C0020E83C0020B6
:10CD5000ECD40410503C0020AC3C00209CD50410C6
:10CD6000BC3D0020BC3C0020B4D50410C43D0020D4
:10CD70009C3C0020E0D50410AC3D00206C3C002021
:10CD80009C3D002010B50C0082B0C168049800934F
:10CD900001901300002022000AF0E8FF02B010BD4D
:10CDA000F0B5040010008A6879218BB006911499BF
:10CDB00010AD0591139904911299039101A9C0CD69
:10CDC000C0C100930021030020000BF085FC20006F
:10CDD0000BB0F0BDF0B5040010008A686D218BB077
:10CDE0000691149910AD059113990491129903912C
:10CDF00001A9C0CDC0C100930021030020000BF0A9
:10CE00006BFC20000BB0F0BDF0B5040010008A6888
:10CE100077218BB00691149910AD05911399049167
:10CE20001299039101A9C0CDC0C100930021030054
:10CE300020000BF051FC20000BB0F0BDF0B5040059
:10CE400010008A6864218BB00691149910AD059189
:10CE5000139904911299039101A9C0CDC0C1009307
:10CE60000021030020000BF037FC20000BB0F0BDC8
:10CE7000F0B5040010008A6874218BB006911499F3
:10CE800010AD0591139904911299039101A9C0CD98
:10CE9000C0C100930021030020000BF01DFC200006
:10CEA0000BB0F0BD10B5816800200BF009FC10BD7F
:10CEB000F0B54746CE468C4680B591B00A92050043
:10CEC00010001AAA11780027624698460B930D9716
:10CED000936807970EAF06970DAF05971B9F0391B9
:10CEE000049701A918AF9C460CCF0CC1434608AE6D
:10CEF000624600210AAC0093030030000BF014FDE1
:10CF0000230006CE06C30D9B002B0DD10E9A0F9B5E
:10CF10001D990A604B602B00280006CC06C311B097
:10CF2000C0BCB946B046F0BD1C9A1360F3E7C046DA
:10CF3000F0B58F680021040010008BB010AA15789E
:10CF400012AA167806911499159A04910592119ACD
:10CF50000093029203003A002000002103960195FD
:10CF60000BF03AFE20000BB0F0BDC04610B50A0031
:10CF7000016900200BF094FB10BDC04610B51400F1
:10CF80000A6882B013000C3B01691B680020009402
:10CF90000BF05EFA02B010BD10B50C0082B0C16893
:10CFA0000498009301901300002022000AF0ECFE88
:10CFB00002B010BDF0B5040010008A6879218BB072
:10CFC0000691149910AD059113990491129903914A
:10CFD00001A9C0CDC0C100930021030020000BF0C7
:10CFE0000FFC20000BB0F0BDF0B5040010008A6803
:10CFF0006D218BB00691149910AD05911399049190
:10D000001299039101A9C0CDC0C100930021030072
:10D0100020000BF0F5FB20000BB0F0BDF0B50400D4
:10D0200010008A6877218BB00691149910AD059194
:10D03000139904911299039101A9C0CDC0C1009325
:10D040000021030020000BF0DBFB20000BB0F0BD43
:10D05000F0B5040010008A6864218BB00691149921
:10D0600010AD0591139904911299039101A9C0CDB6
:10D07000C0C100930021030020000BF0C1FB200081
:10D080000BB0F0BDF0B5040010008A6874218BB0BD
:10D090000691149910AD0591139904911299039179
:10D0A00001A9C0CDC0C100930021030020000BF0F6
:10D0B000A7FB20000BB0F0BD10B5816800200BF07D
:10D0C00005FB10BDF0B54746CE468C4680B591B005
:10D0D0000A92050010001AAA1178002762469846A5
:10D0E0000B930D97936807970EAF06970DAF0597B3
:10D0F0001B9F0391049701A918AF9C460CCF0CC14C
:10D10000434608AE624600210AAC0093030030009B
:10D110000BF0B0FC230006CE06C30D9B002B0DD1F7
:10D120000E9A0F9B1D990A604B602B00280006CCBD
:10D1300006C311B0C0BCB946B046F0BD1C9A13601E
:10D14000F3E7C046F0B58BB00400149E159F1000A5
:10D1500010AA15788A68002106911299009303910C
:10D160001199030002912000002104960597019572
:10D170000BF0CEFD20000BB0F0BDC04610B50A008C
:10D18000016900200BF094FA10BDC04610B51400E0
:10D190000A6882B013000C3B01691B6800200094F0
:10D1A0000BF07CF902B010BDF8B50D1A0600002195
:10D1B000280002F09FFC070004000C37012D09D065
:10D1C0002A0031003800F5F789FE084B9C4206D151
:10D1D0003800F8BD33780373044B9C42F8D0002329
:10D1E0002560A36064192373F2E7C046343C002035
:10D1F000036800B51800084A0C3883B0904208D084
:10D20000043B1A68511E1960002A02DC01A902F0D1
:10D21000D9FF03B000BDC046243C0020036800B520
:10D220001800084A0C3883B0904208D0043B1A68B2
:10D23000511E1960002A02DC01A902F0ADFC03B006
:10D2400000BDC046343C002010B5040000208AB068
:10D25000C9680093130003AA09900AF0A3FD099B73
:10D26000002B15D003980499411888420BD0002850
:10D2700011D002AAFFF798FF099B2060002B04D170
:10D2800020000AB010BD094A226003A89847F7E7BA
:10D29000074811F0D5FC074811F0D2FC099B002B80
:10D2A00001D003A8984727F0FDFEC046403C00206F
:10D2B000E87E0410047F0410F0B593B0099318AB16
:10D2C0001F78002311931B9B05001B680892180010
:10D2D0000C3882680BAC0E00002A04DB1B49884224
:10D2E00028D11A0006E000220AA903F09DF80300E5
:10D2F0001B9A1268002000210C3A0B931368B26845
:10D300006360134BA3611A9B049005910393199BCF
:10D3100000210293099B280000930694089B019723
:10D320000BF0F6FCA369002B01D0200098472800E1
:10D3300013B0F0BD0132191F0A601A00DAE7A369C1
:10D34000002B01D02000984727F0ACFE243C0020A1
:10D3500061D60010F0B5CE4600B592B0099318AB77
:10D360001F781AAB1B780BAC99460023A3611B9B5B
:10D3700005001B68089218000C3882680E00002A0D
:10D3800004DB1D4988422AD11A0006E000220AA9BE
:10D3900002F030FD03001B9A12680C3A0B931368DD
:10D3A00000206360154B0021A3614B46B2680393D4
:10D3B000199B049005910293099B0021009328007A
:10D3C000089B069401970BF007FCA369002B01D082
:10D3D00020009847280012B080BCB946F0BD013249
:10D3E000191F0A601A00D8E7A369002B01D020009A
:10D3F000984727F057FEC046343C0020D5DC00108B
:10D4000030B5040000208DB00B90119809690068B8
:10D4100005000C3D2D6802901098009301901300B8
:10D420000020039505AA0BF05FF80B9B002B15D08D
:10D4300005980699411888420BD0002811D004AAFB
:10D44000FFF7B2FE0B9B2060002B04D120000DB033
:10D4500030BD094A226005A89847F7E7074811F050
:10D46000EFFB074811F0ECFB0B9B002B01D005A84C
:10D47000984727F017FEC046403C0020E87E041085
:10D48000047F0410F0B5CE4647460400002080B566
:10D490008BB0C9680093130003AA09900AF0C2FC7C
:10D4A000099B002B36D0039A049D9046AD0026D0F0
:10D4B000002A32D0AF100021380002AA02F02EFE5E
:10D4C0000C23994606008144012F14D0002F04D06C
:10D4D0003A00414648462DF0C9FE154A099B96423E
:10D4E00012D14A462260002B0BD120000BB0C0BCE9
:10D4F000B946B046F0BD43461B68C360EDE70D4A30
:10D50000226003A89847F0E700223760B2607619DE
:10D51000F260E6E7084811F093FB084811F090FB31
:10D52000099B002B01D003A8984727F0BBFDC046FC
:10D53000243C0020303C0020E87E0410047F0410CE
:10D54000F0B5CE4647460400002080B58DB00B9064
:10D5500015980969006805000C3D2D680290149823
:10D560000093019013000020039505AA0BF026F804
:10D570000B9B002B36D0059A069D9046AD0026D019
:10D58000002A32D0AF100021380004AA02F0C6FDF4
:10D590000C23994606008144012F14D0002F04D09B
:10D5A0003A00414648462DF061FE154A0B9B9642D3
:10D5B00012D14A462260002B0BD120000DB0C0BC16
:10D5C000B946B046F0BD43461B68C360EDE70D4A5F
:10D5D000226005A89847F0E700223760B26076190C
:10D5E000F260E6E7084811F02BFB084811F028FB31
:10D5F0000B9B002B01D005A8984727F053FDC04690
:10D60000243C0020303C0020E87E0410047F0410FD
:10D61000084B10B503600400006943685A1E42605D
:10D62000012B02D103685B689847200011F08AFE45
:10D63000200010BD50AD0410084B10B5036004006D
:10D64000006943685A1E4260012B02D103685B687F
:10D65000984720001DF092F9200010BD44AE041040
:10D66000036800B51800084A0C3883B0904201D115
:10D6700003B000BD043B1A68511E1960002AF7DC94
:10D6800001A902F09FFDF3E7243C0020094B10B5EF
:10D6900003600400806843685A1E4260012B02D177
:10D6A00003685B689847044B20002360FCF7EAFDA1
:10D6B000200010BD14AE04109CD50410094B10B509
:10D6C00003600400806843685A1E4260012B02D147
:10D6D00003685B689847044B20002360FCF7D2FD89
:10D6E000200010BD2CAE0410B4D504100A4B10B5A8
:10D6F00003600400006943685A1E4260012B02D196
:10D7000003685B68984720001DF038F92000F5F7A2
:10D71000F3FB200010BDC04644AE0410094B10B509
:10D7200003600400806843685A1E4260012B02D1E6
:10D7300003685B689847044B20002360FCF7A2FD58
:10D74000200010BD60AE041084CC0410094B10B54D
:10D7500003600400806843685A1E4260012B02D1B6
:10D7600003685B689847044B20002360FCF78AFD40
:10D77000200010BD20AD041040CC0410094B10B5A2
:10D7800003600400806843685A1E4260012B02D186
:10D7900003685B689847044B20002360FCF772FD28
:10D7A000200010BD38AD041058CC04100A4B10B541
:10D7B00003600400006943685A1E4260012B02D1D5
:10D7C00003685B689847200011F0BCFD2000F5F766
:10D7D00093FB200010BDC04650AD0410094B10B59E
:10D7E00003600400806843685A1E4260012B02D126
:10D7F00003685B689847044B20002360FCF742FDF8
:10D80000200010BD88AE0410E0D5041000220A4BA1
:10D8100010B5036003690400C068DA6043685A1EEB
:10D820004260012B02D103685B6898472000FEF735
:10D830006BFB200010BDC0466CAD04100B4B10B547
:10D8400003600400806843685A1E4260012B02D1C5
:10D8500003685B689847064B20002360FCF712FDC5
:10D860002000F5F749FB200010BDC04660AE041053
:10D8700084CC04100B4B10B503600400806843682F
:10D880005A1E4260012B02D103685B689847064B21
:10D8900020002360FCF7F6FC2000F5F72DFB2000AC
:10D8A00010BDC04620AD041040CC04100B4B10B589
:10D8B00003600400806843685A1E4260012B02D155
:10D8C00003685B689847064B20002360FCF7DAFC8E
:10D8D0002000F5F711FB200010BDC04614AE041067
:10D8E0009CD504100B4B10B503600400806843689E
:10D8F0005A1E4260012B02D103685B689847064BB1
:10D9000020002360FCF7BEFC2000F5F7F5FA2000AC
:10D9100010BDC04638AD041058CC04100B4B10B5E8
:10D9200003600400806843685A1E4260012B02D1E4
:10D9300003685B689847064B20002360FCF7A2FC55
:10D940002000F5F7D9FA200010BDC0462CAE041017
:10D95000B4D5041000220A4B10B50360036904001B
:10D96000C068DA6043685A1E4260012B02D1036826
:10D970005B6898472000FEF743FA200010BDC046C0
:10D9800078AC04100B4B10B503600400806843684A
:10D990005A1E4260012B02D103685B689847064B10
:10D9A00020002360FCF76EFC2000F5F7A5FA2000AC
:10D9B00010BDC04688AE0410E0D504100B4B10B566
:10D9C00003600400C06843685A1E4260012B02D104
:10D9D00003685B6898472000054B0830236028F0F7
:10D9E000A3FE2000FCF74EFC200010BD9CAC0410F0
:10D9F000C4CA04100B4B10B503600400C068436830
:10DA00005A1E4260012B02D103685B6898472000D0
:10DA1000054B0830236028F087FE2000FCF732FC1D
:10DA2000200010BD90AD0410E0D3041000220B4B79
:10DA300010B5036003690400C068DA6043685A1EC9
:10DA40004260012B02D103685B6898472000FEF713
:10DA5000D7F92000F5F750FA200010BD78AC04107B
:10DA600000220B4B10B5036003690400C068DA6044
:10DA700043685A1E4260012B02D103685B689847D5
:10DA80002000FEF741FA2000F5F736FA200010BD1D
:10DA90006CAD04100D4B10B503600400C068436802
:10DAA0005A1E4260012B02D103685B689847200030
:10DAB000074B0830236028F037FE2000FCF7E2FB1C
:10DAC0002000F5F719FA200010BDC04690AD0410F3
:10DAD000E0D304100D4B10B503600400C068436828
:10DAE0005A1E4260012B02D103685B6898472000F0
:10DAF000074B0830236028F017FE2000FCF7C2FB1C
:10DB00002000F5F7F9F9200010BDC0469CAC0410C8
:10DB1000C4CA041000220B4B10B503600369040053
:10DB2000C068DA601A629A621A6343685A1E4260D9
:10DB3000012B02D103685B6898472000FDF776FF50
:10DB4000200010BDE0AD041000220B4B10B50360A7
:10DB500003690400C068DA609A611A629A624368D5
:10DB60005A1E4260012B02D103685B68984720006F
:10DB7000FDF720FE200010BDB8AC041000220B4BB6
:10DB800010B5036003690400C068DA601A629A6223
:10DB90001A6343685A1E4260012B02D103685B6816
:10DBA00098472000FDF70EFF200010BDACAD04101B
:10DBB00000220B4B10B5036003690400C068DA60F3
:10DBC0009A611A629A6243685A1E4260012B02D11E
:10DBD00003685B6898472000FDF720FE200010BD19
:10DBE000ECAC041000220D4B10B503600369040077
:10DBF000C068DA609A611A629A6243685A1E42608B
:10DC0000012B02D103685B6898472000FDF706FEF0
:10DC10002000F5F771F9200010BDC046ECAC0410EF
:10DC200000220D4B10B5036003690400C068DA6080
:10DC30009A611A629A6243685A1E4260012B02D1AD
:10DC400003685B6898472000FDF7B4FD2000F5F7F6
:10DC500053F9200010BDC046B8AC041000220D4B93
:10DC600010B5036003690400C068DA601A629A6242
:10DC70001A6343685A1E4260012B02D103685B6835
:10DC800098472000FDF7D2FE2000F5F735F9200077
:10DC900010BDC046E0AD041000220D4B10B503606E
:10DCA00003690400C068DA601A629A621A63436802
:10DCB0005A1E4260012B02D103685B68984720001E
:10DCC000FDF780FE2000F5F717F9200010BDC046D3
:10DCD000ACAD0410036800B51800084A0C3883B0D6
:10DCE000904201D103B000BD043B1A68511E196077
:10DCF000002AF7DC01A901F04FFFF3E7343C0020D4
:10DD0000F0B54E4645465746DE468846E0B597B0E4
:10DD10000B939C4622AB1978914600230A92424607
:10DD2000159392680D9306930DAB0593239B0FAE4D
:10DD300004930391079601A920AB0500904605CBFB
:10DD400005C1634608AF009342464B4600213800A8
:10DD50000AAC0AF08FFE230006CF06C30D9BB26902
:10DD6000002B11D0249A13602B0006CC06C3B36994
:10DD7000002B01D030009847280017B0F0BCBB46FC
:10DD8000B246A946A046F0BD002A47D00F9B77684F
:10DD90009946BF0033D0002B43D0BB1000211800A0
:10DDA0000CAA9B4602F0BAF980460C2343449A46DB
:10DDB0005B46012B1FD0002B04D05A4649465046E3
:10DDC0002DF054FA1C4B994698451FD1534625987F
:10DDD0000EA90E9302F08EF90E9B18000C384845E0
:10DDE000C2D0043B1A68511E1960002ABCDC0CA981
:10DDF00002F0E8F9B8E74B461B68C360E2E70F4B57
:10DE00009A460C235B4253449946DFE7002243467F
:10DE1000594647449A601960FA60D7E7084810F0FD
:10DE20000FFF084810F00CFFB369002B01D0300041
:10DE3000984727F037F9C046243C0020303C0020AA
:10DE4000E87E0410047F0410F0B546464F46D646DF
:10DE50008846C0B596B00B939C4620AB1978914686
:10DE600000230A924246159392680D9306930DABD8
:10DE70000593219B0FAE04930391079601A91EAB56
:10DE80000500904605CB05C1634608AF00934246A6
:10DE90004B46002138000AAC0AF046FD230006CFAD
:10DEA00006C30D9BB269002B10D0229A13602B0081
:10DEB00006CC06C3B369002B01D030009847280078
:10DEC00016B0E0BCBA46B146A846F0BD002A20D044
:10DED0000F9871684118884219D000281CD00CAAEC
:10DEE000FFF762F90E900EA9239801F0DBFD0E9B5F
:10DEF0000E4A18000C389042D9D0043B1A68511EC3
:10DF00001960002AD3DC0CA901F046FECFE70848CF
:10DF1000E8E7084810F094FE074810F091FEB36956
:10DF2000002B01D03000984727F0BCF8343C00208B
:10DF3000403C0020E87E0410047F0410436810B5C4
:10DF40005A1E4260012B02D103685B68984710BDDE
:10DF5000F0B5C64600B50B6882B008009B68140097
:10DF60000D0098472423E0542B682800DB6898476D
:10DF70002523E05400230122A3606361E36164333D
:10DF8000E2542B6801A81B6929009847019B0C3BB0
:10DF90001F68781CF4F7ACFF0600010000233A006C
:10DFA00001A801F057FD0023F355019BE76018001D
:10DFB000324F0C38A660B8423BD12B6801A85B6990
:10DFC00029009847019B0C3B1B68581C9846F4F7A6
:10DFD0008FFF060001000023424601A801F03AFD30
:10DFE00000234246B354019B666118000C38A261BD
:10DFF000B84228D12B6801A89B6929009847019B4A
:10E000000C3B1E68701CF4F773FF05000100002331
:10E01000320001A801F01EFD0023AB55019BE56114
:10E0200018000C382662B84217D102B080BCB8463E
:10E03000F0BD043B1A68511E1960002ABDDC694618
:10E0400001F0AAFDB9E7043B1A68511E1960002AC5
:10E05000D0DC694601F0A0FDCCE7043B1A68511EF4
:10E060001960002AE1DC694601F096FDDDE701A8B0
:10E07000FFF7D4F827F016F8F9E7F8E7343C00206A
:10E08000F0B5C64600B50B680D0082B008009B686D
:10E09000140098472B686062DB68280098470023CB
:10E0A0000122A3606361E3612533FF33A062E25480
:10E0B0002B6801A81B6929009847019B0C3B1F682E
:10E0C000781CF4F715FF0600010000233A0001A8B0
:10E0D00001F0C0FC0023F355019B404A18000C38A6
:10E0E000A660E76090424CD12B6829005B6901A8CB
:10E0F0009847019B0C3B1B6898465E1C384B9E4220
:10E100006AD8B6003000F4F7F3FE070001000023E0
:10E11000424601A801F0C6FF0023BE19043E336049
:10E120004346A361019B676118002E4F0C38B8422B
:10E1300031D12B6829009B6901A89847019B0C3BB2
:10E140001B6898465D1C264B9D4238D8AD002800C0
:10E15000F4F7CEFE060001000023424601A801F0BC
:10E16000A1FF00237519043D2B6043462362019BE8
:10E17000E66118000C38B84217D102B080BCB8462E
:10E18000F0BD043B1A68511E1960002AACDC6946D8
:10E1900001F002FDA8E7043B1A68511E1960002A2D
:10E1A000C7DC694602F00EF8C3E7043B1A68511E4B
:10E1B0001960002AE1DC694602F004F8DDE727F087
:10E1C0003FF801A8FFF72AF826F06CFF01A8FFF737
:10E1D0000FF826F067FFF9E727F032F8343C00200B
:10E1E000FEFFFF1F243C0020080010B582B0059CF4
:10E1F00011001A00036800949C68049BA04702B0B9
:10E2000010BDC046080010B582B0059C11001A0070
:10E21000036800949C68049BA04702B010BDC046F0
:10E2200030B514001A000B6883B0DD6801A8069BA6
:10E23000A847A369002B01D020009847019B180034
:10E240000C388268002A09DB1849884218D12360FB
:10E2500003686360164BA36103B030BD00226946BA
:10E2600001F0C8FD019B020018000C382260026812
:10E2700062600F4AA2610D4A9042EDD0191F07E07B
:10E28000191F01320A60236003686360084BA361B1
:10E290000B685A1E0A60002BDEDC694601F07CFC2C
:10E2A000DAE701A8FEF7BAFF26F0FCFE343C0020B6
:10E2B000D5DC001030B514001A000B6883B0DD689F
:10E2C00001A8069BA847A369002B01D0200098470E
:10E2D000019B18000C388268002A09DB1849884223
:10E2E00018D1236003686360164BA36103B030BD8F
:10E2F0000022694602F098F8019B020018000C38D1
:10E300002260026862600F4AA2610D4A9042EDD01D
:10E31000191F07E0191F01320A6023600368636058
:10E32000084BA3610B685A1E0A60002BDEDC6946AD
:10E3300001F048FFDAE701A8FEF75AFF26F0B2FE27
:10E34000243C002061D60010F0B5C64600B50B682D
:10E3500084B008009B6814000D00984760742B6817
:10E360002800DB689847A0742B6828001B6A984730
:10E3700000230122A3606361E36163624333E062CF
:10E38000E2542B6803A81B6929009847039B0C3BA8
:10E390001F68781CF4F7ACFD0600010000233A006A
:10E3A00003A801F057FB0023F355039BE760180017
:10E3B0004E4F0C38A660B84266D12B6803A85B6943
:10E3C00029009847039B0C3B1B68581C9846F4F7A0
:10E3D0008FFD060001000023424603A801F03AFB2E
:10E3E00000234246B354039B666118000C38A261B7
:10E3F000B84254D12B6803A89B6929009847039B16
:10E400000C3B1B68581C9846F4F772FD060001008F
:10E410000023424603A801F01DFB00234246B354EB
:10E42000039BE66118000C382262B84241D12B6888
:10E4300003A8DB6929009847039B0C3B1B68581C09
:10E440009846F4F755FD060001000023424603A854
:10E4500001F000FB00234246B354039B66621800A0
:10E460000C38A262B8422ED12B6828005B6A98470C
:10E4700020632B68039002909B6A28009847606392
:10E4800004B080BCB846F0BD043B1A68511E196048
:10E49000002A00DD91E702A901F07EFB8DE7043B35
:10E4A0001A68511E1960002AA4DC02A901F074FB4D
:10E4B000A0E7043B1A68511E1960002AB7DC02A9C4
:10E4C00001F06AFBB3E7043B1A68511E1960002A89
:10E4D000CADC02A901F060FBC6E703A8FEF79EFEB6
:10E4E00026F0E0FDF9E7F8E7F7E7C046343C002006
:10E4F000F0B5C64600B50B6884B008009B681400F0
:10E500000D00984760742B682800DB689847A0745A
:10E510002B6828001B6A984700230122A3606361CF
:10E52000E36163624333E062E2542B6803A81B6932
:10E5300029009847039B0C3B1F68781CF4F7D8FC14
:10E540000600010000233A0003A801F083FA00232B
:10E55000F355039BE76018004E4F0C38A660B84295
:10E5600066D12B6803A85B6929009847039B0C3B85
:10E570001B68581C9846F4F7BBFC060001000023FA
:10E58000424603A801F066FA00234246B354039BB7
:10E59000666118000C38A261B84254D12B6803A8F8
:10E5A0009B6929009847039B0C3B1B68581C9846A5
:10E5B000F4F79EFC060001000023424603A801F088
:10E5C00049FA00234246B354039BE66118000C3815
:10E5D0002262B84241D12B6803A8DB692900984721
:10E5E000039B0C3B1B68581C9846F4F781FC060003
:10E5F00001000023424603A801F02CFA0023424602
:10E60000B354039B666218000C38A262B8422ED144
:10E610002B6828005B6A984720632B680390029060
:10E620009B6A28009847606304B080BCB846F0BD80
:10E63000043B1A68511E1960002A00DD91E702A907
:10E6400001F0AAFA8DE7043B1A68511E1960002AEE
:10E65000A4DC02A901F0A0FAA0E7043B1A68511E4D
:10E660001960002AB7DC02A901F096FAB3E7043B6F
:10E670001A68511E1960002ACADC02A901F08CFA3E
:10E68000C6E703A8FEF7CAFD26F00CFDF9E7F8E798
:10E69000F7E7C046343C0020F0B5CE46474680B58B
:10E6A0000B680D0085B008009B68140098472B6824
:10E6B0006061DB68280098472B68A0611B6A28000E
:10E6C000984700230122A360E3616362E3626C3335
:10E6D0006063E2542B6803A81B6929009847039BD9
:10E6E0000C3B1F68781CF4F703FC060001000023B4
:10E6F0003A0003A801F0AEF90023F355039B624AE8
:10E7000018000C38A660E760904200D081E02B68CA
:10E7100029005B6903A89847039B0C3B1B6898463C
:10E720005E1C5A4B9E4200D9A1E0B6003000F4F7BF
:10E73000DFFB070001000023424603A801F0B2FC02
:10E740000023BE19043E336043462362039BE76106
:10E7500018004F4F0C38B84266D12B6829009B69CE
:10E7600003A89847039B0C3B1B6898465E1C474BCD
:10E770009E4200D986E0B6003000F4F7B9FB81462E
:10E7800001000023424603A801F08CFC00234E4404
:10E79000043E33604B4663624346A362039B18000A
:10E7A0000C38B8424AD12B682900DB6903A8984786
:10E7B000039B0C3B1B6898465E1C344B9E425FD803
:10E7C000B6003000F4F794FB814601000023424676
:10E7D00003A801F067FC00234E44043E33604B461F
:10E7E000E36243462363039B18000C38B8422FD1E1
:10E7F0002B6828005B6A9847A0632B6803900290FF
:10E800009B6A28009847E06305B0C0BCB946B04693
:10E81000F0BD043B1A68511E1960002A00DD76E73E
:10E8200002A901F0B9F972E7043B1A68511E196098
:10E83000002A92DC02A901F0C5FC8EE7043B1A68AD
:10E84000511E1960002AAEDC02A901F0BBFCAAE748
:10E85000043B1A68511E1960002AC9DC02A901F0A4
:10E86000B1FCC5E703A8FEF7C3FC26F01BFC26F0AD
:10E87000E7FC03A8FEF7D2FC26F014FCF2E7F1E770
:10E8800026F0DEFC26F0DCFC343C0020FEFFFF1FFF
:10E89000243C0020F0B5CE46474680B50B680D00FD
:10E8A00085B008009B68140098472B686061DB689E
:10E8B000280098472B68A0611B6A2800984700230E
:10E8C0000122A360E3616362E3626C336063E2543C
:10E8D0002B6803A81B6929009847039B0C3B1F6802
:10E8E000781CF4F705FB0600010000233A0003A89A
:10E8F00001F0B0F80023F355039B624A18000C386E
:10E90000A660E760904200D081E02B6829005B6937
:10E9100003A89847039B0C3B1B6898465E1C5A4B08
:10E920009E4200D9A1E0B6003000F4F7E1FA0700FA
:10E9300001000023424603A801F0B4FB0023BE19E6
:10E94000043E336043462362039BE76118004F4F48
:10E950000C38B84266D12B6829009B6903A89847F8
:10E96000039B0C3B1B6898465E1C474B9E4200D99C
:10E9700086E0B6003000F4F7BBFA814601000023C0
:10E98000424603A801F08EFB00234E44043E336050
:10E990004B4663624346A362039B18000C38B8429F
:10E9A0004AD12B682900DB6903A89847039B0C3BDD
:10E9B0001B6898465E1C344B9E425FD8B600300000
:10E9C000F4F796FA814601000023424603A801F0BD
:10E9D00069FB00234E44043E33604B46E3624346EA
:10E9E0002363039B18000C38B8422FD12B682800F2
:10E9F0005B6A9847A0632B68039002909B6A28008B
:10EA00009847E06305B0C0BCB946B046F0BD043BD2
:10EA10001A68511E1960002A00DD76E702A901F08C
:10EA2000BBF872E7043B1A68511E1960002A92DC99
:10EA300002A901F0C7FB8EE7043B1A68511E19605A
:10EA4000002AAEDC02A901F0BDFBAAE7043B1A686C
:10EA5000511E1960002AC9DC02A901F0B3FBC5E709
:10EA600003A8FEF7C5FB26F01DFB26F0E9FB03A873
:10EA7000FEF7D4FB26F016FBF2E7F1E726F0E0FB09
:10EA800026F0DEFB343C0020FEFFFF1F243C00206C
:10EA900010B50C00D118100082B0914215D0002A98
:10EAA0001FD06A46FEF780FB236801909B68200018
:10EAB000049A01A99847019B040018000D4A0C38DC
:10EAC000904204D1200002B010BD0B48ECE7043B9B
:10EAD0001A68511E1960002AF4DC694601F05CF8DE
:10EAE000F0E7064810F0ACF801A8FEF797FB26F017
:10EAF000D9FAC046343C0020403C0020047F04107A
:10EB000010B50C00D118100082B0914215D0002A27
:10EB10001FD06A46FEF748FB236801909B682000DF
:10EB2000049A01A99847019B040018000D4A0C386B
:10EB3000904204D1200002B010BD0B48ECE7043B2A
:10EB40001A68511E1960002AF4DC694601F024F8A5
:10EB5000F0E7064810F074F801A8FEF75FFB26F016
:10EB6000A1FAC046343C0020403C0020047F041041
:10EB7000F0B5C64600B586B01F000E980F9B0D007D
:10EB8000C118140081422DD000285AD002AAFEF7E5
:10EB90000BFB0D9A2B6804AE00920196DB68049083
:10EBA00098463A0029000C9B05A8C047A369002B92
:10EBB00001D020009847059B18000C388268002A75
:10EBC00012DB264DA8422BD123602B686360244BB7
:10EBD000A361049B18000C38A84217D106B080BC72
:10EBE000B846F0BD1F48D4E7002203A901F002F99E
:10EBF000059B020018000C3822600268174D626005
:10EC0000174AA261A842E4D0191F11E0043B1A6818
:10EC1000511E1960002AE1DC05A900F0BDFFDDE707
:10EC2000191F01320A602360036863600C4BA36103
:10EC30000B685A1E0A60002BCBDC03A900F0ACFF66
:10EC4000C7E709480FF0FCFF05A8FEF7E7FA300018
:10EC5000FEF7E4FA26F026FAF9E7C046343C002035
:10EC6000D5DC0010403C0020047F0410F0B546467F
:10EC7000D6464F46C0B586B09846119B0D0014008D
:10EC80009E004AD0109B002B00D17DE0B3101800ED
:10EC9000002102AA994601F041FA0C239A464B46FC
:10ECA00007008244012B34D0002B04D04A46504642
:10ECB00010992CF0DBFA3A4B9F425ED153460F9AE3
:10ECC00004AE04932B6800920196DF684246290047
:10ECD0000E9B05A8B847A369002B01D020009847D8
:10ECE000059B18000C388268002A19DB2C4DA842BD
:10ECF00032D123602B6863602A4BA361049B180008
:10ED00000C38A8421ED106B0E0BCBA46B146A846AF
:10ED1000F0BD109B1B68C360CDE7234B9A46CDE73F
:10ED2000002203A901F080FB059B020018000C38AB
:10ED3000226002681A4D62601A4AA261A842DDD0C0
:10ED4000191F11E0043B1A68511E1960002ADADC11
:10ED500005A901F037FAD6E7191F01320A602360CE
:10ED6000036863600F4BA3610B685A1E0A60002B97
:10ED7000C4DC03A901F026FAC0E700234A46BB60C1
:10ED80003A60BF19FB6099E708480FF059FF02E0AD
:10ED900005A8FEF72DFA3000FEF72AFA26F082F9D0
:10EDA000243C002061D60010303C0020047F041079
:10EDB000080010B5036811001B69984710BDC046D4
:10EDC000080010B5036811001B69984710BDC046C4
:10EDD00010B50B6808009B68984710BD10B50B680C
:10EDE00008009B68984710BD82B0F0B58BB01193B6
:10EDF00018AB1B781100643B444ADBB29B00D3582C
:10EE0000040006A89F46020011AB60CB60C213004D
:10EE10001D0013AAC0CAC0C5179D0A680495169D97
:10EE200020000395159D02956D46C0CBC0C5556960
:10EE3000079B069AA84720000BB0F0BC08BC02B0A4
:10EE40001847020011AB60CB60C213001D0013AA6B
:10EE5000C0CAC0C5179D0A680495169D2000039579
:10EE6000159D02956D46C0CBC0C5D568079B069A17
:10EE7000A847E0E7020011AB60CB60C213001D00A1
:10EE800013AAC0CAC0C5179D0A680495169D200024
:10EE90000395159D02956D46C0CBC0C59569079B2E
:10EEA000069AA847C7E7020011AB60CB60C2130007
:10EEB0001D0013AAC0CAC0C5179D0A680495169DF7
:10EEC00020000395159D02956D46C0CBC0C5156900
:10EED000079B069AA847AEE7020011AB60CB60C261
:10EEE00013001D0013AAC0CAC0C5179D0A68049567
:10EEF000169D20000395159D02956D46C0CBC0C59B
:10EF0000D569079B069AA84795E7C04614A6041042
:10EF100082B0F0B58BB0119318AB1B781100643B35
:10EF2000444ADBB29B00D358040006A89F46020067
:10EF300011AB60CB60C213001D0013AAC0CAC0C5CC
:10EF4000179D0A680495169D20000395159D02954E
:10EF50006D46C0CBC0C55569079B069AA8472000DF
:10EF60000BB0F0BC08BC02B01847020011AB60CB7C
:10EF700060C213001D0013AAC0CAC0C5179D0A684D
:10EF80000495169D20000395159D02956D46C0CBF6
:10EF9000C0C5D568079B069AA847E0E7020011ABF9
:10EFA00060CB60C213001D0013AAC0CAC0C5179D64
:10EFB0000A680495169D20000395159D02956D46DF
:10EFC000C0CBC0C59569079B069AA847C7E7020052
:10EFD00011AB60CB60C213001D0013AAC0CAC0C52C
:10EFE000179D0A680495169D20000395159D0295AE
:10EFF0006D46C0CBC0C51569079B069AA847AEE70A
:10F00000020011AB60CB60C213001D0013AAC0CA7E
:10F01000C0C5179D0A680495169D20000395159D8F
:10F0200002956D46C0CBC0C5D569079B069AA84717
:10F0300095E7C0466CA6041082B0F0B55746454629
:10F04000DE464E46E0B58FB019931DAB1B78050028
:10F050009A46136811009C46209B19AC002B23D0C4
:10F060000AA8030044CC44C322001C00C0CAC0C488
:10F07000209A280005921F9A04921E9A03925246E3
:10F0800002926A4690CB90C263460A9A9C680B9B98
:10F09000A04728000FB0F0BCBB46B246A946A04628
:10F0A000F0BC08BC02B0184707AB9946334B08A820
:10F0B000079322000300C0CAC0C31E001BAA9B46C0
:10F0C00088CA88C64A46534605921F9A02930492FC
:10F0D0001E9A5B4603926A46B046C0CBC0C26346E6
:10F0E0004046DE68089A099BB0472300424603CA9F
:10F0F00003C31F9B1B68002B18D1219B9B69002B0E
:10F1000001D021989847079A10000C38816800298F
:10F110001FDB1B4B984227D1160011000C3E219F8C
:10F120003A6032687A60174ABA6103E00799144B73
:10F1300008000C382A00C0CCC0C29842A9D00439BB
:10F140000B685A1E0A60002BA3DC414600F024FD28
:10F150009FE7002206A900F04DFE079902000E006D
:10F160000C3E3000064BDAE7161F01313160D3E761
:10F170004846FEF753F825F095FFC046403C002076
:10F18000343C0020D5DC001082B0F0B5574645462F
:10F19000DE464E46E0B58FB019931DAB1B780500D7
:10F1A0009A46136811009C46209B19AC002B23D073
:10F1B0000AA8030044CC44C322001C00C0CAC0C437
:10F1C000209A280005921F9A04921E9A0392524692
:10F1D00002926A4690CB90C263460A9A9C680B9B47
:10F1E000A04728000FB0F0BCBB46B246A946A046D7
:10F1F000F0BC08BC02B0184707AB9946334B08A8CF
:10F20000079322000300C0CAC0C31E001BAA9B466E
:10F2100088CA88C64A46534605921F9A02930492AA
:10F220001E9A5B4603926A46B046C0CBC0C2634694
:10F230004046DE68089A099BB0472300424603CA4D
:10F2400003C31F9B1B68002B18D1219B9B69002BBC
:10F2500001D021989847079A10000C38816800293E
:10F260001FDB1B4B984227D1160011000C3E219F3B
:10F270003A6032687A60174ABA6103E00799144B22
:10F2800008000C382A00C0CCC0C29842A9D004396A
:10F290000B685A1E0A60002BA3DC414600F092FF67
:10F2A0009FE7002206A901F0BFF8079902000E00AF
:10F2B0000C3E3000064BDAE7161F01313160D3E710
:10F2C0004846FDF795FF25F0EDFEC046303C002096
:10F2D000243C002061D6001082B0F0B546464F466F
:10F2E000D646C0B58AB0139315AB1B780400984678
:10F2F00017AB1B78150099461A9B13AE002B31D023
:10F300009A69002A51D003CB4118884240D0002886
:10F310004ED008AF3A00FDF747FF07AB9A463B00D7
:10F32000079006CE06C352462B6803924A460292C5
:10F33000169A2900019242460092DE682000089A3F
:10F340007B68B047079B1E4A18000C38904222D1B8
:10F3500020000AB0E0BCBA46B146A846F0BC08BCE2
:10F3600002B0184708AB1A0003CE03C22A681898E7
:10F37000199904900591494602911699200001912E
:10F380004146009196682900089A099BB047DFE73B
:10F390000C4808AFC1E7043B1A68511E1960002AE7
:10F3A000D6DC390000F0F8FBD2E707480FF048FC44
:10F3B00006480FF045FC5046FDF730FF25F072FE81
:10F3C000343C0020403C0020E87E0410047F041000
:10F3D00082B0F0B557464E464546DE46E0B58DB0A4
:10F3E000179319AB1B7804009A461E9B150017AEA5
:10F3F000002B47D09A69002A00D179E01A685B682F
:10F4000007929B00984653D0002A00D173E09B10CE
:10F410000AAF18003A0000219B4600F07FFE0C2343
:10F4200081464B4406935B46012B4BD0002B43D1C6
:10F43000354B994554D109AB9846069B200009935A
:10F440003B0006CE06C342462B6803921B9A290056
:10F4500002921A9A019252460092DE680A9A7B68DA
:10F46000B047099B284A18000C3890422ED1200042
:10F470000DB0F0BCBB46B246A946A046F0BC08BCE5
:10F4800002B018470AAB1A0003CE03C22A681C98C0
:10F490001D99049005911B99200002911A990B9BCC
:10F4A000019151460091966829000A9AB047DEE71B
:10F4B000164B0AAF0693BEE75A46079906982BF0FB
:10F4C000D5FEB5E7079B1B68C360B1E7043B1A682C
:10F4D000511E1960002ACADC390000F073FEC6E72D
:10F4E0004B46002259469A6019604344DA60A2E70D
:10F4F00007480FF0A5FB07480FF0A2FB4046FDF7B9
:10F5000077FE25F0CFFDC046243C0020303C002093
:10F51000E87E0410047F0410022370B5C84A0E0070
:10F520005B42C849040025F045FC051E02D0066870
:10F53000300070BDC44B9E4247D0C44B9E4200D1A8
:10F540008DE0C34B9E426CD0C24B9E4200D197E0EF
:10F55000C14B9E4200D19FE0C04B9E4200D1A7E02C
:10F56000BF4B9E4200D1D5E0BE4B9E4200D103E18D
:10F57000BD4B9E4200D10DE1BC4B9E425DD0BC4BC9
:10F580009E4200D134E1BB4B9E4200D13DE1BA4BDB
:10F590009E4200D146E1B94B9E4200D1A4E1B84B56
:10F5A0009E4200D1D2E1B74B9E4200D000E214202F
:10F5B000F3F79AFC002106001CF056FD63683461E5
:10F5C00001336360B04B3360B2E71420F3F78CFC77
:10F5D00006006820F3F788FC0023AC4A0021026093
:10F5E000642243608360C360037443618361C361C9
:10F5F000036283847360A64B81540500B0600021D0
:10F6000030003360FCF7AAFB63682A0001336360B3
:10F61000A04B21000020F4603360356108F0A6FAA9
:10F6200086E70C20F3F760FC636806000133636033
:10F63000994B4560846003607AE71020F3F754FC2F
:10F6400000234360954B06000360FAF731FE6368C0
:10F65000B06001336360924BF460336068E7102060
:10F66000F3F742FC8F4B456003600600FAF720FE7B
:10F670006368B060013363608B4BF460336057E7BD
:10F680000C20F3F731FC6368060001336360874B9D
:10F690004560846003604BE70C20F3F725FC63684A
:10F6A000060001336360824B4560846003603FE77E
:10F6B0001420F3F719FC06004420F3F715FC7D4BEA
:10F6C000002203600023432143608360C360038200
:10F6D00043618361C361036243628362C362036304
:10F6E00043637360744B827405004254B06000221F
:10F6F000002130003360FBF7BDFF63682A0001334F
:10F7000063606E4B21000020F4603360356108F0C7
:10F71000CFFB0DE71420F3F7E7FB06004420F3F7D7
:10F72000E3FB674B002203600023432143608360B7
:10F73000C360038243618361C36103624362836286
:10F74000C3620363436373605E4B8274050042547B
:10F75000B0600022002130003360FBF7DBFF6368FC
:10F760002A0001336360584B21000020F4603360AD
:10F77000356108F03DFCDBE61420F3F7B5FB002112
:10F78000060011F021F963683461013363604F4B67
:10F790003360CDE61420F3F7A7FB06009420400069
:10F7A000F3F7A2FB4A4A0023026092225200436010
:10F7B0008360C360037443618361C3610362436216
:10F7C000836273608354434B0500B06000213000B6
:10F7D0003360FCF749FB63682A00013363603E4BEA
:10F7E00021000020F4603360356108F031FA9FE6B3
:10F7F0000C20F3F779FB00234360636806000133B4
:10F800006360364B8460036092E60C20F3F76CFB78
:10F81000002343606368060001336360304B8460FB
:10F82000036085E60C20F3F75FFB00234360636809
:10F830000600013363602B4B8460036078E6C046AA
:10F84000B8AB04104C9A0410A03D00207C3D002071
:10F85000A83D0020B83D0020C03D0020483C0020CD
:10F86000443C0020983D0020A43D0020803D002025
:10F87000AC3D0020BC3D0020C43D0020503C002099
:10F880004C3C00209C3D002044AE041098A2041083
:10F89000E0CA041078AC041060AE0410E0D3041089
:10F8A00090AD0410C4CA04109CAC041020AD041028
:10F8B00038AD041058A2041090CB0410B8AC04105A
:10F8C00068A20410C4CB0410ECAC041050AD0410BA
:10F8D000A8A204103CD404106CAD041088AE04102F
:10F8E00014AE04102CAE04101420F3F7FDFA060039
:10F8F0007020F3F7F9FA504A002302606C2243604B
:10F900008360C360037443618361C36103624362C4
:10F910008362C362036343638363C363736083541B
:10F92000464B0500B0600022002130003360FBF739
:10F93000A9FF63682A0001336360414B2100002066
:10F94000F4603360356108F0F3FBF1E51420F3F760
:10F95000CBFA06007020F3F7C7FA3A4A0023026098
:10F960006C2243608360C360037443618361C3613D
:10F97000036243628362C362036343638363C3635B
:10F9800073608354304B0500B060002200213000CA
:10F990003360FBF7C7FF63682A00013363602B4BBA
:10F9A00021000020F4603360356108F089FCBFE578
:10F9B00027480FF045F93000FAF764FC3000F3F700
:10F9C0009BFA25F06FFBF9E7F5E7F7E7F6E7F5E7D0
:10F9D000F1E7F0E7F068FEF7B1FA3000FCF710FA53
:10F9E000ECE7E8E7F068FEF7A9FA3000FBF7E2FE83
:10F9F000E4E7F068FEF7A2FA3000FBF70FFFDDE75F
:10FA0000D9E7DBE7DAE7F068FEF798FA3000FCF7B1
:10FA10007BFAD3E7CFE7D1E7F068FEF78FFA300043
:10FA2000FBF7D0FFCAE7F068FEF788FA3000FBF773
:10FA3000FDFFC3E7BFE7C1E778A20410ECD40410D0
:10FA4000ACAD041088A2041020D50410E0AD041061
:10FA5000307F041070B50E0001681D000B000C3BD8
:10FA60001C68A54213D8641B94420AD8002C06D007
:10FA70004919012C08D022003000F3F72FFA20009A
:10FA800070BD141EFBD0F3E70B783370F7E723004B
:10FA90002A00024902480FF01BF9C046987F041063
:10FAA000607F0410036830B51A000C3A9468002C8B
:10FAB00001DA002494600A6814000C3CA568002D4B
:10FAC00001DA0025A56002600B6030BD006810B54A
:10FAD00003000C3B1C68A24203D307E00132A242A0
:10FAE00004D0835C8B42F9D0100001E00120404239
:10FAF00010BDC046144B10B50400984221D888426E
:10FB000015D94B00984200D21C002300200080220F
:10FB10001D330D30520193420BD9A14209D29446B4
:10FB20001B051B0D6444E41A074B9C4207D82000B8
:10FB30000D30F3F7D9F900234460836010BD1C0039
:10FB4000F5E702480FF094F8FCFFFF3FAC7F04108C
:10FB5000F8B504000D00002802D10D4E3000F8BDAC
:10FB60000021FFF7C7FF060007000C36012C0DD05F
:10FB7000220029003000F3F7ABF9064B9F42EDD08D
:10FB800000233C60BB603F193B73E7E70573F4E774
:10FB9000403C0020343C002010B5F3F7ADF910BD17
:10FBA000F0B557464E464546DE46E0B51F000368B1
:10FBB000050018009946BB1A98460C380668531879
:10FBC0000C004168B0449A4683B0F61A884502D8C2
:10FBD0008368002B2EDD404601AAFFF78BFF0C2324
:10FBE00083465B449946002C06D02968012C44D0FA
:10FBF00022001800F3F772F9002E10D12B68294C5F
:10FC000018000C38A04240D14B462B60A3452BD1A5
:10FC100003B0F0BCBB46B246A946A046F0BD296879
:10FC20000C34E01958445144012E2BD03200F3F724
:10FC300055F9E3E7002E13D0974211D03F19380051
:10FC4000494648445144012E29D032002AF03EFC56
:10FC50002B68144C99460C235B424B449B46D5E7DA
:10FC60008346104CA345D3D04A46002341460C3A64
:10FC7000936011604A465354CAE70B780373002E11
:10FC8000BCD0CCE70B780370B8E7043B1A68511E70
:10FC90001960002AB8DC01A9FFF77EFFB4E70B78F2
:10FCA0000370D5E7343C0020036810B50C3B1A689C
:10FCB0000400002A05D09A68002A03DC012252427F
:10FCC0009A6010BD002300220021FFF769FF23681E
:10FCD0000C3BF3E7F8B50E0001681C0006AB1F787B
:10FCE0000C390E4B0968D31805005B1A9C4211D8D9
:10FCF00023003100FFF754FF002C07D0286880193B
:10FD0000012C05D022003900F3F7E2F82800F8BDF5
:10FD10000770FBE702480EF0ABFFC046FCFFFF3F59
:10FD2000C47F0410F8B5069E1F00330004000D00C8
:10FD3000FFF736FF002E07D020684019012E05D0AE
:10FD400032003900F3F7CAF82000F8BD3B780370A1
:10FD5000FAE7C04670B5040000680B000100224EAF
:10FD60000C39150082B00A68B54239D8984206D9D4
:10FD7000002120000095FFF7D5FF02B070BD861866
:10FD80009E42F5D38E68002EF2DC1A1A95420FD9E6
:10FD9000002A08D0012D1DD019002A002AF096FB58
:10FDA000206801000C39114B99420DD12000E4E785
:10FDB000012D0FD0002DF6D019002A00F3F78EF890
:10FDC000206801000C39EEE700230D608B6043557D
:10FDD0002000D2E71B780370206801000C39E2E7AD
:10FDE00003480EF045FFC046FCFFFF3F343C0020B7
:10FDF000E47F04100B0070B541680400006810181F
:10FE00001A00FFF777FE0600226805000C36002A6C
:10FE100007D0012A0AD0210030000C31F3F75EF838
:10FE20002268084B9D4207D1300070BD237B0373CD
:10FE3000044B22689D42F7D000232A60AB60AD18C6
:10FE40002B73F1E7343C002030B50400006883B028
:10FE50000C384368994203D88268002A0DDD1900E6
:10FE600002688A1A01A9FFF7C5FF23680500180078
:10FE7000084A0C38904202D1256003B030BD043BE3
:10FE80001A68511E1960002AF6DC01A9FFF784FEEA
:10FE90002560F2E7343C0020F0B50D000968C64645
:10FEA0000B000C3B1E68040000B5002E20D000683B
:10FEB00002000C3A13689F19B8465768B84502D833
:10FEC0009268002A08DD41462000FFF7BDFF206848
:10FED000296803000C3B1B68C018012E12D03200A9
:10FEE000F2F7FCFF2268094913000C3B8B4203D157
:10FEF000200080BCB846F0BD0021404699601860E3
:10FF00001154F5E70B780370ECE7C046343C002051
:10FF1000F8B505000E00141E01D12800F8BD0368D5
:10FF20001E4918000C380268891A8C4233D841687F
:10FF3000A7188F4214D88168002911DC9818012C69
:10FF40001BD022003100F2F7C9FF2A6814491300C0
:10FF50000C3B8B42E1D000211F609960D155DCE75A
:10FF6000B3420DD939002800FFF76EFF2B681A0045
:10FF70000C3A12689818012CE3D133780370E4E747
:10FF80009A189642EED839002800F61AFFF75CFF5F
:10FF90002B689E19EBE703480EF06AFEFCFFFF3F5B
:10FFA000343C0020FC7F0410F8B506000C0015005E
:10FFB000002901D13000F8BD0368164918000C383B
:10FFC0000268891A8C4222D84168A7188F4202D849
:10FFD0008168002907DD39003000FFF735FF3368FD
:10FFE0001A000C3A12689818012C0ED02200290031
:10FFF000F2F76EFF3268084913000C3B8B42D9D0F0
:020000041001E9
:1000000000211F609960D155D4E70570F2E70348DD
:100010000EF02EFEFCFFFF3F343C0020FC7F04105E
:10002000036810B50A4C0C3B1B68A1420CD89942DE
:1000300006D800D310BD5A1A0023FFF7B1FDF9E727
:10004000C91AFFF7B1FFF5E702480EF011FEC046EE
:10005000FCFFFF3F14800410F8B503680D001A0080
:100060000C3A176851687E1C04008E4203D89168D0
:100070003A00002907DD31002000FFF7E5FE236884
:100080001A000C3A12689D542368054A0C3B9342AF
:1000900000D1F8BD00221E609A60DB195A73F8E7A0
:1000A000343C002070B50E0001681D000B000C3BB5
:1000B0001C68A54214D8641B94420BD8002C07D0AE
:1000C000AD004919012C08D0220030002BF0CEF8E9
:1000D000200070BD141EFBD0F2E70B683360F7E719
:1000E00023002A00014902480EF0F2FD987F041017
:1000F000607F0410036830B51A000C3A9468002C35
:1001000001DA002494600A6814000C3CA568002DF4
:1001100001DA0025A56002600B6030BD144B10B5FC
:100120000400984221D8884215D94B00984200D249
:100130001C00201D80000200802310325B019A42C7
:100140000BD9A14209D21205120D9B1A9B08E41883
:10015000074B9C4207D8201D8000F2F7C5FE002304
:100160004460836010BD1C00F5E702480EF080FD7E
:10017000FEFFFF0FAC7F0410F8B504000D0000284F
:1001800002D10E4E3000F8BD0021FFF7C7FF060078
:1001900007000C36012C0ED022002900300028F078
:1001A0000DF8074B9F42EDD000233C60A400BB60DC
:1001B0003F19FB60E6E7C560F3E7C046303C00202E
:1001C000243C002010B5F2F797FE10BDF0B557465D
:1001D0004E4645461C00DE46E0B50E00A11A884694
:1001E000036891199A460C3B1F688946B8447F1AE8
:1001F0005968050083B0884502D89868002832DD28
:10020000404601AAFFF78AFF0C2383465B449A46C7
:100210002B68002E07D0012E47D01900320050461F
:100220002BF024F82B68002F0FD118002A4C0C3823
:10023000A04242D153462B60A3452CD103B0F0BC61
:10024000BB46B246A946A046F0BD4A46A01980006A
:100250000C30910058445918012F2BD03A002BF044
:1002600005F82B68E1E7002F11D094420FD04A46E1
:10027000A0198000910050445144012F27D03A002A
:100280002AF07CF92B689A460C235B4253449B4628
:10029000114CA345D2D05346414600220C3B196075
:1002A0009A608B0051465A50C8E71A68C260002F06
:1002B000BBD0CAE70A680260B7E7043B1A68511E60
:1002C0001960002AB6DC01A9FFF77CFFB2E70A68D3
:1002D0009B46014C0260AFE7243C0020036810B548
:1002E0000C3B1A680400002A05D09A68002A03DC37
:1002F000012252429A6010BD002300220021FFF724
:1003000065FF23680C3BF3E770B50E0001681C0025
:100310000C390F4B0968D31805005B1A9C4213D89F
:1003200023003100FFF752FF002C08D02868B600E8
:100330008019012C05D02200049927F03FFF2800E6
:1003400070BD049B0360FAE702480EF091FCC046C2
:10035000FEFFFF0FC47F0410F8B5069E1F00330098
:1003600004000D00FFF732FF002E08D02068AD001A
:100370004019012E05D0320039002AF077FF200005
:10038000F8BD3B680360FAE770B5040000680B0035
:100390000100224D0C39160082B00A68AE4239D8ED
:1003A000984206D9002120000096FFF7D5FF02B041
:1003B00070BD95004519AB42F4D88D68002DF1DC75
:1003C0001A1A921096420FD8012E19D0002E06D07C
:1003D000190032002AF04AFF206801000C39104B46
:1003E000994210D12000E2E7002AF8D0012E07D070
:1003F000190032002AF0C2F8206801000C39EEE73B
:100400001B680360EBE700220E60B6008A60325082
:100410002000CCE703480EF02BFCC046FEFFFF0F88
:10042000243C0020E47F04100B0070B541680400F8
:10043000006810181A00FFF771FE06002268050018
:100440000C36002A07D0012A0AD0210030000C31D6
:100450002AF00CFF2268094B9D4207D1300070BD85
:10046000E368C360054B22689D42F7D000232A60F1
:100470009200AB60AD18EB60F0E7C046243C002072
:1004800030B50400006883B00C384368994203D843
:100490008268002A0DDD190002688A1A01A9FFF797
:1004A000C3FF236805001800084A0C38904202D1A7
:1004B000256003B030BD043B1A68511E1960002A44
:1004C000F6DC01A9FFF77EFE2560F2E7243C002060
:1004D000F0B50D000968C6460B000C3B1E68040011
:1004E00000B5002E21D0026813000C3B1868871954
:1004F000B8465F68B84502D89F68002F08DD4146BE
:100500002000FFF7BDFF2268296813000C3B186824
:1005100080001018012E13D032002AF0A7FE2268A6
:1005200013000C3B08498B4203D1200080BCB84625
:10053000F0BD40460021870099601860B950F4E78B
:1005400009680160EEE7C046243C0020F8B50500CC
:100550000E00141E01D12800F8BD0368204A1900BE
:100560000C390868121A944237D84A6827189742FB
:1005700016D88A68002A13DC80001818012C1DD0B8
:10058000220031002AF072FE2B681A0015490C3A3D
:100590008A42E0D000211760BF009160D951DAE7AC
:1005A000B3420ED939002800FFF76AFF2B681A0002
:1005B0000C3A106880001818012CE1D132680260F2
:1005C000E3E7800018188642ECD839002800F61AB4
:1005D000FFF756FF2B689E19E9E703480EF048FB2A
:1005E000FEFFFF0F243C0020FC7F0410F8B505003F
:1005F0000C001600002901D12800F8BD0368174A35
:1006000019000C390868121A944224D84A6827182D
:10061000974202D88A68002A07DD28003900FFF7D0
:100620002FFF2B681A000C3A106880001818012C54
:100630000FD02200310027F0C1FD2B681A000849B5
:100640000C3A8A42D8D000211760BF009160D9517E
:10065000D2E70660F2E703480EF00AFBFEFFFF0F49
:10066000243C0020FC7F0410036810B50A4C0C3BAE
:100670001B68A1420CD8994206D800D310BD5A1A63
:100680000023FFF7A3FDF9E7C91AFFF7AFFFF5E76E
:1006900002480EF0EDFAC046FEFFFF0F1480041072
:1006A00070B5040000680D0003000C3B1A6859681F
:1006B000561C8E4202D89968002907DD20003100BF
:1006C000FFF7DEFE206803000C3B1A68920015500D
:1006D000044A934200D170BD00221E60B6009A60A9
:1006E0003250F8E7243C00200800704708007047AB
:1006F00010B50400084B0360083026F015F8237B82
:10070000002B04D0A069002801D0F2F7F9FB2000EB
:10071000F9F7B8FD200010BD0CAF041010B50400AF
:10072000054B0360083025F0FFFF044B20002360D9
:10073000F9F7A8FD200010BD3CAF0410FCD3041055
:1007400010B514008A4203D00298521AF2F7C6FB81
:10075000200010BD10B5180014008A4202D0521AB1
:10076000F2F7BCFB200010BD10B50400074B03607E
:10077000083025F0D9FF064B20002360F9F782FDF1
:100780002000F2F7B9FB200010BDC0463CAF0410BA
:10079000FCD3041010B504000A4B0360083025F0A8
:1007A000C3FF237B002B04D0A069002801D0F2F7FF
:1007B000A7FB2000F9F766FD2000F2F79DFB200063
:1007C00010BDC0460CAF041070B58021C0B004004D
:1007D0006B46002249001A70013201338A42FAD175
:1007E000250023681D35DE690C4B9E4210D140ABBD
:1007F0002800991AF2F772FB8022290068465200FD
:100800002CF03EFA431E98410130207740B070BD75
:100810002B006946200040AAB047EDE755070110BC
:100820004B1E99410A4B10B5416003600400F9F773
:100830003FFD0023A0602373200000F081FA200018
:1008400010BD044B20002360F9F71CFD24F02AFCA6
:100850003CAF0410FCD3041083695B5C9B0701D59B
:100860002039C9B20800704783695B5CDB0701D59A
:100870002031C9B20800704770B50400581E83418A
:1008800000291BD0002522732000802263600D4BBD
:10089000256123606561A161520000211D30F2F7DE
:1008A00017FB200080221E30257700215200FF30E8
:1008B000F2F70EFB044B2000E55470BD0022034903
:1008C000E0E7C0460CAF04101D0200003DE8041034
:1008D000F0B5C64605000C00160000B591421AD2CC
:1008E00002230F4F98460AE04246AB695B5C1A420E
:1008F00001D02039C9B221700134A6420BD02B6837
:1009000021789B68BB42EFD02800984701002170F6
:100910000134A642F3D1300080BCB846F0BDC046D9
:1009200059080110F0B5C64605000C00160000B5C8
:1009300091421AD201230F4F98460AE04246AB6912
:100940005B5C1A4201D02031C9B221700134A64249
:100950000BD02B6821781B69BB42EFD02800984749
:10096000010021700134A642F3D1300080BCB846AA
:10097000F0BDC046690801109223F0B5C646DB0001
:10098000C4181033C518083B0F00904600B5C618B0
:1009900003E001340435B4420AD023783B42F8D056
:1009A0004046296829F09EFB0028F2D0012000E093
:1009B000002080BCB846F0BD10B544292FD80029CE
:1009C00039D0442931D81D4A8B00D3589F461C4842
:1009D0002CF028FD10BD1B482CF024FDFAE71A4826
:1009E0002CF020FDF6E719482CF01CFDF2E7184822
:1009F0002CF018FDEEE717482CF014FDEAE7164836
:100A00002CF010FDE6E715482CF00CFDE2E7144849
:100A10002CF008FDDEE713482CF004FDDAE79729F7
:100A200003D111482CF0FEFCD4E744230B42CED175
:100A300068239943F5D10020CCE7C04674AF041079
:100A40006C8004103C8004107C80041064800410CE
:100A50002C800410748004105C80041054800410F6
:100A60004C800410448004103480041010B5080039
:100A70002DF076FE10BDC04670B50C0016009142F8
:100A80000BD2551E6D1AAD080135AD004D19206809
:100A90002DF066FE01C4AC42F9D1300070BDC046F5
:100AA00010B5080029F024FA10BDC04670B50C003E
:100AB000160091420BD2551E6D1AAD080135AD00DE
:100AC0004D19206829F014FA01C4AC42F9D1300064
:100AD00070BDC046F0B54E46DE4657464546E0B5C9
:100AE00083B099460E0013000192914229D2013B36
:100AF0005B1A9B0801334B449A469423DB009B46C8
:100B0000103B9C468444634600939323DB00984645
:100B1000834480445D460027009C2968306829F0A2
:100B2000E1FA002801D023781F4301340435A045A1
:100B3000F3D14B461F7001239C46E1440436D14556
:100B4000E8D1019803B0F0BCBB46B246A946A04626
:100B5000F0BDC046F0B54E46DE4645465746E0B5C8
:100B600081460E0090469B4683B09A4221D293273D
:100B70001A4BFF0001934F444B4642461B681268D4
:100B80009B689246019A93421BD192249425E400DB
:100B9000ED004C444D4403E001340435BC4216D012
:100BA00023783342F8D05046296829F09BFA002870
:100BB000F2D0404603B0F0BCBB46B246A946A046C0
:100BC000F0BD52463100484698470028F1D1042331
:100BD0009C46E044C345CFD8EBE7C04679090110F5
:100BE000F0B54E46DE4645465746E0B581460E0016
:100BF00090469B4683B09A4226D293271C4BFF0017
:100C000001934F444B4642461B6812689B689246CC
:100C1000019A934220D192249425E400ED004C44A3
:100C20004D4403E001340435BC420DD023783342F7
:100C3000F8D05046296829F055FA0028F2D004234C
:100C40009C46E044C345DDD8404603B0F0BCBB46FB
:100C5000B246A946A046F0BD5246310048469847E4
:100C60000028F1D004239C46E044C345CAD8EBE7F2
:100C700079090110243189000858704730B5050002
:100C80001000914207D20C7801312434A400645939
:100C900010C38842F7D130BD030010B5080014001E
:100CA0007F2902D81A7B002A07D12EF035FC0300D9
:100CB00020005A1C00D0D8B210BD5818407BFBE76A
:100CC000F8B5CE46474680B51E00037B81460D0031
:100CD0001700089C002B18D1914211D2531E5B1AA9
:100CE0009B0801339846A04428682EF015FC330079
:100CF000421C00D0C3B22370013404354445F3D103
:100D00003800C0BCB946B046F8BD9142F8D2531E77
:100D10005B1A9B0801339846A04406E04844437B95
:100D20002370013404354445EAD028687F28F5D97A
:100D30002EF0F2FB3300421CF2D0C3B2F0E7C04603
:100D4000F0B5C64605000700002400B50D3503E0E8
:100D500028550134802C29D020002EF0DDFB431CC7
:100D6000F6D100233D00802600243B7390357600A9
:100D7000200028F023FC013401C5B442F8D19423AB
:100D8000DB00FD18103B984600240126B8443100D2
:100D9000A1404346C9B219553800FFF70DFE013492
:100DA00001C5082CF3D180BCB846F0BD0123D9E7BA
:100DB0008368587C7047C0468368987C7047C046FB
:100DC0008368D86A7047C04610B58368FF241B6BE0
:100DD00082B01800190A1A0C214020400902224052
:100DE000120408431B0E1B061043184302B010BD2B
:100DF00010B58368FF245B6B82B01800190A1A0CC7
:100E00002140204009022240120408431B0E1B0609
:100E10001043184302B010BD8368587C7047C04629
:100E20008368987C7047C0468368D86A7047C0461C
:100E300010B58368FF241B6B82B01800190A1A0CC6
:100E40002140204009022240120408431B0E1B06C9
:100E50001043184302B010BD10B58368FF245B6BCC
:100E600082B01800190A1A0C2140204009022240C1
:100E7000120408431B0E1B061043184302B010BD9A
:100E800024238268D05C704725238268D05C704739
:100E900000207047002070477047C046002010B502
:100EA000914206D21924E0410B78013118188A4288
:100EB000F9D110BD10B50400024B0360F9F7E2F957
:100EC000200010BD5CB5041010B50400044B036095
:100ED000F9F7D8F92000F2F70FF8200010BDC0464E
:100EE0005CB5041010B50400024B0360F9F7CAF9B1
:100EF000200010BD74B5041010B50400044B03604D
:100F0000F9F7C0F92000F1F7F7FF200010BDC04647
:100F100074B5041010B50400024B0360F9F7B2F980
:100F2000200010BD8CB5041010B50400044B036004
:100F3000F9F7A8F92000F1F7DFFF200010BDC04647
:100F40008CB5041010B50400044B0360083025F084
:100F5000EBFB2000F9F796F9200010BD40B5041016
:100F600010B50400FFF7EEFF2000F1F7C5FF2000E9
:100F700010BDC04610B50400044B0360083025F0D6
:100F8000D3FB2000F9F77EF9200010BD98B40410BF
:100F900070B5541A82B005000E0001940F2C0ED8C3
:100FA0000068012C08D10B780370019C286800238D
:100FB0006C60035502B070BD002CF8D006E0002232
:100FC00001A919F0A9F8019B2860AB60220031004B
:100FD000F1F784FF019C2868E9E7C04610B50400DA
:100FE000064B0360083025F09FFB2000F9F74AF913
:100FF0002000F1F781FF200010BDC04698B4041016
:101000008B6870B59D680300083304000360002DF1
:1010100009D028002EF052FA29002A182000FFF7E4
:10102000B7FF200070BD01480DF00AFE8480041057
:101030008B6870B55D690300083304000360002D00
:1010400009D028002EF03AFA29002A182000FFF7CC
:101050009FFF200070BD01480DF0F2FD8480041058
:101060008B6870B5DD690300083304000360002D50
:1010700009D028002EF022FA29002A182000FFF7B4
:1010800087FF200070BD01480DF0DAFD8480041058
:101090008B6870B59D680300083304000360002D61
:1010A00009D028002EF00AFA29002A182000FFF79C
:1010B0006FFF200070BD01480DF0C2FD8480041058
:1010C0008B6870B55D690300083304000360002D70
:1010D00009D028002EF0F2F929002A182000FFF785
:1010E00057FF200070BD01480DF0AAFD8480041058
:1010F0008B6870B5DD690300083304000360002DC0
:1011000009D028002EF0DAF929002A182000FFF76C
:101110003FFF200070BD01480DF092FD8480041057
:101120008B6870B55D6A0300083304000360002D0E
:1011300009D028002EF0C2F929002A182000FFF754
:1011400027FF200070BD01480DF07AFD8480041057
:101150008B6870B59D680300083304000360002DA0
:1011600009D028002EF0AAF929002A182000FFF73C
:101170000FFF200070BD01480DF062FD8480041057
:101180008B6870B5DD690300083304000360002D2F
:1011900009D028002EF092F929002A182000FFF724
:1011A000F7FE200070BD01480DF04AFD8480041058
:1011B0008B6870B55D6A0300083304000360002D7E
:1011C00009D028002EF07AF929002A182000FFF70C
:1011D000DFFE200070BD01480DF032FD8480041058
:1011E0008B6870B55D690300083304000360002D4F
:1011F00009D028002EF062F929002A182000FFF7F4
:10120000C7FE200070BD01480DF01AFD8480041057
:10121000F0B5DE4657464E4645461C00E0B5002573
:101220008DB002AB83466846994600930195FFF75F
:10123000AFFE08AB2100169A06A89A4606930795BA
:10124000FFF7A6FE019B009D9846069C079EA844BA
:10125000A61903E0A64228D0013501342200290056
:10126000584625F003FC071E0DD128002EF026F964
:101270002D1820002EF022F92418A845EAD1361B9B
:10128000731E9E4177420698504501D0F1F734FE17
:101290000098484501D0F1F72FFE38000DB0F0BCA2
:1012A000BB46B246A946A046F0BD0127EBE768461B
:1012B00018F050FF23F0F6FEF0B557464E4645466F
:1012C000DE46E0B51E0008239C46844463468BB08E
:1012D000150003600393002306AA04008A464360B6
:1012E000037204922900320004A80593FFF750FE10
:1012F000049F059B761B7600FB1830000293F1F7E4
:10130000F7FD3E4B05009B4607E0002249465A5434
:1013100043464146636023685A543A00330029002B
:10132000504625F0ADFB0200864210D8461C002D29
:1013300002D02800F1F7E4FD3000F1F7D9FD3A00C2
:10134000010005003300504625F09AFB0200594683
:101350006368CB1A9A4236D82900200019F00AF99E
:1013600038002EF0ABF8029B3F18BB4218D06368E0
:10137000039A994601234B449846236801379A42C1
:101380000CD0A2689045C0D90123002200934946A1
:101390000023200018F00CFF2368B6E70F22F1E7C6
:1013A000002D02D02800F1F7ABFD049806AB98425F
:1013B00001D0F1F7A1FD20000BB0F0BCBB46B24656
:1013C000A946A046F0BD0E480DF052FC23F0F4FFF4
:1013D00024F060FC01E024F029F804A818F0BAFE1B
:1013E000200018F0B7FE23F05DFEF9E723F0E4FFDC
:1013F000002DEDD02800F1F783FDE9E7FFFFFF3F67
:10140000FC7F041008B4F0B5C64600B50E000420F9
:10141000002183B0170028F073F9037804001D0041
:10142000433D432B00D14578002D0FD10AAB390045
:101430003000099A0193F2F751FE0400200003B036
:1014400080BCB846F0BC08BC01B0184720002EF0A4
:1014500035F8451C2800F1F74BFD2A002100804695
:10146000F1F73CFD0949042028F04AF90AAB39009C
:10147000099A30000193F2F731FE4146040004203E
:1014800028F03EF94046F1F73BFDD7E7606C0410C9
:10149000F0B54546DE4657464E46E0B5A1B011933D
:1014A0001D002A9B0C9098462B9BB5480293140074
:1014B0001092F9F7CDF92C9B8000DB6E5B68C35866
:1014C0000893002B01D100F061FEAE48F9F7C0F996
:1014D0002C9B8146DA6E8300D668F6183768002F99
:1014E00001D100F030FC38239C46BC44634607938E
:1014F0003B6A002B03D0BB6A5A1E9341DBB20F93A9
:1015000014AB994616AB4A461493002353601372EA
:101510003B7C002B00D0A9E21CAB1A9300231AAE2F
:10152000202130003372736018F0B8FE39239C46D6
:10153000BC44634604937B6B13930023059306938B
:1015400003930D930A930E93029B01335A42534126
:10155000DBB209931421059A0EAB5B189B5C042B3C
:1015600001D900F02DFE884A9B00D3589F46002CDD
:1015700000D124E200239A466B1C3CD04346002B4A
:1015800045D0029B013300D183E100239A4541D02D
:10159000002C02D06B1C00D12FE2FF21EBB29A4647
:1015A00029400A22049826F017FF002800D1C1E143
:1015B000079B1CAAC01A754B1B681B5C9B46736873
:1015C0009A465D1C3368934200D12AE2B268954284
:1015D00000D9FAE1524659469954002233687560A1
:1015E0005A55039B01330393A368E268934200D3E7
:1015F000D0E10133A360A268E3689A4200D3D2E14C
:10160000002301259A4643466D42002BB9D1099B20
:101610009A45BDD101239B4607E201239B46059BCA
:10162000032B57D0002C00D145E100239A466B1CB8
:1016300000D165E14346002B00D045E1099B9A4566
:1016400000D048E1059B013305935B46002B81D117
:1016500004222D9B1B6813432D9A1360002C00D18C
:1016600000E100276B1C00D158E34346002B00D15A
:1016700000E1029A0023013200D1E8E29F4200D14A
:1016800000E10C9B1A9830C31CAB984201D0F1F7D3
:1016900033FC149816AB984201D0F1F72DFC0C984E
:1016A00021B0F0BCBB46B246A946A046F0BD002C16
:1016B00000D186E26B1C00D1EEE24346002B00D144
:1016C0007DE3029B013300D1A1E300239B46059BF0
:1016D000032BA7D10A9B012B00D86DE25B46002BA0
:1016E000B6D00E9B002B00D0AEE2FB690593002C18
:1016F00000D1E8E201239A46002304936B1C26D014
:101700004346002B00D1E9E2029B013300D189E27C
:101710000023049A934200D1E9E20A9B53454BD03F
:101720002800002C02D06B1C00D1E5E25246059B3C
:10173000C0B29B5C834200D08AE7A368E268934210
:1017400000D3FBE20133A36001239C46E244A2687C
:10175000E3689A4201D300F070FC012500236D423A
:101760000493CDE73B6A002B00D004E2BB6A002B58
:1017700000D00DE301230F9A5A4093465CE1C04626
:101780000C3D0020283D002088B00410201F0020C0
:101790002C9BDB689B0500D578E10A9B012B00D9C7
:1017A00074E1059B002B00D170E1012B00D181E396
:1017B000059B022B00D15EE17368012B00D956E234
:1017C0000E9B002B0BD01A9B1B78302B07D02D23A0
:1017D00000220093002130002C3B18F08FFD4B4677
:1017E0005B689B46002B2ED0069B002B00D126E386
:1017F0006B4634229B181B78049301235B449A4662
:10180000149B16AA934201D100F059FC4A469268F3
:10181000924501D900F006FC5A46049999544B466A
:10182000524651465A600022149B5A54F9684A465F
:10183000B86825F04DFC002805D104222D9B1B68BB
:1018400013432D9A1360069B002B04D0FB6A039A66
:101850009A4200D0FCE631002E9818F0DBFE002CF6
:1018600000D0FEE66F1C7B425F414346FFB2002B77
:1018700000D0FEE6029B01335A425341DBB29F4245
:1018800000D0FEE602222D9B1B6813432D9A1360A5
:10189000F7E643469A68DB689A4200D275E643460B
:1018A0001B6840465B6A9847013000D06DE6002215
:1018B000012390466AE66B1C5A425341DBB29A46BA
:1018C0004346002B00D1B9E6029B013322D000230E
:1018D0009A4500D1B6E62B00002C02D06A1C00D13C
:1018E000B5E0FF201840089B9B691B5C1B0700D4D8
:1018F000A8E6A368E268934200D323E10133A36022
:10190000A268E3689A4200D375E2012500236D4284
:101910009A46D5E743469A68DB689A42D7D343464E
:101920001B6840465B6A98470130D0D100220123F2
:101930009046CDE77B7C534551D03B7C9B46002BAA
:1019400000D167E6BB7C53456FD1069B002B6AD163
:10195000039B002B00D16FE2DBB29B464B465B68DA
:1019600016AA9A465D1C4B461B6893427CD04A4699
:10197000926895424AD85246594699544B4600229D
:101980005D601B685A550023E2680393A368934285
:1019900000D22EE6236820009B6A9847A268E3687D
:1019A0009A4200D22CE6236820005B6A9847050023
:1019B000431C00D024E6012300249A46DEE56B1C7C
:1019C0005A425341DBB29A46D8E5012300220093E4
:1019D00051460023300018F0EBFB3368FAE5069B14
:1019E000002B20D1FB6A002B00DC13E6039B0D9338
:1019F0000123069300230393F6E5A368E26893426C
:101A000000D3E6E11B789A461900CAE501230022BB
:101A1000009351460023484618F0CAFB4B461B680A
:101A2000A9E70F22D3E5069B9B4673685A1E934194
:101A30005A465B421A409346059B01330593042B9B
:101A400000D147E65B46002B00D083E500E6A368A3
:101A5000E268934200D3E4E108991A7889698A5CC4
:101A6000120700D54AE7EDE50F2282E7202148461C
:101A700018F014FC50E50EABDB7D042B06D00F9A5A
:101A8000002A00D124E2032B00D021E2BB690B9392
:101A9000002C00D073E36B1C5A425341DBB29B46CF
:101AA00000239A464346002B36D0029B013323D0B5
:101AB00000239B4537D00B9B534574D02800002C46
:101AC00001D06B1C43D052467B69C0B29B5C834201
:101AD0002CD1A368E268934245D20133A36001236D
:101AE0009C46E244A268E3689A4200D384E201255E
:101AF00000236D429B46D5E743469A68DB689A42CD
:101B0000D6D343461B6840465B6A98470130CFD125
:101B1000002201239046CCE7029B01335A425341F5
:101B2000DBB29B45C7D10B9B53453CD000239B4662
:101B30005346002B80D101222C9BDB685B0A9A4321
:101B4000934679E7236820009B6A9847D8E6A36804
:101B5000E268934200D35BE250467A691978125CDE
:101B60009142BAD0E2E7236820009B6A984701239C
:101B70009C46E244B6E7002C00D164E16B1C00D126
:101B8000ABE14346002B00D171E1029B013300D150
:101B9000C5E2BB6A002B00D0FAE03B6A002B00D103
:101BA000E8E501230E93059B01330593042B00D038
:101BB000D0E4033B9B468DE55B46002B00D147E517
:101BC000FAE56B1C5A425341DBB29A464346002B5E
:101BD00000D1F6E0029A0023013200D119E1534509
:101BE00000D172E5002C6CD028006B1C00D141E2C2
:101BF000FF23089A03409269D35C002293461B0797
:101C000000D40CE5A368E268934200D382E201337A
:101C1000A36001239B46059B032B00D070E60125A2
:101C20006D4257E543469A68DB689A4200D26FE5F9
:101C300043461B6840465B6A9847013000D067E521
:101C400000225B46904664E57B6A05934FE5424679
:101C50009168D268914200D210E543461B68404625
:101C60005B6A9847431C5A425341DBB206E50022A7
:101C70003021300018F04AFD002800D1A0E573683B
:101C8000421C00D166E10200984200D91A000021EE
:101C9000300018F0E7FA93E5A268E3689A4200D2B0
:101CA0000BE5236820005B6A98474346013000D06B
:101CB00004E5002B00D17FE2029B013300D177E2E3
:101CC0000024280094E76B1C5A425341DBB2049372
:101CD00001239A464346002B00D015E5029B0133B1
:101CE0005A425341049ADBB2934200D015E50A9B55
:101CF000534500D0ACE45FE5A368E268934200D3AB
:101D0000ADE15046059A1978125C914200D119E56F
:101D100004222D9B1B6813432D9A1360A268E3686D
:101D20009A4200D3DDE14346002B00D193E1029BB0
:101D3000013300D1CBE101256D42A3E523682000EA
:101D40009B6A984700E54420F1F7CEF8D54B002276
:101D5000036000232C9943608360C3600382436166
:101D60008361C361036243628362C362036343634B
:101D7000433382746C31C25407000EF003F92C9B7C
:101D800039004A46D86EF8F7E1FC3768FFF7ABFB3D
:101D9000002C00D1FDE06B1C00D1C4E04346002BB9
:101DA00000D11FE1029B013300D171E13B6A002B9E
:101DB00000D1DFE4BB6A002B00D0DBE4F1E60023B6
:101DC0009A46029B01335A4253410022DBB29046AD
:101DD00005E7236820005B6A9847FF21C3B29A4653
:101DE0000140013001D0FFF7DCFBFF23FF219A46C1
:101DF0000024FFF7D6FB236820005B6A98470500A4
:101E0000431C00D081E5012300249A4658E50023B5
:101E10009A4643469A68DB689A4200D3A1E00023C1
:101E2000DDE6236820005B6A9847421C511E8A4108
:101E300052420300144054E500239B46F5E56B46EF
:101E40001B7B0493D9E46B1C5A425341DBB29A4684
:101E50004346002B0DD0029A0023013210D1434695
:101E60009A68DB689A4200D387E0002308E00023E9
:101E70009A46029B01335A42534100229046DBB2FC
:101E8000534500D185E6002C3CD028006B1C3BD08C
:101E9000FB69C0B21B78834200D07AE63B6AE268F5
:101EA0000A93A368934200D352E10133A360012552
:101EB0006D4278E60F9B002B00D0E7E50EAB1B7D53
:101EC000032B00D1E2E50EAB9B7D012B00D1DDE5BC
:101ED000059B01330593FFF73DFBA268E3689A4237
:101EE00000D24EE6236820005B6A984743460130E3
:101EF00000D047E6002B00D156E1029B013300D110
:101F00004EE100242800C3E7A368E268934200D3AF
:101F100015E1FA6911781A78914200D10CE1BB6A97
:101F2000002B00D139E6A268E3689A4200D235E777
:101F3000236820005B6A98474346013000D02EE7B3
:101F4000002B00D128E1029B013300D120E10024C5
:101F5000280033E0581E00D2B4E0002800D12FE45E
:101F600091E643461B6840465B6A9847013000D0C3
:101F700055E700220123904631E643461B68404660
:101F80005B6A9847013000D06FE70022012390463A
:101F900076E76B1C5A425341DBB29A464346002B0C
:101FA00022D0029A0023013274D09A4500D1FDE676
:101FB000002CCDD028006B1C00D19EE07B6AC0B203
:101FC0001B78834200D0F1E6BB6AE2680A93A368FB
:101FD000934200D3CAE00133A360012501236D427F
:101FE0000E93E0E500239A46029B01335A42534187
:101FF0000022DBB29046D8E7236820005B6A98474E
:102000000500431C00D072E5012300249B4649E5EE
:10201000236820005B6A9847431C5A1E93415B4229
:102020001C4050E5012300220093594600234846F6
:1020300018F0BEF8149BFFF7EFFB236820005B6AE3
:1020400098470500431C01D0FFF787FB5B4600243F
:102050000493FFF755FB012500276D420AE423682E
:1020600020005B6A9847431C5A1E93415B421C4008
:10207000FFF75CFBA368E268934253D208991A7891
:1020800089698A5C120700D5C1E500239B46C2E539
:1020900000239A4643469A68DB689A4204D200239A
:1020A00083E7C04658A2041043461B6840465B6A5B
:1020B00098470130F3D100220123904675E70F22A3
:1020C000FFF7A6FB00221A9B1A70FFF779FB434625
:1020D0009A68DB680027029D9A4201D2FFF7D2FB83
:1020E000BBE5236820005B6A98470500431C42D08B
:1020F000012500276D42FFF7B8FAA368E268934212
:102100002BD27A6A19781278914200D04EE6BA6AD8
:102110000A9260E7236820009B6A984779E50023CC
:102120009A469CE6236820005B6A9847431C5A1E27
:1021300093415B421C405BE53A6A0A92B5E623682C
:1021400020005B6A9847431C00D0A1E600249FE66C
:10215000236820009B6A9847A9E6236820005B6AF1
:102160009847431C00D029E7002427E72368200074
:102170009B6A984731E701270024FFF776FA00238E
:102180009A469B466B1C00D08CE4ABE40CF048FDF7
:10219000012300249A467DE7012344469A4623E71B
:1021A000012300249A465AE6012344469A4660E6F3
:1021B000012300249A462CE6012344469A4600E671
:1021C00001239B4638E4300017F0C4FF484617F05F
:1021D000C1FF22F067FFF9E723F0EEF83B68380013
:1021E0005B68984723F056FD23F0E6F8FAE723F002
:1021F0001DF922F057FFC046F0B54546DE4657466A
:102200004E46E0B5A1B011931D002A9B0C90984654
:102210002B9BB548029314001092F8F719FB2C9BE6
:102220008000DB6E5B68C3580893002B01D100F07F
:1022300061FEAE48F8F70CFB2C9B8146DA6E8300FA
:10224000D668F6183768002F01D100F030FC38232B
:102250009C46BC44634607933B6A002B03D0BB6A91
:102260005A1E9341DBB20F9314AB994616AB4A4604
:1022700014930023536013723B7C002B00D0A9E21F
:102280001CAB1A9300231AAE202130003372736006
:1022900018F004F839239C46BC44634604937B6BD6
:1022A000139300230593069303930D930A930E93C0
:1022B000029B01335A425341DBB209931421059A20
:1022C0000EAB5B189B5C042B01D900F02DFE884AF5
:1022D0009B00D3589F46002C00D124E200239A464D
:1022E0006B1C3CD04346002B45D0029B013300D1F0
:1022F00083E100239A4541D0002C02D06B1C00D111
:102300002FE2FF21EBB29A4629400A22049826F0D8
:1023100063F8002800D1C1E1079B1CAAC01A754BC5
:102320001B681B5C9B4673689A465D1C336893422E
:1023300000D12AE2B268954200D9FAE152465946E4
:1023400099540022336875605A55039B01330393F7
:10235000A368E268934200D3D0E10133A360A2688E
:10236000E3689A4200D3D2E1002301259A4643460E
:102370006D42002BB9D1099B9A45BDD101239B46E3
:1023800007E201239B46059B032B57D0002C00D16D
:1023900045E100239A466B1C00D165E14346002BC2
:1023A00000D045E1099B9A4500D048E1059B0133E7
:1023B00005935B46002B81D104222D9B1B681343A0
:1023C0002D9A1360002C00D100E100276B1C00D176
:1023D00058E34346002B00D100E1029A002301326A
:1023E00000D1E8E29F4200D100E10C9B1A9830C373
:1023F0001CAB984201D0F0F77FFD149816AB9842C1
:1024000001D0F0F779FD0C9821B0F0BCBB46B24684
:10241000A946A046F0BD002C00D186E26B1C00D17D
:10242000EEE24346002B00D17DE3029B013300D155
:10243000A1E300239B46059B032BA7D10A9B012BFD
:1024400000D86DE25B46002BB6D00E9B002B00D06F
:10245000AEE2FB690593002C00D1E8E201239A4625
:10246000002304936B1C26D04346002B00D1E9E2E5
:10247000029B013300D189E20023049A934200D1E8
:10248000E9E20A9B53454BD02800002C02D06B1C7C
:1024900000D1E5E25246059BC0B29B5C834200D06E
:1024A0008AE7A368E268934200D3FBE20133A360AA
:1024B00001239C46E244A268E3689A4201D300F0FB
:1024C00070FC012500236D420493CDE73B6A002B8D
:1024D00000D004E2BB6A002B00D00DE301230F9A69
:1024E0005A4093465CE1C0460C3D0020243D00204C
:1024F0009CB00410201F00202C9BDB689B0500D59E
:1025000078E10A9B012B00D974E1059B002B00D1D7
:1025100070E1012B00D181E3059B022B00D15EE12C
:102520007368012B00D956E20E9B002B0BD01A9B2F
:102530001B78302B07D02D23002200930021300080
:102540002C3B17F0DBFE4B465B689B46002B2ED0E6
:10255000069B002B00D126E36B4634229B181B7888
:10256000049301235B449A46149B16AA934201D11B
:1025700000F059FC4A469268924501D900F006FCE9
:102580005A46049999544B46524651465A60002285
:10259000149B5A54F9684A46B86824F099FD0028FB
:1025A00005D104222D9B1B6813432D9A1360069BB3
:1025B000002B04D0FB6A039A9A4200D0FCE631005B
:1025C0002E9818F027F8002C00D0FEE66F1C7B42F6
:1025D0005F414346FFB2002B00D0FEE6029B013371
:1025E0005A425341DBB29F4200D0FEE602222D9BAD
:1025F0001B6813432D9A1360F7E643469A68DB681D
:102600009A4200D275E643461B6840465B6A98478B
:10261000013000D06DE60022012390466AE66B1C73
:102620005A425341DBB29A464346002B00D1B9E6E9
:10263000029B013322D000239A4500D1B6E62B003D
:10264000002C02D06A1C00D1B5E0FF201840089B86
:102650009B691B5C1B0700D4A8E6A368E268934251
:1026600000D323E10133A360A268E3689A4200D358
:1026700075E2012500236D429A46D5E743469A68E4
:10268000DB689A42D7D343461B6840465B6A98474B
:102690000130D0D1002201239046CDE77B7C534509
:1026A00051D03B7C9B46002B00D167E6BB7C534559
:1026B0006FD1069B002B6AD1039B002B00D16FE2E8
:1026C000DBB29B464B465B6816AA9A465D1C4B469E
:1026D0001B6893427CD04A46926895424AD852463B
:1026E000594699544B4600225D601B685A55002399
:1026F000E2680393A368934200D22EE62368200089
:102700009B6A9847A268E3689A4200D22CE6236845
:1027100020005B6A98470500431C00D024E6012393
:1027200000249A46DEE56B1C5A425341DBB29A46BE
:10273000D8E501230022009351460023300017F012
:1027400037FD3368FAE5069B002B20D1FB6A002B8E
:1027500000DC13E6039B0D930123069300230393F0
:10276000F6E5A368E268934200D3E6E11B789A4657
:102770001900CAE501230022009351460023484670
:1027800017F016FD4B461B68A9E70F22D3E5069B01
:102790009B4673685A1E93415A465B421A409346C1
:1027A000059B01330593042B00D147E65B46002BC4
:1027B00000D083E500E6A368E268934200D3E4E139
:1027C00008991A7889698A5C120700D54AE7EDE50D
:1027D0000F2282E72021484617F060FD50E50EAB3E
:1027E000DB7D042B06D00F9A002A00D124E2032BB4
:1027F00000D021E2BB690B93002C00D073E36B1C6B
:102800005A425341DBB29B4600239A464346002B73
:1028100036D0029B013323D000239B4537D00B9B3E
:10282000534574D02800002C01D06B1C43D0524675
:102830007B69C0B29B5C83422CD1A368E26893425F
:1028400045D20133A36001239C46E244A268E368B9
:102850009A4200D384E2012500236D429B46D5E7CE
:1028600043469A68DB689A42D6D343461B68404683
:102870005B6A98470130CFD1002201239046CCE714
:10288000029B01335A425341DBB29B45C7D10B9B9C
:1028900053453CD000239B465346002B80D1012258
:1028A0002C9BDB685B0A9A43934679E723682000F8
:1028B0009B6A9847D8E6A368E268934200D35BE23C
:1028C00050467A691978125C9142BAD0E2E72368DF
:1028D00020009B6A984701239C46E244B6E7002CFF
:1028E00000D164E16B1C00D1ABE14346002B00D169
:1028F00071E1029B013300D1C5E2BB6A002B00D01D
:10290000FAE03B6A002B00D1E8E501230E93059B1A
:1029100001330593042B00D0D0E4033B9B468DE5A7
:102920005B46002B00D147E5FAE56B1C5A42534148
:10293000DBB29A464346002B00D1F6E0029A002310
:10294000013200D119E1534500D172E5002C6CD061
:1029500028006B1C00D141E2FF23089A03409269D2
:10296000D35C002293461B0700D40CE5A368E26801
:10297000934200D382E20133A36001239B46059B6F
:10298000032B00D070E601256D4257E543469A6857
:10299000DB689A4200D26FE543461B6840465B6A9B
:1029A0009847013000D067E500225B46904664E519
:1029B0007B6A05934FE542469168D268914200D206
:1029C00010E543461B6840465B6A9847431C5A42E1
:1029D0005341DBB206E500223021300017F096FEAD
:1029E000002800D1A0E57368421C00D166E1020016
:1029F000984200D91A000021300017F033FC93E50B
:102A0000A268E3689A4200D20BE5236820005B6A63
:102A100098474346013000D004E5002B00D17FE207
:102A2000029B013300D177E20024280094E76B1C5D
:102A30005A425341DBB2049301239A464346002B8A
:102A400000D015E5029B01335A425341049ADBB290
:102A5000934200D015E50A9B534500D0ACE45FE5F6
:102A6000A368E268934200D3ADE15046059A197815
:102A7000125C914200D119E504222D9B1B6813437F
:102A80002D9A1360A268E3689A4200D3DDE14346C1
:102A9000002B00D193E1029B013300D1CBE1012552
:102AA0006D42A3E5236820009B6A984700E5442017
:102AB000F0F71AFAD54B0022036000232C994360EB
:102AC0008360C360038243618361C36103624362C5
:102AD0008362C36203634363433382746C31C254C1
:102AE00007000DF059F82C9B39004A46D86EF7F7CD
:102AF0002DFE3768FFF7ABFB002C00D1FDE06B1C0F
:102B000000D1C4E04346002B00D11FE1029B0133FA
:102B100000D171E13B6A002B00D1DFE4BB6A002BDE
:102B200000D0DBE4F1E600239A46029B01335A42CF
:102B300053410022DBB2904605E7236820005B6A20
:102B40009847FF21C3B29A460140013001D0FFF7F8
:102B5000DCFBFF23FF219A460024FFF7D6FB236806
:102B600020005B6A98470500431C00D081E50123E3
:102B700000249A4658E500239A4643469A68DB6843
:102B80009A4200D3A1E00023DDE6236820005B6ABF
:102B90009847421C511E8A4152420300144054E59A
:102BA00000239B46F5E56B461B7B0493D9E46B1C25
:102BB0005A425341DBB29A464346002B0DD0029A4B
:102BC0000023013210D143469A68DB689A4200D351
:102BD00087E0002308E000239A46029B01335A4213
:102BE000534100229046DBB2534500D185E6002CCC
:102BF0003CD028006B1C3BD0FB69C0B21B788342E1
:102C000000D07AE63B6AE2680A93A368934200D355
:102C100052E10133A36001256D4278E60F9B002B42
:102C200000D0E7E50EAB1B7D032B00D1E2E50EAB38
:102C30009B7D012B00D1DDE5059B01330593FFF75B
:102C40003DFBA268E3689A4200D24EE6236820006A
:102C50005B6A98474346013000D047E6002B00D11D
:102C600056E1029B013300D14EE100242800C3E766
:102C7000A368E268934200D315E1FA6911781A78E3
:102C8000914200D10CE1BB6A002B00D139E6A26869
:102C9000E3689A4200D235E7236820005B6A9847D0
:102CA0004346013000D02EE7002B00D128E1029BE3
:102CB000013300D120E10024280033E0581E00D267
:102CC000B4E0002800D12FE491E643461B6840465B
:102CD0005B6A9847013000D055E7002201239046F7
:102CE00031E643461B6840465B6A9847013000D096
:102CF0006FE700220123904676E76B1C5A4253414E
:102D0000DBB29A464346002B22D0029A00230132BE
:102D100074D09A4500D1FDE6002CCDD028006B1C64
:102D200000D19EE07B6AC0B21B78834200D0F1E6FE
:102D3000BB6AE2680A93A368934200D3CAE00133F6
:102D4000A360012501236D420E93E0E500239A461E
:102D5000029B01335A4253410022DBB29046D8E72E
:102D6000236820005B6A98470500431C00D072E589
:102D7000012300249B4649E5236820005B6A9847AD
:102D8000431C5A1E93415B421C4050E50123002224
:102D9000009359460023484617F00AFA149BFFF7A0
:102DA000EFFB236820005B6A98470500431C01D0B5
:102DB000FFF787FB5B4600240493FFF755FB0125D3
:102DC00000276D420AE4236820005B6A9847431C91
:102DD0005A1E93415B421C40FFF75CFBA368E2680C
:102DE000934253D208991A7889698A5C120700D5F0
:102DF000C1E500239B46C2E500239A4643469A68F4
:102E0000DB689A4204D2002383E7C04668A204101C
:102E100043461B6840465B6A98470130F3D1002265
:102E20000123904675E70F22FFF7A6FB00221A9BAD
:102E30001A70FFF779FB43469A68DB680027029D0A
:102E40009A4201D2FFF7D2FBBBE5236820005B6A00
:102E500098470500431C42D0012500276D42FFF72B
:102E6000B8FAA368E26893422BD27A6A197812788A
:102E7000914200D04EE6BA6A0A9260E723682000C9
:102E80009B6A984779E500239A469CE623682000D0
:102E90005B6A9847431C5A1E93415B421C405BE5AA
:102EA0003A6A0A92B5E6236820005B6A9847431C99
:102EB00000D0A1E600249FE6236820009B6A984783
:102EC000A9E6236820005B6A9847431C00D029E7E5
:102ED000002427E7236820009B6A984731E70127F1
:102EE0000024FFF776FA00239A469B466B1C00D01D
:102EF0008CE4ABE40BF094FE012300249A467DE7BA
:102F0000012344469A4623E7012300249A465AE6C1
:102F1000012344469A4660E6012300249A462CE6A3
:102F2000012344469A4600E601239B4638E43000DC
:102F300017F010F9484617F00DF922F0B3F8F9E749
:102F400022F03AFA3B6838005B68984722F0A2FE0C
:102F500022F032FAFAE722F069FA22F0A3F8C0462A
:102F6000F0B5C64600B590B0079318AB06921A7834
:102F700000230CAF3B700B930AAB04931A9B06AC77
:102F80000393199B050002938C466B460A9708AE83
:102F9000002A24D016AA03CA03C361463000069A49
:102FA0006368FEF775FA2300320003CA03C30A9B65
:102FB0009846F7F77DF933001A9A1B990890404616
:102FC00023F052FB2B0006CC06C30A98B84201D06E
:102FD000EFF792FF280010B080BCB846F0BD16AAEB
:102FE00003CA03C361463000069A6368FFF704F919
:102FF000D9E70AA817F0AEF822F054F8F0B5574612
:103000004546DE464E46E0B591B0079305001CAB41
:1030100046481F781D9E8A460692F7F719FCF36E04
:1030200080005B6806ACC3589846002B00D176E060
:103030000CAB99460A934A4600230B931370002F5A
:1030400046D10AAB04931E9B029603936B461AAAC1
:1030500003CA03C308AF51463800069A6368FFF7F6
:10306000CBF8230006CF06C30B9F002F46D00022CB
:1030700039001F9817F09CF90A9EF3199B461F9B75
:103080001B689A4643461B7F012B3DD0002B37D04F
:1030900043461B68DB691A009C46254B9A4236D191
:1030A000B3452BD031003A005046EFF717FF0A9E88
:1030B0002B0006CC06C34E4502D03000EFF71CFFB4
:1030C000280011B0F0BCBB46B246A946A046F0BDF0
:1030D0000AAB04931E9B029603936B461AAA03CA7B
:1030E00003C308AF51463800069A6368FEF7D0F96B
:1030F000230006CF06C30B9F002FB8D10A9ED7E747
:103100004046FDF761FBC3E7B345CBD1D0E73100C3
:1031100053465A4640466646B0470A9EC8E70BF0FB
:103120007FFD0AA817F016F821F0BCFF0C3D002027
:1031300055070110F0B54E46DE4657464546E0B508
:103140009FB00D9328AB80CB83461B78C94805936D
:103150002A9B0C929946F7F77BFBFB6E80005B681D
:103160000CAEC3589846002B00D119E2C248F7F7BD
:103170006FFBFA6E8300D5688246ED182C68002C30
:1031800000D19AE14B461D68596838232A78E35CE0
:103190009A422BD0236B0F93E3690693236A029321
:1031A0006918A94215D943469B6922009C460C0028
:1031B0002B0061460420944602E001339C4203D078
:1031C0001A788A5C1042F8D15A1B64469146AB4289
:1031D00016D10023BB605B46584606CE06C31FB01F
:1031E000F0BCBB46B246A946A046F0BD636B0F9348
:1031F000636A0693A36A02930029EAD00135CFE7F8
:1032000012AB984614AB42461293002353601372DC
:103210004B464046590017F041F84A46E36AD21A35
:103220009246002A27DD002B00DACA4643465A6838
:10323000E368002B00D163E15346002140465B0068
:10324000009117F05BF8AC46E368D44403936346FF
:10325000A268A17C129801930095039B0DF0C8FB16
:10326000129A139B821A9A4200D995E143465A60FA
:1032700000230370E36A424652680392002B00DD8C
:10328000CEE0B022FB6802991A40099242468C4671
:103290005268624407929B0500D5BBE018AB994683
:1032A0001AAB4A461893002353601372079B484693
:1032B000590016F0F3FFBB68049300230893099BA1
:1032C000102B06D1079B9C46049B9C459B415B426F
:1032D00008936A4B0FAD03934B465B689A462B7875
:1032E000042B5DD8039A9B00D3589F46029B002B6A
:1032F00056D0069B1AAA1B780B93534601330A93A8
:103300004B461B68934200D13EE14A4692680A99B7
:10331000914200D912E152460B9920E0FB689B05CF
:103320003ED55046564BA26961691B1A9A4234D960
:1033300054480BF09DFC089B002B1BD153460133D6
:103340000A934B461B681AAA934200D11AE14A46D7
:1033500092680A99914200D905E15246059999541B
:103360004B4600220A9959601B685A5418E0089B82
:10337000002B15D0079A049B51469B1A059A484684
:103380000092002216F0BAFF0AE04346504606CBF0
:103390003B4B1B1A9A4200D904E1484617F0EAF861
:1033A000013510ABAB4297D14B465868029B012BBD
:1033B0006AD84B465968049B8B4275D9049B099A7D
:1033C0005B1A202A72D0059A0021009248460022FA
:1033D00016F094FF357918990C9C002D0AD12368BA
:1033E000049A20001B6B92469847534618998342D3
:1033F00000D0C3E01AAB0C943571994202D008009A
:10340000EFF77AFD129814AB984200D1E1E6EFF79E
:1034100073FDDEE69446A3699C44634607933DE74B
:10342000637C0793531C0493129B14AA934200D10C
:10343000A6E0424692680499914200D989E0039A35
:10344000079999544346002204995960129B5A5493
:103450005346002B5DDB434629005868E26A084B5F
:1034600051441B1A9A4200D990E0404617F082F866
:1034700007E7C0460C3D0020283D0020B0B00410F6
:10348000FFFFFF3FFC7F0410013B1A000699534BDE
:1034900001311B1A9A427CD8484617F06BF84B460C
:1034A0005968049B8B4289D8049193E7059A484652
:1034B0000092002216F022FF8CE74420EFF714FD63
:1034C000474B002203600023390043608360C360E0
:1034D000038243618361C361036243628362C362A7
:1034E00003634363433382746C31C25404000CF0B1
:1034F00049FD21005246F86EF7F728F92C6841E69D
:1035000053460021009340462B0016F0CBFFE36AA0
:10351000B1E6424651683922A25C404600925B42C5
:10352000002216F0EBFE43465A682C4B29009B1AEA
:103530004A46994599D92B480BF09AFB0123002262
:10354000009351460023484616F032FE4B461B6856
:10355000E1E601230022009340460023039916F080
:1035600027FE129B6BE701230022009351460023A4
:10357000484616F01DFE4B461B68EEE6013539E75E
:103580000F2258E70F22E4E60F22C0E615480BF0A1
:103590006FFB14480BF06CFB134914480BF098FBBD
:1035A0000BF03EFB0F480BF063FB484616F0D2FDD4
:1035B000404616F0CFFD21F075FDF9E721F0FCFE45
:1035C000236820005B68984722F064FB21F0F4FE3A
:1035D000FAE721F02BFF21F065FDC046FFFFFF3F1A
:1035E00058A20410FC7F0410B8800410607F0410FF
:1035F000F0B54E46DE4657464546E0B59FB00D93C2
:1036000028AB80CB83461B78C94805932A9B0C9234
:103610009946F7F71DF9FB6E80005B680CAEC35846
:103620009846002B00D119E2C248F7F711F9FA6E5B
:103630008300D5688246ED182C68002C00D19AE1F1
:103640004B461D68596838232A78E35C9A422BD090
:10365000236B0F93E3690693236A02936918A942C7
:1036600015D943469B6922009C460C002B006146FD
:103670000420944602E001339C4203D01A788A5C0D
:103680001042F8D15A1B64469146AB4216D1002332
:10369000BB605B46584606CE06C31FB0F0BCBB46B7
:1036A000B246A946A046F0BD636B0F93636A0693CA
:1036B000A36A02930029EAD00135CFE712AB9846FE
:1036C00014AB424612930023536013724B4640469C
:1036D000590016F0E3FD4A46E36AD21A9246002AE0
:1036E00027DD002B00DACA4643465A68E368002B00
:1036F00000D163E15346002140465B00009116F083
:10370000FDFDAC46E368D44403936346A268A17C04
:10371000129801930095039B0DF06AF9129A139B7E
:10372000821A9A4200D995E143465A6000230370F9
:10373000E36A424652680392002B00DDCEE0B022DD
:10374000FB6802991A40099242468C4652686244CC
:1037500007929B0500D5BBE018AB99461AAB4A46C9
:103760001893002353601372079B4846590016F0C4
:1037700095FDBB68049300230893099B102B06D189
:10378000079B9C46049B9C459B415B4208936A4B6C
:103790000FAD03934B465B689A462B78042B5DD89C
:1037A000039A9B00D3589F46029B002B56D0069B42
:1037B0001AAA1B780B93534601330A934B461B6896
:1037C000934200D13EE14A4692680A99914200D95B
:1037D00012E152460B9920E0FB689B053ED550460E
:1037E000564BA26961691B1A9A4234D954480BF0AE
:1037F0003FFA089B002B1BD1534601330A934B46DB
:103800001B681AAA934200D11AE14A4692680A99A3
:10381000914200D905E15246059999544B46002240
:103820000A9959601B685A5418E0089B002B15D060
:10383000079A049B51469B1A059A4846009200221B
:1038400016F05CFD0AE04346504606CB3B4B1B1A84
:103850009A4200D904E1484616F08CFE013510ABBF
:10386000AB4297D14B465868029B012B6AD84B4616
:103870005968049B8B4275D9049B099A5B1A202ACC
:1038800072D0059A002100924846002216F036FDBB
:10389000357918990C9C002D0AD12368049A2000D0
:1038A0001B6B9246984753461899834200D0C3E059
:1038B0001AAB0C943571994202D00800EFF71CFB4B
:1038C000129814AB984200D1E1E6EFF715FBDEE663
:1038D0009446A3699C44634607933DE7637C079342
:1038E000531C0493129B14AA934200D1A6E04246B3
:1038F00092680499914200D989E0039A07999954F2
:103900004346002204995960129B5A545346002B97
:103910005DDB434629005868E26A084B51441B1A94
:103920009A4200D990E0404616F024FE07E7C046D0
:103930000C3D0020243D0020C4B00410FFFFFF3FD9
:10394000FC7F0410013B1A000699534B01311B1AEE
:103950009A427CD8484616F00DFE4B465968049BA7
:103960008B4289D8049193E7059A48460092002239
:1039700016F0C4FC8CE74420EFF7B6FA474B002260
:1039800003600023390043608360C36003824361A6
:103990008361C361036243628362C36203634363FF
:1039A000433382746C31C25404000CF0F5F82100EA
:1039B0005246F86EF6F7CAFE2C6841E653460021DF
:1039C000009340462B0016F06DFDE36AB1E64246D7
:1039D00051683922A25C404600925B42002216F0F8
:1039E0008DFC43465A682C4B29009B1A4A46994540
:1039F00099D92B480BF03CF9012300220093514642
:103A00000023484616F0D4FB4B461B68E1E6012331
:103A10000022009340460023039916F0C9FB129B35
:103A20006BE701230022009351460023484616F01D
:103A3000BFFB4B461B68EEE6013539E70F2258E71E
:103A40000F22E4E60F22C0E615480BF011F91448E6
:103A50000BF00EF9134914480BF03AF90BF0E0F8AB
:103A60000F480BF005F9484616F074FB404616F077
:103A700071FB21F017FBF9E721F09EFC2368200081
:103A80005B68984722F006F921F096FCFAE721F0EE
:103A9000CDFC21F007FBC046FFFFFF3F68A20410EA
:103AA000FC7F0410B8800410607F0410F0B5DE467F
:103AB0004E4657464546E0B593B004AF3A617B6148
:103AC000102250239B18DB191B78F9609946582364
:103AD0009B18DB191B78796EBB600C239B186C312B
:103AE0000600D819F6F7D6FB6048F6F7B1FEFB6979
:103AF00080005B68C3589846002B00D1A6E090B0C8
:103B000004ADF6F7D5FB5A4B38629A463B6F7C6F93
:103B100010200293039410240023001900934022E4
:103B200053462900C019FDF76DFC04003F285EDCF8
:103B300018239A46083B9C46BC44E2445346102056
:103B40003B6210231B1800222100D81916F00CFB31
:103B50002B199B463B6A7B6043461B7F012B09D098
:103B6000002B61D043461B68DB691A009C46414B21
:103B70009A4264D1AB4504D0220029007868EFF75F
:103B8000ADF94B46002B22D1102210239B18DB19D4
:103B90000293BB68300001937B6E00933A697B69A6
:103BA000F968FFF725FD386A504501D0EFF7A4F911
:103BB00010220C239B18D819F6F706FC3000BD46DE
:103BC0000FB0F0BCBB46B246A946A046F0BD1022DD
:103BD00010239B18DB190293BB68300001937B6EA6
:103BE00000933A697B69F968FFF7A4FADBE7431CA5
:103BF0009B466B460834E408E4001B1B9D4604AD5D
:103C0000F6F756FB3B6F7C6F3862029303941020EB
:103C100010240023001900935A4653462900C01966
:103C2000FDF7F0FB040083E74046FCF7CDFD43467B
:103C30001B68DB691A009C460E4B9A429AD05A4682
:103C40002900404664467B68A0479AE70AF0E8FFEF
:103C500004E01023DB18D81916F07CFA10220C238C
:103C60009B18D819F6F7B0FB21F01CFA0C3D002088
:103C7000CC8004105507011010B586B0059308AB31
:103C800004921A780AAB04001B78002A0BD00B9A16
:103C90000193099B02920093049A059BFFF74AFA4D
:103CA000200006B010BD0B9A0193099B029200936D
:103CB000049A059BFFF79CFCF2E7C046F0B5454629
:103CC000DE4657464E46E0B585B0039398460E9BB8
:103CD000019066489A4615000292F6F7B9FD149BCA
:103CE0008000DB6E5B68C3589946002B00D1BAE0B8
:103CF0000F9B9B46002D00D0ADE043465C1C634209
:103D00005C4100260027E4B25346002B41D05B46BD
:103D1000013359D00023A34242D0139BBB423FD072
:103D20004346002D02D001335ED04346FF24D9B272
:103D30001C404C4423001E33FF331A78002A0BD159
:103D40004B461B684A4A1B6A934254D12A2927D002
:103D50000A001E34FF342170303AD3B2092B1FD829
:103D6000B3009B195B00D618129B9E421ADCAB680D
:103D7000EA68934244D20133AB600137AA68EB682A
:103D80009A4246D201235B42984600245346002BB8
:103D9000BDD15B4601335A425341DBB2A342BCD191
:103DA000002F41D10422159B1B681343159A136001
:103DB000019B424618001D605A6005B0F0BCBB462E
:103DC000B246A946A046F0BD53469A68DB689A42BF
:103DD000A0D353461B6850465B6A9847013099D17F
:103DE00000220123924696E7AB68EA68934224D208
:103DF00019780C009DE72A22484698470100A5E75C
:103E00002B6828009B6A9847AA68EB6801379A429A
:103E1000B8D32B6828005B6A9847030080460133BB
:103E2000B0D1012400256FE7119BB342BADC129B8D
:103E3000B342B7DB109B1E60BAE72B6828005B6AB1
:103E40009847431C03D0FF24C1B2044071E7FF240C
:103E5000FF2100256DE7002643463700013300D1DE
:103E60008CE7002492E70AF0DBFEC0460C3D002000
:103E7000ED060110F0B5DE46574645464E46E0B524
:103E80008FB00B93189B05009B46199BC048994621
:103E900000230F009A460D930A92F6F7D9FC1A9B5D
:103EA0008000DB6E0AAC5B68C3589846002B00D1DB
:103EB000BEE10DAB07931A9B18AA06930223059344
:103EC00061330493534603930CAB02936B4603CACE
:103ED00003C308AE390030000A9A0B9BFFF7EEFED1
:103EE000230006CE06C30D9B0A9E0B9C002B33D0ED
:103EF00004221B9B1B6813431B9A1360002E40D0A7
:103F00000027631C12D05B46002B42D04A46002398
:103F1000013244D0BB4218D028002E606C600FB034
:103F2000F0BCBB46B246A946A046F0BDB268F368F5
:103F30009A4200D332E15B46002B00D10EE14B46A2
:103F4000013300D10EE10124644202221B9B1B6855
:103F500013431B9A1360DFE7002E7CD0631C00D153
:103F60008BE05B46002B29D04B46002701337DD0E8
:103F70000C9B442B01DC64330C931C9A5361002E80
:103F8000BED1671C7B425F415B460026FFB2002B1F
:103F9000BCD14B4601335A425341DBB2BAE75A46D1
:103FA0009168D2689142B5D35B461B6858465B6AFC
:103FB0009847013043425841C3B2ABE700274B4614
:103FC00001335A42534100229346DBB29F42CFD085
:103FD000002E02D0631C00D1CEE0FF27E1B22740C3
:103FE00047443B001E33FF331B78002B0CD1434664
:103FF0001B68684A1B6A934200D0C4E02A29B7D0E4
:104000000B001E37FF373970303B1F00DBB2092B26
:10401000AED8B068F168884200D3CFE00C9B013085
:104020009A00D3185B00DB19B0600C93814245D92C
:104030005A46002A00D1D7E04A4601324ED0564AAD
:1040400094461C9A63440C935361002E00D06DE794
:104050000124644295E7671C7B425F415B46FFB2E7
:10406000002BACD04A4600230132AFD15B469A68A0
:10407000DB689A4217D20023A8E7B268F3689A4235
:1040800000D26EE7336830005B6A98475B460130C8
:1040900000D067E7002B00D1E0E04B46013300D1B0
:1040A000D9E0002699E75B461B6858465B6A98474B
:1040B0000130E0D100220123934687E733683000C6
:1040C0005B6A98475B46013000D1B3E0002B00D11A
:1040D0008AE04B46013301D00C9BB0E700245B46DD
:1040E0009A68DB689A422ED200239C42F4D0002EBC
:1040F00071D0B368F268934200D38DE019780F0055
:1041000047443B001E33FF331C78002C0BD1434641
:104110001B68204A1B6A934261D12A29DCD00C001B
:104120001E37FF373970303CE3B2092BD4D8B3685F
:10413000F26893426BD20133B3600C9A93009B18E0
:104140005B001B197BE75B461B6858465B6A984718
:104150000130C9D1002201239346C6E7012400277C
:10416000644216E75B46DA689B689A4200D9EAE641
:1041700001240027644217E7B368F26893423CD2F7
:1041800019780F002CE72A2240469847010035E7AE
:104190000C3D0020ED06011094F8FFFF336830005D
:1041A0005B6A98470400431C00D0C4E65B46002BC2
:1041B0003BD04B46013345D00026ADE63368300096
:1041C0009B6A98470C9BB0689A00D3185B00DB1978
:1041D000F1680C932AE7FF27FF21002690E72A22A7
:1041E00040469847010098E700244B4601335A4265
:1041F00053410022DBB2934677E7336830005B6AB5
:104200009847431C2DD0FF27C1B20740E8E633682A
:1042100030009B6A984790E7336830005B6A9847A4
:10422000431CD8D0C1B2C7B26AE700260127B0E666
:104230000AF0F6FC002B18D04B460133CBD10026F8
:1042400001244CE75B46DA689B68002601279A4206
:1042500000D961E6A8E60127002607E75E460127A8
:10426000ADE6FF2700263900BAE65E460124BCE72A
:10427000F0B5DE4657464E464546E0B58FB000AF36
:104280007B63BB623B6E7860BC48FB6216003A639E
:10429000F6F7DEFA7B6F8000DB6E5B68C458002C9B
:1042A00000D194E36A463B6FDB00D31A9D46BB6A9C
:1042B000EA46002E00D11EE1013300D120E10025A5
:1042C0007B6E3B61FB6A002B00D10EE13B69013341
:1042D00000D124E100239D4212D10422BB6F1B6850
:1042E0001343BA6F13607B68BD461800BA6A1E603C
:1042F0005A600FB0F0BCBB46B246A946A046F0BD1E
:10430000002E00D178E2BA6A531C00D178E2D5B20F
:10431000236829001B6920009847236880469B6812
:104320002900200098473B6F002BD6D000229B002D
:10433000534491467B6252460023FE6182461E0032
:10434000FD6E3A620CE02B682000197823689B68A8
:10435000984782450CD03B6F01360435B3421AD0E2
:104360002B682000197823681B6998478045EAD19B
:104370004B469B009B4628682BF0A0F85A467B6A68
:104380000435985001239C463B6AE1449E503B6FA4
:104390000136B342E4D13B6A3E609A464B46FE6921
:1043A000012B00D802E300239B464B469B00FB6198
:1043B0003B697A6A013359424B41DBB201CABB60A7
:1043C000FB6ABE6180465E46D346CA469946FA609D
:1043D000FA6945469446796AFB6861441A689542D1
:1043E00000D9150004339942F8D1B96901368B68B8
:1043F000CA68934200D35FE101338B60B54200D1BC
:1044000063E1B54200D8DEE1BB699A68DB689A4295
:1044100000D3A7E000254B46002B00D1B0E03B695C
:10442000013300D18CE00023AB4200D1ACE0BA698B
:10443000002A00D129E19368D268934200D3C9E1F0
:104440001978236820001B699847BA69B862936895
:10445000D268934200D3C6E11978236820009B6894
:10446000984753463862002B00D120E14B46002587
:10447000B1467B6118E0FB6A2000197823689B68CD
:1044800098473B6A834223D001235B429C46E24427
:1044900053469A005B4641469B58FA610B60796A25
:1044A0008B588B51554516D2AE00B046D844434682
:1044B0001B68FA6E9B009B5820001A004A44FA625F
:1044C0004A46995C23681B699847BB6A9842D2D1D7
:1044D00001355545E8D37B694E4699465346012B35
:1044E00052D97B6A1B68984672E73B6901335A428E
:1044F0005341DBB2EFE65D1C6B425D41EDB2DFE69E
:10450000B268F3689A4200D2D9E6336830005B6A39
:104510009847013000D0D2E601250026D0E6FB6A9C
:104520009A68DB689A4200D2D4E6F86A03685B6A4C
:104530009847013000D0CDE600220123FA62CAE696
:104540004B469A68DB689A4200D26CE74B461B6880
:1045500048465B6A9847013000D064E70022012397
:10456000914661E7B86903685B6A9847013000D0FB
:1045700050E700230125BB614DE7C0460C3D0020FC
:10458000BB68AB4200D052E74B46FB620123D146E9
:104590005B42DA46B346BE69BB624B46012B00D094
:1045A0009BE6B368F268934200D3C8E10133B3607D
:1045B00001239C46E34453461B6899464B46FA6EDA
:1045C0009B009D587B6A1B689A469B4553D20123EA
:1045D0009846002E3ED1FB6A002B45D03B69013343
:1045E00000D1C3E00023434545D05B46E95C236826
:1045F00020001B6998478046002E00D1C7E0B368B1
:10460000F268934200D366E11978236820001B69A1
:104610009847804512D05B46E95C236820009B6880
:104620009847B368F2688046934200D370E11978E6
:10463000236820009B68984740451CD1B368F26806
:10464000934200D3B4E00133B36001239C46E344BA
:10465000DA4513D0B268F3689A4200D344E10023EC
:104660009846FB6A002BB9D13B6901335A4253414A
:10467000DBB24345B9D1DA4500D0A5E04A46BB6E6E
:104680001A6001235B42BB622DE62368FF211B6990
:10469000200098470023BB612368B8629B68FF2114
:1046A0002000984753463862002B00D0DEE60123F5
:1046B0005B42BE69BB6210E6B86903689B6A9847B3
:1046C000B54200D09DE6BB69DA68BB699B6893423E
:1046D00000D339E14B46002B00D110E13B69013397
:1046E00000D194E00025A446002243465146786A52
:1046F000FC69FE62BD6204E001328A4216D2930078
:104700001B58FD6AEB1A1D006B426B41BD6AAB4240
:10471000F2D15D4601398C002D599300A8465D46C3
:104720004646EE500559C5508A42E8D3BD6A22007C
:10473000FC618A466446FE6A002D00D1F0E05346D3
:10474000786A0168012B09D99446FB6860441A68AD
:10475000914200D9110004338342F8D18E4200D334
:1047600012E7BB69002B00D155E64DE6FB6A9A685B
:10477000DB689A4200D235E7F86A03685B6A9847BB
:10478000013000D02EE700220123FA622BE72368D4
:10479000FF2120001B699847804519D05B46E95CE2
:1047A000236820009B68984700268046FF213FE74A
:1047B000336830009B6A984701239C46E344DA45FE
:1047C00000D047E75AE7BE6901235B42BB6284E53C
:1047D000002633E7B86903685B6A9847431C00D139
:1047E00053E7C1B22DE6B86903685B6A9847431C7A
:1047F00000D1A0E0C1B230E62823FB181D7887E580
:10480000B368F268934200D3D3E01D7880E50025B9
:104810004B469A68DB689A4244D20023AB4200D1EF
:1048200060E7BA69002A4CD09368D268934200D3FB
:10483000B4E01978236820001B699847BA69B86208
:104840009368D268934200D38FE0197823682000E0
:104850009B68984743460025F8623B625B46AA0086
:104860009B58F96E9B0059587B6A9B58B34212D9EA
:104870008B199846236820001B69895D9847BB6A9D
:1048800098421AD043461978236820009B689847BD
:10489000FB6A834211D001355545DFD13B6A0025C3
:1048A000984620E74B461B6848465B6A98470130AC
:1048B000B3D1002201239146B0E73B6A0125984617
:1048C00011E72368FF211B69200098470023FF217F
:1048D000B862BB61BAE7336830005B6A9847431C33
:1048E00000D154E7C1B290E6336830005B6A984764
:1048F000013000D0B3E60123002698466BE6002580
:104900003B6901335A4253410022DBB2914685E7AD
:10491000336830005B6A9847431C52D0C1B287E6C7
:104920004B46DA46FB62B346BE69022925D001290F
:1049300000D049E73FE60023FF21BB618DE53368E6
:1049400030009B6A984733E6B86903685B6A98470A
:104950004B46013000D0BEE6002B3ED03B69013310
:10496000AFD100230125BB6152E7B86903685B6AD8
:104970009847431C2DD0C1B268E73A68D30700D5E9
:1049800022E753461B689946530852465268994598
:1049900027D24B44934200D016E70FE6B86903686C
:1049A0005B6A9847431C8CD0C1B243E700239B4607
:1049B000F3E5336830005B6A9847431C04D0C5B206
:1049C000A6E4FF21002633E6FF250026A0E40AF036
:1049D00027F90023FF21BB6138E700230125BB61D4
:1049E0008EE74946CB1A934200D0EDE6524613605B
:1049F0007A6A5368136053461B689946DEE5C046E1
:104A0000F0B54E46DE4657464546E0B589B000AFA4
:104A1000FB61FB60BB6C3860C448BB609146BA6107
:104A2000F5F716FFFB6D8000DB6E5B68C658002E45
:104A300000D1A4E16A46BB6DDB00D31A9D464B460C
:104A4000E846002B00D13AE1FB68013300D13CE19C
:104A50000024FB6C7B60BB68002B00D129E17B68E4
:104A6000013300D143E100239C4200D0CEE04B460D
:104A7000002B00D07AE1FB68002601335A425341F3
:104A8000DBB29A4600250024BB68002B54D07B681B
:104A9000013300D175E00023534554D04B46002B21
:104AA00000D181E0FA68531C00D180E0D3B29B466C
:104AB000002C52D000200021786105E07B69013193
:104AC00001337B618C421DD98B00F2181068A8421B
:104AD000F4D9180040443861006880008446634679
:104AE000786D1B585B5D5B455CD0013CA3009C4628
:104AF000434660461B58386903606346F3581360A9
:104B00008C42E1D8786984421DD04B464A469B6866
:104B1000D268934255D24A460133936001354B46E1
:104B20009A68DB689A4257D201235B42FB600023FC
:104B30009A46BB68002BAAD17B6801335A42534185
:104B4000DBB25345AAD1012C54D0022C05D13368D5
:104B5000AB4252D07368AB424FD004223B6E1B680D
:104B600013433A6E13603B684A461800BD461A600C
:104B7000FA685A6009B0F0BCBB46B246A946A046E6
:104B8000F0BDBB689A68DB689A4200D283E7B868D8
:104B900003685B6A9847013000D07CE7002201235C
:104BA000BA6079E701318DE73B7B9B4680E74B4656
:104BB0004A469B68D268934200D3A9E01B789B4683
:104BC00076E74B461B6848469B6A98474B469A686F
:104BD000DB6801359A42A7D34B461B6848465B6A9F
:104BE00098470300F86001339ED101239A460023C1
:104BF000994649E73368AB42AFD14346BA6D1B686B
:104C0000934200DB9B1A3A6D1360ACE74B46002BD6
:104C100000D187E0FA68531C00D189E0D3B29B46EB
:104C2000BB6D5B009A4600D121E75B460025B34689
:104C300000241E0009E05B461B6858469B689847A5
:104C4000B04208D0013555450CD07A6DAB00D35831
:104C50001978B142EFD14246A3009D50013501348D
:104C60005545F2D1002C00D101E74B464A469B68DE
:104C7000D268934265D24A46013393606946A200E6
:104C8000D31DDB08DB00CB1A9D466E464244B2467C
:104C9000A34645463400160008CD7A6D9B0098580F
:104CA0002AF00CFC01C4AE42F6D156465C46012502
:104CB00035E77B6801335A425341DBB2D4E6FB68E7
:104CC0005C1C63425C41E4B2C3E64B469A68DB6815
:104CD0009A4200D2BCE64B461B6848465B6A98473E
:104CE000013000D0B4E6002301249946B1E6BB6848
:104CF0009A68DB689A4200D2B5E6B86803685B6AD6
:104D00009847013000D0AEE600220123BA60ABE63E
:104D10004B461B6848465B6A9847431C21D0C3B288
:104D20009B46C5E63B7B9B467AE7C0460C3D002090
:104D30004B464A469B68D268934208D21B789B46F2
:104D40006EE74B461B6848469B6A984796E74B467A
:104D50001B6848465B6A9847431C12D0C3B29B4607
:104D60005EE7FF239B4600239946A1E60026FB68E9
:104D700035003400B246013300D085E6CFE609F0B5
:104D80004FFFFF239B460023994649E7F0B5DE46D7
:104D9000454657464E46E0B5A1B005005D480E9227
:104DA0000F930891F5F754FD2C9B0EACDB6E5A68FF
:104DB0009B68984200D3AAE080008058002800D168
:104DC000A5E00023544A55491FF0F4FF002800D104
:104DD0009DE08368DF6B9E6B0A97DF6C0996BB468C
:104DE0001F6D1E6CBA465F6DD86AB9469F6D196B10
:104DF000B846DF6D5A6BBC460B961F6E5E6C9B6CA3
:104E0000189712935B461393534614934B4615938E
:104E10004346169363460A9F1793099B19901A916C
:104E20001B921D971C930B9B2AAA1E930023119380
:104E300011AB06932C9B1F9605930723049312AB8B
:104E4000039310AB02936B4603CA03C30CAF380045
:104E50000E9A63680899FFF7D3FD230006CF06C3B7
:104E6000119B0E9F002B26D004222D9B66681B6889
:104E700013432D9A1360002F23D001362ED0002625
:104E80002A982B9B002824D00022013333D0B24231
:104E900005D102222D9B1B6813432D9A13602B0012
:104EA00028000E9706CC06C321B0F0BCBB46B24624
:104EB000A946A046F0BD109B2E9A66689361002F0C
:104EC000DBD1013673425E412A982B9BF6B2002853
:104ED000DAD101335A425341DAB2D8E7BA68FB68F3
:104EE0009A42CCD33B6838005B6A98470130C6D100
:104EF00001260027C4E78168C3689942C7D30368C5
:104F00005B6A9847013043425841C2B2BFE709F09B
:104F100087FEC046543C002014C804104C9A04106C
:104F2000F0B5DE46454657464E46E0B5B7B0089068
:104F300079481A921B938846F5F78AFC429B1AAC73
:104F4000DB6E5A689B68984200D3E3E0800080588B
:104F5000002800D1DEE00023704A71491FF02AFFCB
:104F6000002800D1D6E0836894275A6ED86E11923B
:104F70009A6F1D6F179280225E6F0E9098580432C0
:104F800014959D58043216969E5804329A58996E7C
:104F9000109290221591D96F09900C91995808326E
:104FA000985804320B959D580432AA469D580432F5
:104FB000A9469D58043212969E580432B4460D916B
:104FC0000F9013959E5804320A969E5804329D58AD
:104FD000043298580432995804329A58DB5957468B
:104FE00020974F461E930F9B21971F93139B674655
:104FF00022930A9B259624930023169E269527909C
:10500000149D0E98289129921599119A2B912A9204
:105010002C902D9523972E961D931DAB0693429BA6
:10502000179A05930C2304931EAB03931CAB0293B6
:105030006B460C9909980B9D129E2F923091109AF5
:105040000D993190329533963492359140AA03CA26
:1050500003C318AD414628001A9A6368FFF7D0FCD5
:10506000230006CD06C31D9B1A9E002B26D00422CA
:10507000439B65681B681343439A1360002E23D03B
:1050800001352ED000254098419B002824D00022D5
:10509000013333D0AA4205D10222439B1B6813433C
:1050A000439A1360089F1A9606CC06C7089837B033
:1050B000F0BCBB46B246A946A046F0BD1C9B449A34
:1050C00065681361002EDBD101356B425D4140986C
:1050D000419BEDB20028DAD101335A425341DAB292
:1050E000D8E7B268F3689A42CCD3336830005B6A81
:1050F00098470130C6D101250026C4E78168C368FE
:105100009942C7D303685B6A9847013043425841CC
:10511000C2B2BFE709F084FD543C002014C804105B
:105120004C9A04104B1E9941074B10B54160036027
:105130000400F5F7BDF8A060200010BD2000F5F7D1
:10514000A1F81FF0AFFFC04640B5041010B5040031
:1051500023684068002B01D0421C00D010BD9A6823
:10516000D9688A4201D21078F8E71A681800526AA2
:105170009047431CF2D100232360EFE7F0B54E4681
:10518000DE4657464546E0B5BDB02193469B834673
:10519000CA48994620920E91F5F75AFB489B20AEDB
:1051A000DB6E5A689B68984201D301F01BF98000BE
:1051B0008058002801D101F015F90023C04AC149E7
:1051C0001FF0F8FD0F90002801D101F00BF9BE4847
:1051D000F5F73EFB489B8000DB6E5B68C358984642
:1051E000002B01D101F0FEF84B982AF067F900235B
:1051F0002293479B75689A4601335A425341DBB26A
:1052000000272A000A935B46209C4546CB46B846B9
:10521000099017000D93002C6AD0002399467B1C3F
:1052200000D197E05B46002B6AD05346013300D192
:105230009AE00022229B914566D0099A424563D9A3
:10524000002B00D085E142464B9B434499464B9B43
:10525000995C6B181E33FF331B780C00002B0CD1AC
:105260002B689A4A1B6A934200D033E1002907D089
:105270000B002C191E34FF342170252B00D1DAE0ED
:1052800008224B4610001978AB6934685B5C184003
:105290000C901A4200D079E02B6828001B699847CF
:1052A0000B90002C00D1F8E07B1C00D133E12B687F
:1052B000F9B21B6928000C9198470B9B83423CD0A4
:1052C0004B4619782B6828009B68984781460C99B3
:1052D0002B6828009B68984748452DD00422229BC4
:1052E00013432293346801239C46E044002C94D15C
:1052F0007B1C5A425341DBB299465B46002B94D14A
:105300000A9A229B914598D10D9A9346002B02D17F
:10531000099B434505D00422499B1B681343499AC6
:1053200013605B4603CE03C358463DB0F0BCBB469A
:10533000B246A946A046F0BD3468A368E26893422D
:1053400000D319E10133A36001235B427360023390
:105350009C46E044A268E3689A4200D32BE101270F
:1053600000237F4299465DE75B469A68DB689A4274
:1053700000D25EE75B461B6858465B6A984701307F
:1053800000D056E7002301229B4653E7002C3ED075
:10539000002399467B1C1CD05B46002B25D053462E
:1053A000013324D000234B459DD03B00002C01D07D
:1053B0007A1C32D0FF201840AB691B5C1B0792D5CA
:1053C000A368E268934263D20133A36001235B4286
:1053D0007360A268E3689A4200D3D2E000230127F9
:1053E00099465B467F42002BD9D10A9BDBE75B469F
:1053F0009A68DB689A42D5D35B461B6858465B6A5D
:1054000098470130CED1002201239346CBE77B1C85
:105410005A425341DBB29946BEE7A368E268934221
:1054200000D3BCE01A78A9698A5C1207CCD40123A6
:105430009C46E0448EE743464B9A0133D15C0B9384
:105440006B181E33FF331B780C009946002B0CD1D0
:105450002B681E4A1B6A934200D080E000297BD053
:1054600089462C191E34FF342170002323934B46A8
:10547000452B34D04F2B32D00B9B98464B46253BC7
:10548000DBB2542B00D929E7114A9B00D3589F4621
:10549000236820009B6A984798E7F9B22B68280098
:1054A0001B6998470B9B984260D04B4619782B6834
:1054B00028009B689847F9B2814609E7543C0020D0
:1054C00014C804104C9A04100C3D0020ED06011085
:1054D000D8B004100022280098470100C6E6022335
:1054E0009C46E04442464B9B995C6B181E33FF334D
:1054F0001B780C009946002BC0D12B68CD4A1B6A43
:10550000934265D1002900D1E8E62C191E34FF34FE
:1055100089462170B2E7A368E268934201D300F0A4
:1055200093FD19782B6828001B6998470B9B8342D1
:1055300000D102E74B4619782B6828009B689847F2
:10554000A368E2688146934201D300F087FD197891
:10555000BEE60D9B9B46DEE60B9B9846BEE6002210
:1055600028009847011E00D07AE7F5E70024A368D9
:10557000E268934200D2E5E6236820009B6A9847E0
:10558000E2E6236820005B6A98470700431C00D0CE
:1055900024E700233360013300249946FCE62368A6
:1055A00020005B6A98470300421C00D002E70022FB
:1055B00000243260FEE6236820005B6A98470700FB
:1055C000431C00D0CBE6002333600133994629E623
:1055D000002228009847010094E70F9B9B689F6F6B
:1055E000D86EBC46DF6F196FB9468027DF599C6EB5
:1055F0001D978427DF595A6F1C978827DF591B97FF
:105600008C27DF591A979027DF5919979427DF596C
:1056100018979827DF5917979C27DF591697A027C7
:10562000DF591597A427DF591497A827DF59139737
:10563000AC27DF591297B027DF591197B427DF59EC
:105640001097B827DF590C97BC27DF590B97C02755
:10565000DF595B6E2892624629924A4624931D9B2D
:1056600026902B931C9B27912C931B9B25942D9369
:105670001A9B2A922E93199B46AA2F93189B1EAC15
:105680003093179B3193169B3293159B3B97339323
:10569000149B3493139B3593129B3693119B379332
:1056A000109B38930C9B39930B9B3A935B46469324
:1056B00022AB0693489B05931823049324AB0393D2
:1056C00023AB02936B4603CA03C32000326873689E
:1056D0000E99FEF7CDFD330006CC06C3229B002BAE
:1056E0000ED10C212398ECF7AFFE4A9B19614C9B1D
:1056F0001A88514B1A408123DB0013434C9A1380C4
:105700007768EFE53068002803D07B1C01D100F0FA
:1057100001FDFF23AA693B40D35C1B0701D500F0C4
:10572000BDFC5B46469322AB0793489B46AA069373
:10573000022305931D3304931E3B039323AB029373
:105740006B4603CA03C31EAC2000326873680E990F
:10575000FEF7B4FA330006CC06C3229B002BCFD150
:10576000239B4A9AD3604C9B1A88344B1A4082235D
:10577000DB0013434C9A77681380B3E50F9B9B685B
:105780001A6C986B0C925A6CD96B94469A6C5C6B41
:105790009146DA6C1F6B14921A6D12925A6D109228
:1057A0009A6D1192DA6D13921A6EDB6A0B92249342
:1057B0000C9B2790299363462A934B462B935B4679
:1057C000289126942597149A469322AB0693489BDA
:1057D0002C9205930E23049324AB039323AB0293E3
:1057E0006B46129A1EAC2D92109A2E92119A2F92FD
:1057F000139A30920B9A319246AA03CA03C320002F
:10580000326873680E99FEF733FD330006CC06C389
:10581000229B002B00D073E707212398ECF714FE9E
:1058200002224A9B99614C9B1B7813434C9A13703C
:10583000776857E5ED060110F7FBFFFFEFFBFFFF71
:105840003468002C01D000F072FE7B1C5A42534198
:10585000DBB299465B46002B00D1E3E353460133AC
:1058600025D00023994500D13DE53800002C02D019
:105870007B1C00D1DCE3FF23AA690340D35C1B0738
:1058800000D430E5A368E268934200D3F0E301332B
:10589000A36001235B427360A268E3689A4201D36C
:1058A00000F060FC012700237F429946D2E75B4667
:1058B0009A68DB689A42D4D35B461B6858465B6A99
:1058C00098470130CDD1002201239346CAE75B46B9
:1058D000469322AB0793489B46AA0693032305935E
:1058E0006C33FF3304936E3BFF3B039323AB029374
:1058F0006B4603CA03C31EAC2000326873680E995E
:10590000FEF7DCF9330006CC06C3229B002B00D047
:10591000F6E6239B4A9A013BD3614C9B04221B78F9
:1059200083E75B46469322AB0793489B46AA0693C0
:10593000022305930A3304930B3B039323AB029397
:105940006B4603CA03C31EAC2000326873680E990D
:10595000FEF7B4F9330006CC06C3229B002B00D01F
:10596000CEE6239B4A9A013B13614C9B08221B788D
:105970005BE70F9B9A68136A2493526A25921B78FF
:10598000002B00D1AEE41378002B00D1AAE45B46D3
:10599000469322AB0693489B46AA059302230493A1
:1059A00024AB039323AB02936B4603CA03C31EAC21
:1059B0002000326873680E99FEF75AFC330006CC5B
:1059C00006C3229B002B00D09AE6239B002B00D11C
:1059D00096E601224C9B5B7813434C9A5370776890
:1059E00080E43468002C02D07B1C00D1ABE3FBB216
:1059F0000B932B7F002B00D142E34223EB5C9946B3
:105A00000B9B994500D162E30422229B134322930E
:105A100069E45B46469322AB0793489B46AA0693EC
:105A200004230593DE4B1EAC04930023039323ABA6
:105A300002936B4603CA03C32000326873680E9951
:105A4000FEF73CF9330006CC06C3229B002B00D0A6
:105A500056E6D44A239B94464A9A634453610622ED
:105A60004C9B5B7893430422B6E73068002802D051
:105A70007B1C00D16FE3FF233B40AA69D35CDB07AB
:105A800000D42BE45B46469322AB0693489B46AA80
:105A900005930E230493C44B039324AB02939946BE
:105AA0006B4603CA03C31EA8326873680E99FEF7DB
:105AB000DFFB33001EAA03CA03C3306877680028DF
:105AC00001D100F019FC7B1C01D100F038FC5B46D1
:105AD000002B01D100F024FC5346013301D0FFF725
:105AE00001FC00245B469968DA680023914201D3E7
:105AF00000F03AFC9C4201D1FFF7F4FB229B249A70
:105B0000134301D0FFF7EEFB3000FFF71FFB2B7FA5
:105B1000C4B2002B01D100F019FD4A23E95C8C428C
:105B20000DD03000FFF712FB2B7FC4B2002B01D148
:105B300000F0D0FC4823E95C8C4200D0E0E55B46F5
:105B4000469322AB0793489B0027069317230493A1
:105B50004B46022402936B460397059446AA03CA58
:105B600003C31EA80E9932687368FEF7A7F83300C6
:105B70001EAA03CA03C322AB0793489B039706934D
:105B80003B2304934B4602936B46059446AA03CAF3
:105B900003C31EA8326873680E99FEF78FF83300AE
:105BA0001EAA03CA03C37768FFF79CFB5B464693B4
:105BB00022AB0793489B46AA0693022305930A3318
:105BC00004930B3B039323AB02936B4603CA03C3BB
:105BD0001EAC2000326873680E99FEF76FF8330030
:105BE00006CC06C3229B002B00D089E50C2123980C
:105BF000ECF72AFC4A9B012299604C9B1B7814E627
:105C00005B46469322AB0793489B46AA0693022322
:105C10000593393304930023039323AB02936B461C
:105C200003CA03C31EAC2000326873680E99FEF7E6
:105C300045F8330006CC06C3229B002B00D05FE55D
:105C4000239B4A9A776834685360FFF74CFB2B7F9D
:105C5000012B08D0002B00D12DE22B68DC69534BBF
:105C60009C4200D04FE224AB9946514B1A682492D3
:105C70004A469B8893805B4646934C9B1EAC06939A
:105C80004B4605934A9B46AA049322AB0393489B39
:105C900002936B4603CA03C32000326873680E99EF
:105CA000FFF76CFA330006CC06C37768FFF71AFBE0
:105CB0005B46469322AB0793489B46AA0693022372
:105CC00005933B3304930023039323AB02936B466A
:105CD00003CA03C31EAC2000326873680E99FDF737
:105CE000EDFF330006CC06C3229B002B00D007E556
:105CF000239B4A9A136077683468FFF7F4FA2B7F86
:105D0000012B08D0002B00D1D9E12B68DC69274B8F
:105D10009C4200D0E7E124AB99464A46254B03CB91
:105D200003C21B7813705B4646934C9B1EAC0693D4
:105D30004B4605934A9B46AA049322AB0393489B88
:105D400002936B4603CA03C32000326873680E993E
:105D5000FFF714FA330006CC06C3229B002B00D0B9
:105D6000CEE404224C9B5B7813434C9A53707768C3
:105D7000FFF7B8FA2B7F012B08D0002B00D1A2E14E
:105D80002B68DC69094B9C4200D0B4E124AB9946F6
:105D90004A46094B03CB03C21B7813706BE7C0461E
:105DA0000F27000094F8FFFF5C1F0020550701102B
:105DB000E0800410D4800410E88004105B46469311
:105DC00022AB0793489B46AA0693022305933333DD
:105DD00004930023039323AB02936B4603CA03C3CC
:105DE0001EAC2000326873680E99FDF767FF330020
:105DF00006CC06C3229B002B00D081E4FC22239B0F
:105E000092031B041340202213434C9ADD4912686D
:105E10000A4013434C9A13607768FFF763FA5B46B6
:105E2000469322AB0793489B46AA06930223059309
:105E3000153304930023039323AB02936B4603CAE9
:105E400003C31EAC2000326873680E99FDF736FF5D
:105E5000330006CC06C3229B002B00D050E4239BCA
:105E60004A9A936001224C9B1B7893434C9A13707F
:105E70007768FFF737FA5B46469322AB0793489B58
:105E800046AA069302230593333304930023039316
:105E900023AB02936B4603CA03C31EAC20003268D7
:105EA00073680E99FDF70AFF330006CC06C3229BE8
:105EB000002B00D024E4FC22239B92031B041340FC
:105EC000402213434C9AB0491268A1E70F9B9B688C
:105ED0001B695A4646924C9A1EAC0692D1E60F9B1D
:105EE0009B689B6AF5E75B46469322AB0793489B0A
:105EF00046AA0693012305930533049300230393D5
:105F000023AB02936B4603CA03C31EAC2000326866
:105F100073680E99FDF7D2FE330006CC06C3229BB0
:105F2000002B01D0FFF7ECFB239B4A9A93614C9B1B
:105F300002221B7879E40F9B9B689B68C9E75B464C
:105F4000469322AB0793489B46AA069302230593E8
:105F5000613304930023039323AB02936B4603CA7C
:105F600003C31EAC2000326873680E99FDF7A6FECD
:105F7000330006CC06C3229C002C01D0FFF7C0FBE7
:105F800006224C9B30685B787768934313434C9AA6
:105F90005370002800D103E17B1C00D1F3E15B4684
:105FA000002B00D19FE15346013300D126E2239B11
:105FB000442B00DC64334A9A5361FFF793F95A4645
:105FC0000F9B46929B684C9A9B691EAC0692B0E66A
:105FD0005B46469322AB0793489B46AA069302234F
:105FE0000593613304930023039323AB02936B4621
:105FF00003CA03C31EAC2000326873680E99FDF714
:106000005DFE330006CC06C3229B002B01D0FFF7B8
:1060100077FB239B4C9A53605C4B12881A40902369
:10602000FFF7A6FB534601335A425341DBB219E452
:10603000A368E26893427AD21A78A9698A5C120747
:1060400000D524E4FFF74FF9236820005B6A9847E6
:10605000431C00D15FE1C1B2FFF764FA236820005E
:106060005B6A9847431C00D164E1C1B2FFF730F985
:10607000236820009B6A984701235B4273600BE40E
:106080002800FAF7A1FB2B68414A9B69934200D193
:10609000B6E42521280098478146B1E4306883683A
:1060A000C268934200D3B2E10133836001235B42B3
:1060B0007360FFF736FB2800FAF786FBCDE5280072
:1060C000FAF782FB21E62800FAF77EFB58E6A36880
:1060D000E268934200D39EE10133A36001277F422F
:1060E0007760FFF700F92B4A24AB1100280009392B
:1060F0009946A04717E6284A24AB11002800093921
:106100009946A047B7E5254A24AB2800911F994638
:10611000A047B0E58368C268934200D380E11A7853
:10612000A9698A5C120701D4FFF7FBFABCE7236870
:1061300020005B6A9847431C01D0FFF79CFB0024BA
:106140003460FFF798FBA368E268934200D34BE109
:106150001B780B934DE48368C268934200D339E106
:106160001B788AE4236820005B6A98470700431C79
:1061700001D0FFF797FB0024012334609946FFF715
:1061800069FBC046DFFFC0FFBFFFC0FF7FFBFFFF13
:10619000E9060110DD800410F1800410E68004108F
:1061A0007B1C5A425341DCB25B46002B00D19BE082
:1061B00052460023013200D121E19C4200D1F6E693
:1061C0003068002802D07B1C00D185E03800FF2316
:1061D0000340EC1823001E33FF33197800290CD13B
:1061E0002B68D74A1B6AC1B2934200D024E12A2906
:1061F00000D1DCE61E34FF34217030235B42994627
:1062000089444B46DBB2092B00D9D0E63468A2683A
:10621000E1688A4200D32BE101235B427360239B38
:1062200001329800C3185B004B44A26023938A425A
:1062300000D3A7E11078441C63425C415A465346A0
:10624000E4B2002A03D05246013200D1BAE0013351
:106250005A4253413068A3420CD1239B0221B94AD0
:10626000012794464C9A634452787F428A434C9962
:106270004A70A0E6002800D181E18368C268934299
:1062800000D373E11878FF270740EF193B001E3356
:10629000FF33197800290BD12B68A94A1B6AC1B2B8
:1062A000934200D078E12A29D7D01E37FF373970C2
:1062B0003039CAB20C003068239B092ACED88368D3
:1062C000C268934200D3F8E0013383600A22239B23
:1062D00053431B192393C1E78368C268934200D3D9
:1062E000EFE0187873E70024534601335A425341D4
:1062F0000022DBB2934660E77B1C5A425341DCB27A
:106300005B46002B0DD052460023013201D0FFF72F
:10631000F1FBFFF7E7FB0C9BFF213360FFF7BEF8B3
:106320000024534601335A4253410022DBB29346C4
:10633000FFF7E0FB0023FF213360FEF7C9FF82680F
:10634000C3689A4200D3D7E05B46002BE8D053469F
:10635000013301D0FEF7C6FF5B469A68DB68002474
:106360009A4201D2FEF7BEFF5B461B6858465B6A45
:1063700098470023013001D0FFF7BCFB0022013316
:106380009346FFF7B7FB8268C3689A427FD25B46A9
:10639000002BA8D05346013300D008E65B469A682C
:1063A000DB6800249A4200D201E65B461B6858462F
:1063B0005B6A98470023013000D0FEE600220133DB
:1063C0009346FAE65B465A469B68D26893423ED2B1
:1063D0001B783CE703685B6A9847421C43D0C3B212
:1063E000FFF74BFB08F01CFC236820005B6A984712
:1063F000431C26D0C3B20B93FFF7FBFA00245B4685
:106400009968DA680023914200D2D6E6CDE70368A6
:106410009B6A98474AE6236820009B6A98475DE696
:1064200003685B6A98470700431C01D0FFF771F9C6
:1064300000233360FFF76DF92A22280098470100F6
:10644000D5E60024FF2334600B93FFF7D2FA5B46B6
:106450001B6858465B6A98470300421C00D0F6E66A
:1064600000229346F3E600233360FF33FFF705FB7A
:10647000236820009B6A984701230A225B427360CD
:10648000239BE16853434B44A2682393CFE6036800
:106490005B6A9847013000D079E75B463460002B97
:1064A00028D05346013300D090E65B469A68DB68FB
:1064B00001249A4200D289E677E703689B6A9847ED
:1064C00004E703685B6A9847431C00D07FE600231B
:1064D00033607CE62800FAF777F92B681A4A9B6943
:1064E0002B21934201D1FFF727FB28009847010099
:1064F000FFF722FB0124F7E603685B6A9847013047
:1065000000D021E7002333605B46002B0DD05346BB
:10651000013301D0FFF7F2FA5B46DA689B68012489
:106520009A4201D9FFF7EAFA1EE70124F9E60023AF
:1065300099467B1C01D0FFF78DF9FFF7ADF9C046F6
:10654000ED06011094F8FFFFE90601102800FAF7A4
:106550003BF92B68134A9B692D21934201D1FFF728
:10656000DEFA280098470100FFF7D9FA03685B6A52
:106570009847431C00D086E60023336083E6012061
:10658000404280E6236820005B6A9847431C00D0A5
:1065900051E6002333604EE62A2228009847010086
:1065A00081E6C046E9060110F0B5DE46474680B5F3
:1065B00091B0050040480A920B938846F4F748F9D9
:1065C0001A9B0AACDB6E5A689B68984200D371E054
:1065D0008000805800286DD00023384A38491EF0CA
:1065E000E9FB002866D083680DAE1B6900219B463D
:1065F0000C223000ECF76CFC5B4605931C9B069666
:1066000004931B9B18AA03931A9B08AF02936B4633
:1066100003CA03C3414638000A9A6368FEF7AEFD19
:10662000230003CF03C30A9F30001C9920F050FBC6
:106630006668002F20D0013623D000261898199BB9
:10664000002814D00022013328D0B24205D1022202
:106650001B9B1B6813431B9A13602B0028000A978F
:1066600006CC06C311B0C0BCBB46B046F0BD01337A
:106670005A425341DAB2E8E7013673425E41F6B25C
:10668000DCE7BA68FB689A42D7D33B6838005B6A9C
:1066900098470130D1D101260027CFE78168C36830
:1066A0009942D2D303685B6A98470130434258410C
:1066B000C2B2CAE708F0B4FA543C002014C804106F
:1066C0004C9A0410F0B5DE46474680B591B00500FF
:1066D00040480A920B938846F4F7BAF81A9B0AAC22
:1066E000DB6E5A689B68984200D371E08000805846
:1066F00000286DD00023384A38491EF05BFB002883
:1067000066D083680DAE9B6800219B460C2230004A
:10671000ECF7DEFB5B4605931C9B069604931B9BE4
:1067200018AA03931A9B08AF02936B4603CA03C3CC
:10673000414638000A9A6368FEF720FD230003CF24
:1067400003C30A9F30001C9920F0C2FA6668002F2C
:1067500020D0013623D000261898199B002814D089
:106760000022013328D0B24205D102221B9B1B68B4
:1067700013431B9A13602B0028000A9706CC06C30C
:1067800011B0C0BCBB46B046F0BD01335A425341C4
:10679000DAB2E8E7013673425E41F6B2DCE7BA6886
:1067A000FB689A42D7D33B6838005B6A9847013050
:1067B000D1D101260027CFE78168C3689942D2D39F
:1067C00003685B6A9847013043425841C2B2CAE746
:1067D00008F026FA543C002014C804104C9A041007
:1067E000F0B557464E464546DE46E0B591B00B93B0
:1067F0001D9B05009A461FAB1F7820AB1B784D48A8
:10680000984689460A92F4F723F81C9B8000DB6EB9
:106810000AAC5B68C658002E00D189E000235246BE
:106820001360337F002B53D04223F05C43460CAE01
:106830003070002B46D14346B3700DAB9B46002110
:106840000C2218007770ECF743FB5B4606931E9B07
:1068500005960493534603931C9B1AAA02936B4616
:1068600003CA03C308AF494638000A9A6368FEF7B3
:1068700085FC230003CF03C30A9F58461E9920F0CE
:1068800027FA6668002F35D0013638D000261A98CE
:106890001B9B002829D0002201333DD0B24205D1F4
:1068A000534602221B681343524613602B002800F4
:1068B0000A9706CC06C311B0F0BCBB46B246A94647
:1068C000A046F0BD0023F3703B0047469846B2E770
:1068D0003000F9F779FF3368174A9B692520934206
:1068E000A4D0252130009847A0E701335A425341F4
:1068F000DAB2D3E7013673425E41F6B2C7E7BA684F
:10690000FB689A42C2D33B6838005B6A9847013003
:10691000BCD101260027BAE78168C3689942BDD37C
:1069200003685B6A9847013043425841C2B2B5E7F9
:1069300008F076F90C3D0020E90601100122184B01
:106940001968114200D11A600122164B19681142D0
:1069500000D11A600122144B1968114200D11A604B
:106960000122124B1968114200D11A600122104B0A
:106970001968114200D11A6001220E4B19681142A8
:1069800000D11A6001220C4B1968114200D11A6023
:1069900001220A4B1968114200D11A607047C046A3
:1069A000EC2E0020F42E0020BC2E0020C02E002053
:1069B000DC2E0020E42E0020D42E0020CC2E00203F
:1069C00010B50C0082B0C1680498009301901300C8
:1069D00000202200F7F708FC02B010BDF0B504005B
:1069E00010008A6879218BB00691149910AD059139
:1069F000139904911299039101A9C0CDC0C10093CC
:106A0000002103002000F8F7EFF920000BB0F0BDE3
:106A1000F0B5040010008A686D218BB006911499BE
:106A200010AD0591139904911299039101A9C0CD5C
:106A3000C0C10093002103002000F8F7D5F9200021
:106A40000BB0F0BDF0B5040010008A6877218BB060
:106A50000691149910AD059113990491129903911F
:106A600001A9C0CDC0C10093002103002000F8F7A8
:106A7000BBF920000BB0F0BDF0B5040010008A682F
:106A800064218BB00691149910AD0591139904916E
:106A90001299039101A9C0CDC0C100930021030048
:106AA0002000F8F7A1F920000BB0F0BDF0B504000C
:106AB00010008A6874218BB00691149910AD05916D
:106AC000139904911299039101A9C0CDC0C10093FB
:106AD000002103002000F8F787F920000BB0F0BD7B
:106AE00010B581680020F8F773F910BDF0B547467E
:106AF000CE468C4680B591B00A92050010001AAAC5
:106B000011780027624698460B930D979368079774
:106B10000EAF06970DAF05971B9F0391049701A930
:106B200018AF9C460CCF0CC1434608AE624600210C
:106B30000AAC009303003000F8F77EFA230006CE7B
:106B400006C30D9B002B0DD10E9A0F9B1D990A6059
:106B50004B602B00280006CC06C311B0C0BCB94660
:106B6000B046F0BD1C9A1360F3E7C046F0B58F68DD
:106B70000021040010008BB010AA157812AA167814
:106B800006911499159A04910592119A0093029214
:106B900003003A002000002103960195F8F79CFBC2
:106BA00020000BB0F0BDC04610B50A0001690020FE
:106BB000F8F7FEF810BDC04610B514000CC982B03D
:106BC000016900940020F7F763FF02B010BDC046D2
:106BD00010B50C0082B0C1680498009301901300B6
:106BE00000202200F7F70EFB02B010BDF0B5040044
:106BF00010008A6879218BB00691149910AD059127
:106C0000139904911299039101A9C0CDC0C10093B9
:106C1000002103002000F8F77BF920000BB0F0BD45
:106C2000F0B5040010008A686D218BB006911499AC
:106C300010AD0591139904911299039101A9C0CD4A
:106C4000C0C10093002103002000F8F761F9200083
:106C50000BB0F0BDF0B5040010008A6877218BB04E
:106C60000691149910AD059113990491129903910D
:106C700001A9C0CDC0C10093002103002000F8F796
:106C800047F920000BB0F0BDF0B5040010008A6891
:106C900064218BB00691149910AD0591139904915C
:106CA0001299039101A9C0CDC0C100930021030036
:106CB0002000F8F72DF920000BB0F0BDF0B504006E
:106CC00010008A6874218BB00691149910AD05915B
:106CD000139904911299039101A9C0CDC0C10093E9
:106CE000002103002000F8F713F920000BB0F0BDDD
:106CF00010B581680020F8F771F810BDF0B547466F
:106D0000CE468C4680B591B00A92050010001AAAB2
:106D100011780027624698460B930D979368079762
:106D20000EAF06970DAF05971B9F0391049701A91E
:106D300018AF9C460CCF0CC1434608AE62460021FA
:106D40000AAC009303003000F8F71EFA230006CEC9
:106D500006C30D9B002B0DD10E9A0F9B1D990A6047
:106D60004B602B00280006CC06C311B0C0BCB9464E
:106D7000B046F0BD1C9A1360F3E7C046F0B58BB087
:106D80000400149E159F100010AA15788A6800212F
:106D9000069112990093039111990300029120002A
:106DA0000021049605970195F8F712FB20000BB01F
:106DB000F0BDC04610B50A0001690020F8F700F8E0
:106DC00010BDC04610B514000CC982B00169009412
:106DD0000020F7F795FE02B010BDC04670B5541AFA
:106DE00082B005000E0001940F2C0ED80068012C13
:106DF00008D10B780370019C286800236C60035550
:106E000002B070BD002CF8D006E0002201A913F0FA
:106E100083F9019B2860AB6022003100ECF75EF83B
:106E2000019C2868E9E7C04670B5521A82B09610F6
:106E300004000D0001960C2A05D80068012E09D126
:106E40000B68036009E0002201A91DF067FC019BAB
:106E50002060A360002E07D120680022019B6360A0
:106E60009B001A5002B070BD3200290024F0FEF9D8
:106E7000F2E7C04610B5040000208AB0C96800934C
:106E8000130003AA0990F7F715FA099B002B18D0F5
:106E9000230003990833049A236000290CD0920040
:106EA00020008A18FFF7C0FF099B002B01D003A820
:106EB000984720000AB010BD002AF0D0064807F01D
:106EC000BFFE064807F0BCFE099B002B01D003A8BB
:106ED00098471EF0E7F8C04684800410E87E04104E
:106EE00030B500258DB0040011980B9545680969EF
:106EF000039500680093029010981300019005AA72
:106F00000020F7F7B3FE0B9B002B18D02300059948
:106F10000833069A236000290CD0920020008A18BA
:106F2000FFF782FF0B9B002B01D005A8984720009C
:106F30000DB030BD002AF0D0064807F081FE0648AB
:106F400007F07EFE0B9B002B01D005A898471EF092
:106F5000A9F8C04684800410E87E041010B504002F
:106F600000208AB0C9680093130003AA0990F7F7BC
:106F700057F9099B002B17D0230003990833049A73
:106F8000236000290BD020008A18FFF727FF099BF8
:106F9000002B01D003A8984720000AB010BD002A9A
:106FA000F1D0064807F04CFE054807F049FE099B62
:106FB000002B01D003A898471EF074F884800410B9
:106FC000E87E0410F0B54746CE4680B593B00892EF
:106FD000002209931AAB1F781CAB1B7811929846BC
:106FE0001D9B05001A685C680DA80E0091460B9069
:106FF0000A940F2C2ED8012C28D1137834216A46FC
:1070000052181370020000230C9413551C4BB268E5
:1070100011930BAB069343460020002103931B9B67
:10702000049005910293099B002100932800089B7E
:107030000197F8F751F9119B002B01D00BA8984745
:10704000280013B0C0BCB946B046F0BD0200002C09
:10705000D9D007E000220AA90BA813F05DF80A9B1B
:107060000B900D9322004946EBF738FF0A9C0B9AD0
:10707000C9E7119B002B01D00BA898471EF012F80E
:107080006978011030B500258DB0040011980B957A
:1070900045680969039500680093029010981300F1
:1070A000019005AA0020F7F763FD0B9B002B17D07A
:1070B000230005990833069A236000290BD020008D
:1070C0008A18FFF78BFE0B9B002B01D005A8984771
:1070D00020000DB030BD002AF1D0064807F0B0FD09
:1070E000054807F0ADFD0B9B002B01D005A8984784
:1070F0001DF0D8FF84800410E87E0410F0B54746E8
:10710000CE4680B593B009931AAB1B780892984687
:1071100000231D9A0F0011685268119392000DAB65
:1071200095100BAC060089460B930A950C2A32D8B1
:10713000012D25D10A6804210D92002265605A5064
:107140001D4BBA68A3611C9B002003931B9B00216D
:10715000029343460193099B0490059100930021FB
:107160003000089B0694F8F733F9A369002B01D08F
:1071700020009847300013B0C0BCB946B046F0BDFF
:107180001800002D03D02A00494624F06FF80A9D0C
:107190000B9BA900D1E7002220000AA91DF0BEFA2E
:1071A0000A9B0B90A360ECE7A369002B01D02000A1
:1071B00098471DF077FFC04655780110084B10B571
:1071C00003600400006943685A1E4260012B02D12B
:1071D00003685B6898472000F9F7B4FE200010BDF3
:1071E000C8BC0410084B10B5036004000069436874
:1071F0005A1E4260012B02D103685B689847200049
:1072000002F054F9200010BDBCBD0410094B10B5AC
:1072100003600400806843685A1E4260012B02D15B
:1072200003685B689847044B20002360F3F72AF853
:10723000200010BDD8BD04108CB504100A4B10B549
:1072400003600400006943685A1E4260012B02D1AA
:1072500003685B6898472000F9F774FE2000EBF79D
:107260004BFE200010BDC046C8BC0410094B10B531
:1072700003600400806843685A1E4260012B02D1FB
:1072800003685B689847044B20002360F2F7FAFF1D
:10729000200010BD04BE0410E0C20410094B10B55C
:1072A00003600400806843685A1E4260012B02D1CB
:1072B00003685B689847044B20002360F2F7E2FF05
:1072C000200010BD8CBD0410B0C20410094B10B5D5
:1072D00003600400806843685A1E4260012B02D19B
:1072E00003685B689847044B20002360F2F7CAFFED
:1072F000200010BD98BC04105CB504100A4B10B5FA
:1073000003600400006943685A1E4260012B02D1E9
:1073100003685B689847200002F0C8F82000EBF78C
:10732000EBFD200010BDC046BCBD0410094B10B5DC
:1073300003600400806843685A1E4260012B02D13A
:1073400003685B689847044B20002360F2F79AFFBC
:10735000200010BDA4BD0410C8C20410094B10B514
:1073600003600400806843685A1E4260012B02D10A
:1073700003685B689847044B20002360F2F782FFA4
:10738000200010BDB0BC041074B504100B4B10B538
:1073900003600400806843685A1E4260012B02D1DA
:1073A00003685B689847064B20002360F2F76AFF8A
:1073B0002000EBF7A1FD200010BDC046A4BD0410C5
:1073C000C8C204100B4B10B503600400806843680A
:1073D0005A1E4260012B02D103685B689847064B36
:1073E00020002360F2F74EFF2000EBF785FD200020
:1073F00010BDC0468CBD0410B0C2041000220A4B60
:1074000010B5036003690400C068DA6043685A1E5F
:107410004260012B02D103685B6898472000F4F7B3
:107420008BFB200010BDC046F0BB041000220A4BAD
:1074300010B5036003690400C068DA6043685A1E2F
:107440004260012B02D103685B6898472000F4F783
:10745000F7FB200010BDC046E4BC04100B4B10B578
:1074600003600400806843685A1E4260012B02D109
:1074700003685B689847064B20002360F2F702FF21
:107480002000EBF739FD200010BDC04698BC041069
:107490005CB504100B4B10B50360040080684368B2
:1074A0005A1E4260012B02D103685B689847064B65
:1074B00020002360F2F7E6FE2000EBF71DFD200020
:1074C00010BDC046B0BC041074B504100B4B10B511
:1074D00003600400806843685A1E4260012B02D199
:1074E00003685B689847064B20002360F2F7CAFEEA
:1074F0002000EBF701FD200010BDC04604BE0410C3
:10750000E0C204100B4B10B50360040080684368B0
:107510005A1E4260012B02D103685B689847064BF4
:1075200020002360F2F7AEFE2000EBF7E5FC200020
:1075300010BDC046D8BD04108CB5041000220B4B02
:1075400010B5036003690400C068DA6043685A1E1E
:107550004260012B02D103685B6898472000F4F772
:10756000EBFA2000EBF7C8FC200010BDF0BB0410C4
:107570000B4B10B503600400C06843685A1E42609C
:10758000012B02D103685B6898472000054B083047
:1075900023601FF0C9F82000F2F774FE200010BD30
:1075A00014BC041098B4041000220B4B10B50360F7
:1075B00003690400C068DA6043685A1E4260012B08
:1075C00002D103685B6898472000F4F739FB20007C
:1075D000EBF792FC200010BDE4BC04100B4B10B57F
:1075E00003600400C06843685A1E4260012B02D148
:1075F00003685B6898472000054B083023601FF044
:1076000093F82000F2F73EFE200010BD08BD0410E4
:10761000ECC104100D4B10B503600400C068436852
:107620005A1E4260012B02D103685B689847200014
:10763000074B083023601FF077F82000F2F722FE96
:107640002000EBF759FC200010BDC04608BD041017
:10765000ECC104100D4B10B503600400C068436812
:107660005A1E4260012B02D103685B6898472000D4
:10767000074B083023601FF057F82000F2F702FE96
:107680002000EBF739FC200010BDC04614BC0410EC
:1076900098B4041000220B4B10B50360036904007A
:1076A000C068DA609A611A629A6243685A1E426040
:1076B000012B02D103685B6898472000F3F7D6FDE1
:1076C000200010BD64BC041000220B4B10B50360F9
:1076D00003690400C068DA601A629A621A63436838
:1076E0005A1E4260012B02D103685B689847200054
:1076F000F3F7C4FE200010BD58BD041000220B4B50
:1077000010B5036003690400C068DA601A629A6207
:107710001A6343685A1E4260012B02D103685B68FA
:1077200098472000F3F776FE200010BD24BD04101A
:1077300000220B4B10B5036003690400C068DA60D7
:107740009A611A629A6243685A1E4260012B02D102
:1077500003685B6898472000F3F754FD200010BDD4
:1077600030BC041000220D4B10B503600369040007
:10777000C068DA601A629A621A6343685A1E4260ED
:10778000012B02D103685B6898472000F3F776FE6F
:107790002000EBF7B1FB200010BDC04658BD04101F
:1077A00000220D4B10B5036003690400C068DA6065
:1077B0009A611A629A6243685A1E4260012B02D192
:1077C00003685B6898472000F3F750FD2000EBF753
:1077D00093FB200010BDC04664BC041000220D4B7A
:1077E00010B5036003690400C068DA601A629A6227
:1077F0001A6343685A1E4260012B02D103685B681A
:1078000098472000F3F706FE2000EBF775FB2000F9
:1078100010BDC04624BD041000220D4B10B50360FE
:1078200003690400C068DA609A611A629A62436868
:107830005A1E4260012B02D103685B689847200002
:10784000F3F7E0FC2000EBF757FB200010BDC0462B
:1078500030BC041003000068083310B5984201D012
:10786000EBF74AFB10BDC04603000068083310B5B3
:10787000984201D0EBF740FB10BDC046F0B54E4634
:1078800057464546DE468946E0B59BB00B939C467D
:1078900026AB1978924600230A924A4619939268B9
:1078A0000C9306930CAB0593279B13AE04930391A3
:1078B000079601A924AB0500904605CB05C1634698
:1078C00008AF009342465346002138000AACF7F750
:1078D0005BFC230003CF03C30C9BB269002B11D0C8
:1078E000289A13602B0006CC06C3B369002B01D085
:1078F0003000984728001BB0F0BCBB46B246A946F2
:10790000A046F0BD002A4BD013990FAB9846726881
:107910000D93002921D092008A180DA8FFF784FA50
:10792000299B2999186808310E9A0D9B884219D015
:10793000434519D0299F299989683B600F9B7A603C
:10794000BB600028CED00D900F9100230E930360F2
:107950004045C7D0EBF7D0FAC4E7002ADBD0154882
:1079600007F06EF9434511D1002A08D0012A13D03F
:10797000414623F07BFC299B0E9A18680D9B2999A0
:107980004A600021920011501800DEE729990B602F
:107990000F9B4A608B60A5E70F9A02600E9AEEE794
:1079A000054807F04DF9B369002B01D03000984726
:1079B0001DF078FB84800410E87E0410F0B54E467C
:1079C00057464546DE468946E0B59DB00B939C463A
:1079D00028AB1978924600230A924A461B93926874
:1079E0000D9306930DAB0593299B15AE049303915C
:1079F000079601A926AB0500904605CB05C1634655
:107A000008AF009342465346002138000AACF7F70E
:107A100013FB230003CF03C30D9BB269002B11D0CE
:107A20002A9A13602B0006CC06C3B369002B01D041
:107A30003000984728001DB0F0BCBB46B246A946AE
:107A4000A046F0BD002A00D182E0159B9A467368DB
:107A5000994611AB98460F935346002B36D04B46B0
:107A60000E930F2B48D900220EA90FA812F054FB39
:107A70000E9B0F9011934A465146EBF72FFA0E9B3F
:107A800099460F9B4B444A46109200221A702B9B3A
:107A900018680833984220D00F9B434537D02B9F5E
:107AA0001099BF68119ABC462B9F3B607960BA6001
:107AB00000281BD063460F9011930023109303708E
:107AC0000F984045AED0EBF717FAABE74B46002BCB
:107AD0003BD1002243469146D5E70F9B434516D044
:107AE0002B981099119A03604160826043460F936E
:107AF00011AB98461800E0E7012B19D153466A46AE
:107B000044211B785218137045236B44BBE7109A2D
:107B1000002A07D0012A0FD04146EBF7DFF92B9B53
:107B2000109A18682B9B5A60002383540F98C4E75F
:107B30004046002B9FD1CCE76B4643329B181B7805
:107B400003702B9B109A1868ECE7064807F078F84A
:107B5000054807F075F8B369002B01D0300098474D
:107B60001DF0A0FA84800410E87E0410F0B5C6462B
:107B700000B50B6886B008009B6814000D0098479C
:107B80002423E0542B682800DB6898472523E05421
:107B900000230122A3606361E3616433E2542B6834
:107BA000684629001B699847019F781CEBF7A0F9EC
:107BB0000600010000233A00684612F005FD00238C
:107BC0000098F355E76002AFA660B84201D0EBF72A
:107BD00093F92B6868465B6929009847019B581CFC
:107BE0009846EBF785F906000100002342466846F7
:107BF00012F0EAFC424600230098B3546661A26189
:107C0000B84201D0EBF778F92B68684629009B69E8
:107C10009847019E701CEBF76BF9050001000023EB
:107C20003200684612F0D0FC00230098AB55E561A5
:107C30002662B84201D0EBF75FF906B080BCB846C7
:107C4000F0BD684612F086FA1DF02CFAF9E7F8E765
:107C5000F0B5CE46474680B50B680D0087B00800EA
:107C60009B68140098472B686062DB68280098477F
:107C700000230122A3606361E3612533FF33A06227
:107C8000E2542B68684629001B699847019F781CBD
:107C9000EBF72EF90600010000233A00684612F0C7
:107CA00093FC00230098F355E76002AFA660B8424A
:107CB00001D0EBF721F92B6829005B6968469847EA
:107CC000019B98465E1C284B9E424BD8B600300064
:107CD000EBF70EF9814601000023424668461CF08E
:107CE0006BFF00234E44043E33604B4663614346C2
:107CF0000098A361B84201D0EBF7FEF82B68290089
:107D00009B6968469847019B98465D1C164B9D42AF
:107D100025D8AD002800EBF7EBF8060001000023A2
:107D2000424668461CF048FF00237519043D2B604D
:107D300043460098E6612362B84201D0EBF7DCF8D5
:107D400007B0C0BCB946B046F0BD684612F002FAB2
:107D50001DF0A8F968461CF003FD1DF0A3F91DF005
:107D60006FFAF7E71DF06CFAFEFFFF1F080010B571
:107D700082B0059C11001A00036800949C68049B63
:107D8000A04702B010BDC046080010B582B0059CE7
:107D900011001A00036800949C68049BA04702B07D
:107DA00010BDC04670B514001A000B6888B0DD68BD
:107DB00002A80C9BA847A369002B01D0200098477C
:107DC0002000039D0830029E206001950F2D13D8DE
:107DD000012D0ED133782372002365604355104B7B
:107DE0000298A36104AB984201D0EBF785F808B084
:107DF00070BD002DF0D007E00022200001A912F094
:107E00008BF9019B2060A3602A003100EBF766F834
:107E1000019D2068E0E702A812F09CF91DF042F9EC
:107E20006978011070B514001A000B6888B0DD681D
:107E300002A80C9BA847A369002B01D020009847FB
:107E40002000039B08309B009D10029E206001953E
:107E50000C2B05D8012D0BD133680422A3600DE053
:107E60000022200001A91CF059FC019B2060A360A6
:107E7000002D10D1019D2068029EAA00002365609C
:107E800083500A4BA36104AB9E4202D03000EBF753
:107E900033F808B070BD2A00310023F0E7F9E9E7B4
:107EA00002A81CF05DFC1DF0FDF8C04655780110DD
:107EB000F0B5C64600B50B6888B008009B68140092
:107EC0000D00984760742B682800DB689847A07401
:107ED0002B6828001B6A984700230122A360636176
:107EE000E36163624333E062E2542B6802A8290035
:107EF0001B699847039F781CEAF7FAFF0600010008
:107F000000233A0002A812F05FFB00230298F35509
:107F1000E76004AFA660B84201D0EAF7EDFF2B6836
:107F200002A85B6929009847039B581C9846EAF70A
:107F3000DFFF060001000023424602A812F044FBC6
:107F4000424600230298B3546661A261B84201D050
:107F5000EAF7D2FF2B6802A89B6929009847039B88
:107F6000581C9846EAF7C4FF060001000023424669
:107F700002A812F029FB424600230298B354E6619E
:107F80002262B84201D0EAF7B7FF2B6802A8DB698A
:107F900029009847039B581C9846EAF7A9FF06005A
:107FA00001000023424602A812F00EFB42460023C5
:107FB0000298B3546662A262B84201D0EAF79CFF0D
:107FC0002B6828005B6A984720632B680290019019
:107FD0009B6A28009847606308B080BCB846F0BD33
:107FE00002A812F0B7F81DF05DF8F9E7F8E7F7E737
:107FF000F0B5C64600B50B6888B008009B68140051
:108000000D00984760742B682800DB689847A074BF
:108010002B6828001B6A984700230122A360636134
:10802000E36163624333E062E2542B6802A82900F3
:108030001B699847039F781CEAF75AFF0600010066
:1080400000233A0002A812F0BFFA00230298F35569
:10805000E76004AFA660B84201D0EAF74DFF2B6895
:1080600002A85B6929009847039B581C9846EAF7C9
:108070003FFF060001000023424602A812F0A4FAC6
:10808000424600230298B3546661A261B84201D00F
:10809000EAF732FF2B6802A89B6929009847039BE7
:1080A000581C9846EAF724FF0600010000234246C8
:1080B00002A812F089FA424600230298B354E661FE
:1080C0002262B84201D0EAF717FF2B6802A8DB69E9
:1080D00029009847039B581C9846EAF709FF0600B9
:1080E00001000023424602A812F06EFA4246002325
:1080F0000298B3546662A262B84201D0EAF7FCFE6D
:108100002B6828005B6A984720632B6802900190D7
:108110009B6A28009847606308B080BCB846F0BDF1
:1081200002A812F017F81CF0BDFFF9E7F8E7F7E72F
:10813000F0B5CE46474680B50B680D0089B0080003
:108140009B68140098472B686061DB68280098479B
:108150002B68A0611B6A2800984700230122A360B6
:10816000E3616362E3626C336063E2542B6802A8EC
:1081700029001B699847039F781CEAF7B9FE06009F
:10818000010000233A0002A812F01EFA0023029810
:10819000F355E76004AFA660B84201D0EAF7ACFE41
:1081A0002B6829005B6902A89847039B98465E1CD0
:1081B000424B9E4200D97EE0B6003000EAF798FEBE
:1081C000814601000023424602A81CF0F5FC002372
:1081D0004E44043E33604B46E361434602982362BB
:1081E000B84201D0EAF788FE2B6829009B6902A8F3
:1081F0009847039B98465E1C304B9E4258D8B60069
:108200003000EAF775FE814601000023424602A8CD
:108210001CF0D2FC00234E44043E33604B466362A4
:1082200043460298A362B84201D0EAF765FE2B6884
:108230002900DB6902A89847039B98465E1C1F4BE8
:108240009E4232D8B6003000EAF752FE8146010065
:108250000023424602A81CF0AFFC00234E44043E1B
:1082600033604B46E362434602982363B84201D031
:10827000EAF742FE2B6828005B6A9847A0632B68E8
:10828000029001909B6A28009847E06309B0C0BC47
:10829000B946B046F0BD02A811F05CFF1CF002FF29
:1082A00002A81CF05DFA1CF0FDFE1CF0C9FFF7E708
:1082B0001CF0C6FFF4E71CF0C3FFC046FEFFFF1F23
:1082C000F0B5CE46474680B50B680D0089B0080072
:1082D0009B68140098472B686061DB68280098470A
:1082E0002B68A0611B6A2800984700230122A36025
:1082F000E3616362E3626C336063E2542B6802A85B
:1083000029001B699847039F781CEAF7F1FD0600D6
:10831000010000233A0002A812F056F90023029847
:10832000F355E76004AFA660B84201D0EAF7E4FD78
:108330002B6829005B6902A89847039B98465E1C3E
:10834000424B9E4200D97EE0B6003000EAF7D0FDF5
:10835000814601000023424602A81CF02DFC0023A8
:108360004E44043E33604B46E36143460298236229
:10837000B84201D0EAF7C0FD2B6829009B6902A82A
:108380009847039B98465E1C304B9E4258D8B600D7
:108390003000EAF7ADFD814601000023424602A805
:1083A0001CF00AFC00234E44043E33604B466362DB
:1083B00043460298A362B84201D0EAF79DFD2B68BC
:1083C0002900DB6902A89847039B98465E1C1F4B57
:1083D0009E4232D8B6003000EAF78AFD814601009D
:1083E0000023424602A81CF0E7FB00234E44043E53
:1083F00033604B46E362434602982363B84201D0A0
:10840000EAF77AFD2B6828005B6A9847A0632B681F
:10841000029001909B6A28009847E06309B0C0BCB5
:10842000B946B046F0BD02A811F094FE1CF03AFE29
:1084300002A81CF095F91CF035FE1CF001FFF7E7CF
:108440001CF0FEFEF4E71CF0FBFEC046FEFFFF1F23
:1084500030B587B002AD0C000095111E12D0CA18BD
:108460006846FEF7BBFC2368694620009B680A9AB1
:10847000984704000098A84201D0EAF73DFD20008B
:1084800007B030BD002BEAD0034806F0D9FB6846A0
:1084900011F060FE1CF006FE8480041030B587B039
:1084A00002AD0C000095111E12D0CA186846FEF7E6
:1084B00095FC2368694620009B680A9A9847040047
:1084C0000098A84201D0EAF717FD200007B030BDA0
:1084D000002BEAD0034806F0B3FB684611F03AFEE1
:1084E0001CF0E0FD84800410F0B54746CE4680B510
:1084F00091B00D001A9906AE140098460496002912
:108500003AD01B9B04AFCA183800FEF767FC199AD3
:108510002B6800920197DB68424699462900189B18
:108520000AA8C847A369002B01D020009847200063
:108530000A9B0B9D08309846206003950F2D21D88B
:10854000012D16D11B782372002365604355194B0A
:108550000A98A3610CAB984201D0EAF7CDFC0498CD
:10856000B04201D0EAF7C8FC11B0C0BCB946B04671
:10857000F0BD002DE8D00DE01B9B002BC1D00E48B4
:1085800006F05EFB0022200003A911F0C5FD039B4D
:108590002060A3602A004146EAF7A0FC039D206802
:1085A000D2E70AA811F0D6FD380011F0D3FD1CF077
:1085B00079FDF9E76978011084800410F0B5474629
:1085C000CE4680B591B00D001A9906AE14009846BB
:1085D0000496002951D01B9B04AF9A008A183800DA
:1085E000FEF722FC199A2B6800920197DB6842463D
:1085F00099462900189B0AA8C847A369002B01D0F7
:108600002000984720000A9B083098460B9B20606A
:108610009B009D1003950C2B06D8012D0CD14346D1
:108620001B680422A3600EE00022200003A91CF0B6
:1086300075F8039B2060A360002D19D10A9B039D50
:1086400098462068AA00002365608350124BA361FE
:108650000CAB984502D04046EAF74EFC0498B04275
:1086600001D0EAF749FC11B0C0BCB946B046F0BD34
:108670002A00414622F0FAFDE0E71B9B002BAAD01E
:10868000064806F0DDFA0AA81CF06AF838001CF06B
:1086900067F81CF007FDF9E7557801108480041095
:1086A000080010B5036811001B69984710BDC0464B
:1086B000080010B5036811001B69984710BDC0463B
:1086C00010B50B6808009B68984710BD10B50B6883
:1086D00008009B68984710BD82B0F0B58BB011932D
:1086E00018AB1B781100643B444ADBB29B00D358A3
:1086F000040006A89F46020011AB60CB60C21300C5
:108700001D0013AAC0CAC0C5179D0A680495169D0E
:1087100020000395159D02956D46C0CBC0C55569D7
:10872000079B069AA84720000BB0F0BC08BC02B01B
:108730001847020011AB60CB60C213001D0013AAE2
:10874000C0CAC0C5179D0A680495169D20000395F0
:10875000159D02956D46C0CBC0C5D568079B069A8E
:10876000A847E0E7020011AB60CB60C213001D0018
:1087700013AAC0CAC0C5179D0A680495169D20009B
:108780000395159D02956D46C0CBC0C59569079BA5
:10879000069AA847C7E7020011AB60CB60C213007E
:1087A0001D0013AAC0CAC0C5179D0A680495169D6E
:1087B00020000395159D02956D46C0CBC0C5156977
:1087C000079B069AA847AEE7020011AB60CB60C2D8
:1087D00013001D0013AAC0CAC0C5179D0A680495DE
:1087E000169D20000395159D02956D46C0CBC0C512
:1087F000D569079B069AA84795E7C046B0B504100F
:1088000082B0F0B58BB0119318AB1B781100643BAC
:10881000444ADBB29B00D358040006A89F460200DE
:1088200011AB60CB60C213001D0013AAC0CAC0C543
:10883000179D0A680495169D20000395159D0295C5
:108840006D46C0CBC0C55569079B069AA847200056
:108850000BB0F0BC08BC02B01847020011AB60CBF3
:1088600060C213001D0013AAC0CAC0C5179D0A68C4
:108870000495169D20000395159D02956D46C0CB6D
:10888000C0C5D568079B069AA847E0E7020011AB70
:1088900060CB60C213001D0013AAC0CAC0C5179DDB
:1088A0000A680495169D20000395159D02956D4656
:1088B000C0CBC0C59569079B069AA847C7E70200C9
:1088C00011AB60CB60C213001D0013AAC0CAC0C5A3
:1088D000179D0A680495169D20000395159D029525
:1088E0006D46C0CBC0C51569079B069AA847AEE781
:1088F000020011AB60CB60C213001D0013AAC0CAF6
:10890000C0C5179D0A680495169D20000395159D06
:1089100002956D46C0CBC0C5D569079B069AA8478E
:1089200095E7C04608B6041082B0F0B54E464546FD
:10893000DE465746E0B593B01D9321AB1B7805008A
:108940009C46136811009946249B1DAC002B23D034
:108950000AA8030044CC44C322001C00C0CAC0C4FF
:10896000249A28000592239A0492229A039262463E
:1089700002926A4650CB50C24B460A9A9C680B9BA7
:10898000A047280013B0F0BCBB46B246A946A0469B
:10899000F0BC08BC02B018470EAB984642460C9398
:1089A000249B0D931370220006AB9A46C0CAC0C325
:1089B0001E001FAA9B4688CA88C60CAA0592239A45
:1089C0005B460492229A0392624602926A4681CBE7
:1089D00081C24B46DF6853463000069A5B68B84751
:1089E0002300320003CA03C3239B1B68002B1BD147
:1089F000259B9B69002B01D0259898472598259B9E
:108A000008300D9F18600C9B0A9799460F2F17D8B6
:108A1000012F12D11B78259A1372259B259A5F602E
:108A20000023C355124B93612B0006CC06C30C9850
:108A30004045A6D0EAF760FAA3E7002FEDD009E0A1
:108A400000223100259811F067FB259B259A1860BC
:108A50000A9B93603A004946EAF740FA259B0A9F31
:108A60001868DAE70CA811F075FB1CF01BFBC04678
:108A70006978011082B0F0B557464546DE464E464D
:108A8000E0B593B01D9321AB1B7805009C4613689D
:108A900011009A46249B1DAC002B23D00AA803008A
:108AA00044CC44C322001C00C0CAC0C4249A28007D
:108AB0000592239A0492229A0392624602926A468F
:108AC00050CB50C253460A9A9C680B9BA047280083
:108AD00013B0F0BCBB46B246A946A046F0BC08BCE9
:108AE00002B018470CAB98460EAB0C939946434620
:108AF000249A5A600E92220006AB9B46C0CAC0C39D
:108B00001E001FAA88CA88C642460592239A08AB4F
:108B10000492229A0392624602926A4681CB81C2F3
:108B20005346DF685B463000069A5B68B84723000F
:108B3000320003CA03C3239B1B68002B21D1259B52
:108B40009B69002B01D0259898472598259B0830D4
:108B5000186043465B680C9F9B009A1092460A92ED
:108B60000C2B18D8012A20D1259A3B689360042247
:108B70005146259B596000238350164B259A9361DB
:108B800000E00C9F2B0006CC06C34F459FD0380059
:108B9000EAF7B2F99BE70022310025981BF0BEFDF1
:108BA000259B259A18600A9B93605346002B03D09F
:108BB0005246390022F05AFB0A9B0C9F9A46259B8D
:108BC000186853469A00D3E740461BF0C9FD1CF0D5
:108BD00069FAC0465578011082B0F0B54E46574646
:108BE0004546DE46E0B591B01B931DAB1B780400F3
:108BF00099461FAB1B7815009A46229B1BAE002B93
:108C00004DD09A69002A6ED01A685B680792984620
:108C10000CAB9B460A934346002A39D008930F2B8E
:108C200053D908AF002239000AA811F075FA089B41
:108C30000A900C9342460799EAF750F9089B984628
:108C40000A9B434442460B9200221A703B0006CE18
:108C500006C30AAA2B680392524602921E9A290062
:108C600001924A460092DE682000089A7B68B0476D
:108C70000A98584501D0EAF73FF9200011B0F0BC3E
:108C8000BB46B246A946A046F0BC08BC02B0184795
:108C9000002B2BD100225B46904608AFD2E70AABEF
:108CA0001A0003CE03C22A682098219904900591E6
:108CB000514602911E992000019149460091966803
:108CC00029000A9A0B9BB047D7E7012B11D1282125
:108CD000079B02AA1B785218137002AA29239446F4
:108CE00008AF6344AEE7084805F0AAFF074805F05F
:108CF000A7FF584608AF002B9CD1CBE70AA811F07C
:108D000029FA1CF0CFF9C046E87E041084800410D4
:108D100082B0F0B54746CE4680B58FB0179319ABF9
:108D20001F781E9B0400150017AE002B34D09A69E3
:108D3000002A46D006CB0AAB98460893002926D0D5
:108D400008AB920018008A189946FEF76DF806AB3A
:108D50001A0003CE03C249462A6803911B99009763
:108D600002911A9920000191D6682900069A079B62
:108D7000B0470898404501D0EAF7BEF820000FB090
:108D8000C0BCB946B046F0BC08BC02B01847002AC7
:108D9000D6D0104805F054FF08AB1A0003CE03C22A
:108DA0002A681C981D99049005911B9900970291BF
:108DB0001A992000019196682900089A099BB047EA
:108DC000DCE7054805F03CFF48461BF0C9FC1CF0F9
:108DD00069F9C04684800410E87E0410022370B54F
:108DE000C84A0E005B42C84904001BF0E3FF051EA1
:108DF00002D00668300070BDC44B9E4247D0C44BC1
:108E00009E4200D18DE0C34B9E426CD0C24B9E422D
:108E100000D197E0C14B9E4200D19FE0C04B9E42E3
:108E200000D1A7E0BF4B9E4200D1D5E0BE4B9E4291
:108E300000D103E1BD4B9E4200D10DE1BC4B9E42EF
:108E40005DD0BC4B9E4200D134E1BB4B9E4200D171
:108E50003DE1BA4B9E4200D146E1B94B9E4200D162
:108E6000A4E1B84B9E4200D1D2E1B74B9E4200D064
:108E700000E21420EAF738F80021060005F0DCFCD7
:108E80006368346101336360B04B3360B2E7142030
:108E9000EAF72AF806006820EAF726F80023AC4A29
:108EA00000210260642243608360C36003744361F5
:108EB0008361C361036283847360A64B81540500A0
:108EC000B060002130003360F2F7E4FD63682A00EF
:108ED00001336360A04B21000020F46033603561F2
:108EE000F5F736F886E70C20E9F7FEFF6368060021
:108EF00001336360994B4560846003607AE710201A
:108F0000E9F7F2FF00234360954B06000360F1F799
:108F1000CFF96368B06001336360924BF4603360F3
:108F200068E71020E9F7E0FF8F4B4560036006001B
:108F3000F1F7BEF96368B060013363608B4BF46096
:108F4000336057E70C20E9F7CFFF63680600013371
:108F50006360874B4560846003604BE70C20E9F752
:108F6000C3FF6368060001336360824B4560846021
:108F700003603FE71420E9F7B7FF06004420E9F754
:108F8000B3FF7D4B002203600023432143608360D5
:108F9000C360038243618361C3610362436283628E
:108FA000C362036343637360744B8274050042546D
:108FB000B0600022002130003360F2F783F863686C
:108FC0002A00013363606E4B21000020F46033609F
:108FD0003561F5F7B9F90DE71420E9F785FF0600CB
:108FE0004420E9F781FF674B0022036000234321FF
:108FF00043608360C360038243618361C361036232
:1090000043628362C3620363436373605E4B827433
:1090100005004254B0600022002130003360F2F7B6
:10902000A1F863682A0001336360584B21000020D7
:10903000F46033603561F5F75BFADBE61420E9F79D
:1090400053FF00210600FCF76DF8636834610133BB
:1090500063604F4B3360CDE61420E9F745FF06000F
:1090600094204000E9F740FF4A4A00230260922220
:10907000520043608360C360037443618361C361D2
:1090800003624362836273608354434B0500B060A4
:10909000002130003360F2F783FD63682A0001335A
:1090A00063603E4B21000020F46033603561F4F7CB
:1090B000E7FF9FE60C20E9F717FF00234360636892
:1090C000060001336360364B8460036092E60C2037
:1090D000E9F70AFF00234360636806000133636019
:1090E000304B8460036085E60C20E9F7FDFE002329
:1090F000436063680600013363602B4B8460036048
:1091000078E6C046B8AB04104C9A0410443D0020E9
:10911000343D00204C3D0020543D00205C3D0020AB
:10912000283D0020243D00203C3D0020483D0020FB
:10913000383D0020503D0020583D0020603D00207B
:10914000303D00202C3D0020403D0020BCBD0410DF
:1091500098A20410B4B40410F0BB0410D8BD0410DD
:10916000ECC1041008BD041098B4041014BC041021
:1091700098BC0410B0BC041058A20410D8B4041059
:1091800030BC041068A204100CB5041064BC0410B8
:10919000C8BC0410A8A2041008C20410E4BC041047
:1091A00004BE04108CBD0410A4BD04101420E9F703
:1091B0009BFE06007020E9F797FE504A00230260EC
:1091C0006C2243608360C360037443618361C36145
:1091D000036243628362C362036343638363C36363
:1091E00073608354464B0500B060002200213000BC
:1091F0003360F2F76FF863682A0001336360414B14
:1092000021000020F46033603561F5F745FAF1E59F
:109210001420E9F769FE06007020E9F765FE3A4A76
:10922000002302606C2243608360C3600374436167
:109230008361C361036243628362C3620363436306
:109240008363C36373608354304B0500B0600022B6
:10925000002130003360F2F78DF863682A00013393
:1092600063602B4B21000020F46033603561F5F71B
:1092700011FBBFE5274805F0E3FC3000F1F702F8E9
:109280003000E9F739FE1BF00DFFF9E7F5E7F7E7E6
:10929000F6E7F5E7F1E7F0E7F068F4F74FFE3000A6
:1092A000F2F74AFCECE7E8E7F068F4F747FE300035
:1092B000F1F7A8FFE4E7F068F4F740FE3000F1F7BB
:1092C000D5FFDDE7D9E7DBE7DAE7F068F4F736FE4C
:1092D0003000F2F7B5FCD3E7CFE7D1E7F068F4F759
:1092E0002DFE3000F2F796F8CAE7F068F4F726FE94
:1092F0003000F2F7C3F8C3E7BFE7C1E778A2041074
:109300002CC2041024BD041088A2041060C20410F2
:1093100058BD0410307F0410836858697047C046F8
:10932000836898697047C0468368586B7047C04629
:1093300010B58368FF249B6B82B01800190A1A0CC1
:109340002140204009022240120408431B0E1B0644
:109350001043184302B010BD10B58368FF24DB6BC7
:1093600082B01800190A1A0C21402040090222403C
:10937000120408431B0E1B061043184302B010BD15
:10938000836858697047C046836898697047C046CB
:109390008368586B7047C04610B58368FF249B6B89
:1093A00082B01800190A1A0C2140204009022240FC
:1093B000120408431B0E1B061043184302B010BDD5
:1093C00010B58368FF24DB6B82B01800190A1A0CF1
:1093D0002140204009022240120408431B0E1B06B4
:1093E0001043184302B010BD8368586A7047C046E6
:1093F0008368986A7047C046002070470020704715
:109400007047C046002010B5914205D21924E041B2
:1094100008C9C0188A42FAD810BDC04610B5040069
:10942000024B0360F0F72EFF200010BDB0C2041005
:1094300010B50400044B0360F0F724FF2000E9F7A7
:109440005BFD200010BDC046B0C2041010B5040082
:10945000024B0360F0F716FF200010BDC8C20410D5
:1094600010B50400044B0360F0F70CFF2000E9F78F
:1094700043FD200010BDC046C8C2041010B5040052
:10948000024B0360F0F7FEFE200010BDE0C20410A6
:1094900010B50400044B0360F0F7F4FE2000E9F778
:1094A0002BFD200010BDC046E0C2041010B5040022
:1094B000044B036008301DF037F92000F0F7E2FE9E
:1094C000200010BD94C2041010B50400FFF7EEFF99
:1094D0002000E9F711FD200010BDC04610B50400C2
:1094E000044B036008301DF01FF92000F0F7CAFE9E
:1094F000200010BDECC1041070B5521A82B0961055
:1095000004000D0001960C2A05D80068012E09D12F
:109510000B68036009E0002201A91BF0FFF8019B22
:109520002060A360002E07D120680022019B6360A9
:109530009B001A5002B070BD3200290021F096FE47
:10954000F2E7C04670B5541A82B005000E000194CF
:109550000F2C0ED80068012C08D10B780370019CE9
:10956000286800236C60035502B070BD002CF8D051
:1095700006E0002201A910F0CFFD019B2860AB603E
:1095800022003100E9F7AAFC019C2868E9E7C046FF
:1095900010B50400064B036008301DF0C5F820002C
:1095A000F0F770FE2000E9F7A7FC200010BDC046D0
:1095B000ECC104108B6870B59D680300083304008B
:1095C0000360002D09D0280025F078FF29002A1813
:1095D0002000FFF7B7FF200070BD014805F030FB09
:1095E000848004108B6870B59D6803000833040004
:1095F0000360002D09D0280025F060FF29002A18FB
:109600002000FFF79FFF200070BD014805F018FB08
:10961000848004108B6870B59D68030008330400D3
:109620000360002D09D0280025F048FF29002A18E2
:109630002000FFF787FF200070BD014805F000FB08
:10964000848004108B6870B55D69030008330400E2
:109650000360002D0AD0280023F06AFC8200290054
:109660002000AA18FFF748FF200070BD014805F050
:10967000E7FAC046848004108B6870B5DD6903008A
:10968000083304000360002D0AD0280023F050FCAA
:10969000820029002000AA18FFF72EFF200070BDCD
:1096A000014805F0CDFAC046848004108B6870B57F
:1096B0005D6A0300083304000360002D0AD028000F
:1096C00023F036FC820029002000AA18FFF714FFBF
:1096D000200070BD014805F0B3FAC0468480041034
:1096E0008B6870B5DD6A0300083304000360002D49
:1096F0000AD0280023F01CFC820029002000AA18B0
:10970000FFF7FAFE200070BD014805F099FAC04647
:10971000848004108B6870B5DD6A03000833040090
:109720000360002D0AD0280023F002FC82002900EB
:109730002000AA18FFF7E0FE200070BD014805F0E8
:109740007FFAC046848004108B6870B5DD69030021
:10975000083304000360002D0AD0280023F0E8FB42
:10976000820029002000AA18FFF7C6FE200070BD65
:10977000014805F065FAC046848004108B6870B516
:10978000DD690300083304000360002D0AD02800BF
:1097900023F0CEFB820029002000AA18FFF7ACFEC0
:1097A000200070BD014805F04BFAC04684800410CB
:1097B0008B6870B55D6A0300083304000360002DF8
:1097C0000AD0280023F0B4FB820029002000AA1848
:1097D000FFF792FE200070BD014805F031FAC04647
:1097E00084800410F0B54546DE4657464E461C00C0
:1097F000E0B500258DB002AB8046684699460093DF
:109800000195FFF779FE08AB2100169A06A89A4643
:1098100006930795FFF770FE019F079EBF00BB46AA
:10982000009D069CB600AB44A61903E0A6422AD0D0
:10983000043504342200290040461DF029F9071E92
:109840000FD1280023F074FB80002D18200023F096
:109850006FFB80002418AB45E8D1361B731E9E4178
:1098600077420698504501D0E9F746FB00984845F5
:1098700001D0E9F741FB38000DB0F0BCBB46B24661
:10988000A946A046F0BD0127EBE768461AF068FF3D
:109890001BF008FCF0B557464E464546DE46E0B59F
:1098A0001D0008239C46844463468BB01600036069
:1098B0000393002306AA04008A464360836004924F
:1098C00031002A0004A80593FFF716FE049BAD1B88
:1098D0009846059B6F109B0043440293444B9D4266
:1098E00000D97AE0B800E9F703FB424B05009B463C
:1098F00006E000224946B6009A519B1961605A6001
:1099000042463B00290050461DF0CCF80200874239
:1099100013D8471C002D02D02800E9F7F1FA364B86
:109920009F424DD8B800E9F7E3FA4246010005002E
:109930003B0050461DF0B6F8020059466368CB1A4A
:109940009A4236D8290020001BF00AF9404623F03D
:10995000EFFA029B80004044834217D06668031DE3
:109960009846731C9946039A23689A420CD0A268C1
:109970009145BED90123002200933100002320002D
:109980001AF01CFF2368B4E70322F1E7002D02D090
:109990002800E9F7B5FA049806AB984201D0E9F738
:1099A000ABFA20000BB0F0BCBB46B246A946A046BD
:1099B000F0BD124805F05CF91BF0FEFC1CF06AF9E2
:1099C0001BF03EFC1BF032FD04A81AF0C9FE20007B
:1099D0001AF0C6FE1BF066FBF6E71BF031FCF6E75B
:1099E0001BF0EAFC002DE9D02800E9F789FAE5E749
:1099F000FCFFFF3FFFFFFF0FFEFFFF1FFC7F041078
:109A0000F0B5DE46574645464E46E0B5A3B0139343
:109A10001D002C9B0E90CC48049314002D9F129295
:109A2000F0F716FF2E9B8000DB6E5B68C3580A932D
:109A3000002B01D100F0D7FDC448F0F709FF2E9BA1
:109A40008146DA6E8300D668F61833689846002B94
:109A500001D100F021FC40234344089343469B6A14
:109A6000002B04D043461B6B5A1E9341DBB211936B
:109A700016AB994618AB4A461693002353601372EF
:109A800043461B7C002B00D0F9E21EAB1C93002345
:109A90001CAE202130003372736010F0FFFB4423B2
:109AA000434405934346DB6B1593002306930793CA
:109AB00003930F930B931093A54B0C93A54B099312
:109AC0001421069A10AB5B189B5C042B01D900F0A3
:109AD0008FFD0C9A9B00D3589F46AA46002C2FD08E
:109AE0006B1C2DD122E0089B1EAAC01A099B801076
:109AF0001B681B5C9B4673689A465D1C33689342E7
:109B000000D1A2E2B268954200D951E252465946CC
:109B100099540022336875605A55039B01330393AF
:109B2000A368E268934262D20433A360A368E26848
:109B3000934264D21D686B1C68D001235B429A4635
:109B400001356B425D41049B3800EDB2002B02D021
:109B50007B1C00D144E2013043425841A84200D16D
:109B600052E25546002C03D05346013300D155E252
:109B70000A222900059824F001FE0028B3D14346AB
:109B80005B69AB4200D11DE243461B7C9B46002B28
:109B900000D139E243469B69AB4200D059E2079BB2
:109BA000002B00D053E2039B002B01D100F0F7FB08
:109BB000DBB29B464B465B6818AA9A465D1C4B4637
:109BC0001B68934200D158E24A469268954200D9F8
:109BD00030E25246594699544B4600225D601B685C
:109BE0005A550023E2680393A36893429CD32368E9
:109BF00020009B6A9847A368E26893429AD323683F
:109C000020005B6A984705006B1C96D1AA46002489
:109C100096E701239B46069B032B00D155E1AA46FC
:109C2000002C01D06B1C23D001356B425D41049B9D
:109C30003800EDB2002B01D07B1C2FD00130434205
:109C40005841A8423DD05246002C03D05346013320
:109C500000D106E20A98082103689B68984700280B
:109C60002FD0A368E268934200D37EE20433A3605E
:109C7000A368E268934200D385E31D686B1C00D1A2
:109C800052E3012301355B429A466B425D41049BDE
:109C90003800EDB2002BD1D07B1CCFD1049A936851
:109CA000D268934200D369E31868431C5A1E93415B
:109CB000049A5B4201301A40434258410492A84240
:109CC000C1D1069B5546013306935B46002B00D05D
:109CD000F6E6AA4604222F9B1B6813432F9A1360B3
:109CE0005546002C03D05346013300D12CE30135F7
:109CF0006B425D41049BEDB2002B02D07B1C00D176
:109D00001AE37B1C5A425341AB4205D102222F9BDE
:109D10001B6813432F9A136052460E9B1C981C60BD
:109D20005A601EAB984201D0E9F7E6F8169818ABD6
:109D3000984201D0E9F7E0F80E9823B0F0BCBB469A
:109D4000B246A946A046F0BD103D0020303D00209F
:109D500028BE0410201F002043469B6A002B00D021
:109D600021E243461B6B002B00D0BBE20123119A7A
:109D70005A409346069B01330693042B00D1A4E07E
:109D80005B46002B00D09BE6A3E72E9BDB689B0580
:109D900000D584E10B9B012B00D980E1069B002BB1
:109DA00000D17CE1012B00D148E3069B022B00D1BE
:109DB0006AE17368012B00D92EE2109B002B0BD0B7
:109DC0001C9B1B78302B07D02D23002200930021F1
:109DD00030002C3B10F092FA4B465B689B46002B00
:109DE0002DD0079B002B00D1DCE26B463C229B1858
:109DF0001B78059301235B449A46169B18AA93424D
:109E000000D19BE34A469268924500D93AE35A460C
:109E1000059999544B46524651465A600022169B6A
:109E20005A5443464A46D96898681DF051F90028AB
:109E300005D104222F9B1B6813432F9A1360079BA5
:109E4000002B06D04346039A5B6BAA46934200D090
:109E500040E73100309810F0DDFBAA4640E72800CB
:109E6000002C02D06B1C00D1F9E101304342584173
:109E7000C3B29A46049B3800002B02D07B1C00D151
:109E8000DEE101304342584100239B46504500D15A
:109E9000C1E62A00002C02D06B1C00D12AE30A98EC
:109EA000082103689B6898478346002800D1B2E6E2
:109EB000A368E268934200D359E30433A360069B8E
:109EC000032B00D0D4E601256D420B9B012B00D85B
:109ED00064E15B46002B00D1FBE6109B002B00D019
:109EE0008EE143465B6A05930123AA469B46002CFC
:109EF00001D06B1C29D001356B425D41049B3800B9
:109F0000EDB2002B01D07B1C35D0013043425841CB
:109F10000B9BA84243D09B4544D05046002C03D015
:109F20005346013300D1A6E15B46059A9B00D35806
:109F3000834200D0CEE6A368E268934200D3A6E154
:109F40000433A36001239C46E344A368E268934280
:109F500000D3A6E21D686B1C00D10CE20123013581
:109F60005B429A466B425D41049B3800EDB2002B88
:109F7000CBD07B1CC9D1049A9368D268934200D39A
:109F800095E21868431C5A1E9341049A5B420130C3
:109F90001A404342584104920B9BA842BBD19B45B7
:109FA00000D097E673685546012B00D805E733E1EA
:109FB00001230022009351460023300010F0F8F8EE
:109FC0003368A3E5079B002B41D143465B6B002B15
:109FD0001ADD039B0F9301230793002303939FE54F
:109FE000049A9368D268934200D3A0E11868431C96
:109FF0005A1E9341049A5B4201301A404342584131
:10A000000492A84200D0ACE501239B4673685546F4
:10A01000002B00D0AEE600239B46ABE6A368E268C7
:10A02000934200D39CE11D686B1C5A1E93415B4216
:10A030001C409DE501230022009351460023484621
:10A0400010F0B6F84B461B68C3E50F225BE5079B93
:10A050009B4673685546002B00D08BE600239B4639
:10A0600088E6A368E268934200D392E11A68531C21
:10A07000591E8B415B421C40ECE50F22A6E52021D6
:10A08000484610F00BF900E510ABDB7D042B06D041
:10A09000119A002A00D1DFE1032B00D0DCE1434616
:10A0A0001B6AAA460D9300239B46002C00D091E228
:10A0B00001356B425D41049B3800EDB2002B01D0AD
:10A0C0007B1C34D00130434258410D9BA84242D002
:10A0D0009B4500D14AE15046002C02D05346013343
:10A0E00048D043465A46DB699200D358834235D163
:10A0F000A368E268934249D20433A36001239C46DB
:10A10000E344A368E268934200D3B5E11D686B1C89
:10A1100000D12DE1012301355B429A466B425D413E
:10A12000049B3800EDB2002BCCD07B1CCAD1049A22
:10A130009368D268934200D399E11868431C5A1E71
:10A140009341049A5B4201301A40434258410492C1
:10A150000D9BA842BCD19B4500D107E15B46002B7B
:10A1600052D0002355469B4604E6236820009B6A94
:10A1700098477DE5A368E268934200D38CE11868B4
:10A18000431C5A1E93415B421C40AAE723682000EF
:10A190009B6A984701239C46E344B2E75B46002B49
:10A1A00000D196E505E62800002C02D06B1C00D1FA
:10A1B00095E1013043425841C3B29A46049B3800AE
:10A1C000002B02D07B1C00D17BE10130434258417F
:10A1D000504500D0EAE043461B6B002B00D081E0E5
:10A1E00043469B6A002B00D1C0E501231093069BD8
:10A1F00001330693042B00D062E4033B9B4664E6E4
:10A200004346DB6A05936FE601222E9B5546DB68C9
:10A210005B0A9A439346ADE500223021300010F0EE
:10A2200075FA002800D1C8E57268431C00D118E116
:10A23000824200D902000021300010F013F8BCE582
:10A24000049A9368D268934200D38BE11868431C48
:10A250005A1E9341049A5B421A40049211E6A36885
:10A26000E268934200D378E11868431C5A1E934178
:10A270005B421C40F9E5A368E268934200D31BE10E
:10A280001868431C5A1E93415B421C404CE62368ED
:10A2900020009B6A984755E67020E8F725FED34AD0
:10A2A000002302606C222E9943608360C3600374B4
:10A2B00043618361C361036243628362C362036378
:10A2C00043638363C3636C318354804611F0C8F9E0
:10A2D0002E9B4146D86E4A46F0F738FA33689846C6
:10A2E000FFF7B9FB2800002C02D06B1C00D11AE14B
:10A2F000013043425841C3B29A46049B3800002BB8
:10A3000002D07B1C00D100E101304342584150454E
:10A310006FD143469B6A002B00D127E543461B6B58
:10A32000002B00D022E560E7AA4600247CE40498D4
:10A3300003685B6A98475AE6049A9368D268934226
:10A3400000D303E11F68DCE4A368E268934200D312
:10A35000F6E01D686B1C5A1E93415B421C40C6E42C
:10A36000236820005B6A984705005DE655463EE796
:10A37000AA4600249CE6AA460024BCE5049803688B
:10A380005B6A984791E4236820005B6A9847050060
:10A3900074E4236820005B6A9847020067E60023A4
:10A3A0009B4656E66B461B7B059323E52800002C55
:10A3B0000CD06B1C0AD1A368E268934200D3FAE088
:10A3C0001868431C5A1E93415B421C4043465B6A1B
:10A3D0001B68834200D0FEE643469B6AE2680B930B
:10A3E000A368934200D3EBE00433A36001256D42E0
:10A3F000FDE62800002C0CD06B1C0AD1A368E26893
:10A40000934200D3D2E01868431C5A1E93415B422A
:10A410001C404346DB6A1B68834200D079E7434611
:10A420001B6BE2680B93A368934200D3CDE0043327
:10A43000A360012501236D421093D8E6119B002BE8
:10A4400000D02CE610AB1B7D032B00D127E610AB10
:10A450009B7D012B00D122E6069B01330693FFF77B
:10A460002FFB501E00D3B9E01C9B1A70A5E4049882
:10A4700003685B6A984761E6236820005B6A984737
:10A48000050044E601230022009359460023484674
:10A490000FF08EFE169BBAE4236820005B6A984793
:10A4A0006EE6236820005B6A9847050053E5049830
:10A4B00003685B6A984765E5236820005B6A9847F4
:10A4C000DFE6049A9368D268934265D21868431C09
:10A4D0005A1E9341049A5B421A40049275E6A3689F
:10A4E000E26893425DD21868431C5A1E93415B4256
:10A4F0001C405EE6A368E268934242D21A68531C8D
:10A50000591E8B415B421C40C9E4049A9368D2688F
:10A5100093423CD21868431C5A1E9341049A5B42F2
:10A520001A400492F0E6A368E268934224D21868C5
:10A53000431C5A1E93415B421C40D9E60F2263E440
:10A54000236820005B6A9847050003E704980368C6
:10A550005B6A98470700FFF7D4FB236820005B6A1B
:10A56000984782E6049803685B6A98476FE6236819
:10A5700020009B6A9847A2E4236820005B6A984702
:10A58000D6E7236820005B6A98470200B7E7049883
:10A5900003685B6A9847BEE7049803685B6A98475C
:10A5A00095E7236820005B6A98479DE723682000B1
:10A5B0005B6A984728E7236820005B6A984700E7B2
:10A5C000236820009B6A984710E7236820009B6A55
:10A5D00098472EE76B1C00D06AE592E5002801D170
:10A5E000FFF7EBFB24E604F01BFBC04678A2041047
:10A5F00001239B46FFF7BEFB1AF0DEFE43461B68B5
:10A6000040465B6898471BF045FB1AF0D5FEFAE719
:10A610001AF00CFF1AF046FD30000FF09BFD484683
:10A620000FF098FD1AF03EFDF9E7C046F0B5DE46A2
:10A63000574645464E46E0B5A3B013931D002C9BEC
:10A640000E90CC48049314002D9F1292F0F700F95D
:10A650002E9B8000DB6E5B68C3580A93002B01D1F0
:10A6600000F0D7FDC448F0F7F3F82E9B8146DA6E70
:10A670008300D668F61833689846002B01D100F0A5
:10A6800021FC40234344089343469B6A002B04D09B
:10A6900043461B6B5A1E9341DBB2119316AB99468E
:10A6A00018AB4A46169300235360137243461B7C33
:10A6B000002B00D0F9E21EAB1C9300231CAE20211E
:10A6C0003000337273600FF0E9FD44234344059377
:10A6D0004346DB6B159300230693079303930F9375
:10A6E0000B931093A54B0C93A54B09931421069A39
:10A6F00010AB5B189B5C042B01D900F08FFD0C9A0A
:10A700009B00D3589F46AA46002C2FD06B1C2DD1FE
:10A7100022E0089B1EAAC01A099B80101B681B5CC4
:10A720009B4673689A465D1C3368934200D1A2E24F
:10A73000B268954200D951E25246594699540022D6
:10A74000336875605A55039B01330393A368E2682D
:10A75000934262D20433A360A368E268934264D256
:10A760001D686B1C68D001235B429A4601356B4221
:10A770005D41049B3800EDB2002B02D07B1C00D160
:10A7800044E2013043425841A84200D152E25546CA
:10A79000002C03D05346013300D155E20A22290090
:10A7A000059823F0EBFF0028B3D143465B69AB4229
:10A7B00000D11DE243461B7C9B46002B00D139E2B1
:10A7C00043469B69AB4200D059E2079B002B00D067
:10A7D00053E2039B002B01D100F0F7FBDBB29B4659
:10A7E0004B465B6818AA9A465D1C4B461B68934211
:10A7F00000D158E24A469268954200D930E252466A
:10A80000594699544B4600225D601B685A550023F7
:10A81000E2680393A36893429CD3236820009B6A59
:10A820009847A368E26893429AD3236820005B6A42
:10A83000984705006B1C96D1AA46002496E7012391
:10A840009B46069B032B00D155E1AA46002C01D064
:10A850006B1C23D001356B425D41049B3800EDB287
:10A86000002B01D07B1C2FD0013043425841A8421D
:10A870003DD05246002C03D05346013300D106E2AE
:10A880000A98082103689B68984700282FD0A3687E
:10A89000E268934200D37EE20433A360A368E268D7
:10A8A000934200D385E31D686B1C00D152E3012362
:10A8B00001355B429A466B425D41049B3800EDB224
:10A8C000002BD1D07B1CCFD1049A9368D2689342DD
:10A8D00000D369E31868431C5A1E9341049A5B42F3
:10A8E00001301A40434258410492A842C1D1069B0C
:10A8F0005546013306935B46002B00D0F6E6AA4688
:10A9000004222F9B1B6813432F9A13605546002C7B
:10A9100003D05346013300D12CE301356B425D4136
:10A92000049BEDB2002B02D07B1C00D11AE37B1CF0
:10A930005A425341AB4205D102222F9B1B6813435D
:10A940002F9A136052460E9B1C981C605A601EABD7
:10A95000984201D0E8F7D0FA169818AB984201D087
:10A96000E8F7CAFA0E9823B0F0BCBB46B246A94637
:10A97000A046F0BD103D00202C3D00203CBE041040
:10A98000201F002043469B6A002B00D021E2434653
:10A990001B6B002B00D0BBE20123119A5A40934657
:10A9A000069B01330693042B00D1A4E05B46002BE9
:10A9B00000D09BE6A3E72E9BDB689B0500D584E1D6
:10A9C0000B9B012B00D980E1069B002B00D17CE181
:10A9D000012B00D148E3069B022B00D16AE173688A
:10A9E000012B00D92EE2109B002B0BD01C9B1B7857
:10A9F000302B07D02D2300220093002130002C3B68
:10AA00000FF07CFC4B465B689B46002B2DD0079BD0
:10AA1000002B00D1DCE26B463C229B181B7805938F
:10AA200001235B449A46169B18AA934200D19BE3EC
:10AA30004A469268924500D93AE35A460599995494
:10AA40004B46524651465A600022169B5A54434682
:10AA50004A46D96898681CF03BFB002805D10422BF
:10AA60002F9B1B6813432F9A1360079B002B06D064
:10AA70004346039A5B6BAA46934200D040E73100FD
:10AA800030980FF0C7FDAA4640E72800002C02D0FE
:10AA90006B1C00D1F9E1013043425841C3B29A46E0
:10AAA000049B3800002B02D07B1C00D1DEE101307A
:10AAB0004342584100239B46504500D1C1E62A003D
:10AAC000002C02D06B1C00D12AE30A9808210368ED
:10AAD0009B6898478346002800D1B2E6A368E268E5
:10AAE000934200D359E30433A360069B032B00D0A9
:10AAF000D4E601256D420B9B012B00D864E15B4637
:10AB0000002B00D1FBE6109B002B00D08EE14346CA
:10AB10005B6A05930123AA469B46002C01D06B1C5F
:10AB200029D001356B425D41049B3800EDB2002B0A
:10AB300001D07B1C35D00130434258410B9BA842C9
:10AB400043D09B4544D05046002C03D0534601339C
:10AB500000D1A6E15B46059A9B00D358834200D002
:10AB6000CEE6A368E268934200D3A6E10433A36073
:10AB700001239C46E344A368E268934200D3A6E223
:10AB80001D686B1C00D10CE2012301355B429A4623
:10AB90006B425D41049B3800EDB2002BCBD07B1C97
:10ABA000C9D1049A9368D268934200D395E2186899
:10ABB000431C5A1E9341049A5B4201301A4043429F
:10ABC000584104920B9BA842BBD19B4500D097E60D
:10ABD00073685546012B00D805E733E101230022B5
:10ABE00000935146002330000FF0E2FA3368A3E5EA
:10ABF000079B002B41D143465B6B002B1ADD039B67
:10AC00000F9301230793002303939FE5049A93680E
:10AC1000D268934200D3A0E11868431C5A1E9341A6
:10AC2000049A5B4201301A40434258410492A842C0
:10AC300000D0ACE501239B4673685546002B00D03D
:10AC4000AEE600239B46ABE6A368E268934200D3DE
:10AC50009CE11D686B1C5A1E93415B421C409DE5A4
:10AC60000123002200935146002348460FF0A0FA2A
:10AC70004B461B68C3E50F225BE5079B9B46736849
:10AC80005546002B00D08BE600239B4688E6A36840
:10AC9000E268934200D392E11A68531C591E8B411B
:10ACA0005B421C40ECE50F22A6E5202148460FF050
:10ACB000F5FA00E510ABDB7D042B06D0119A002AD3
:10ACC00000D1DFE1032B00D0DCE143461B6AAA463A
:10ACD0000D9300239B46002C00D091E201356B427E
:10ACE0005D41049B3800EDB2002B01D07B1C34D0B9
:10ACF0000130434258410D9BA84242D09B4500D1B0
:10AD00004AE15046002C02D05346013348D0434616
:10AD10005A46DB699200D358834235D1A368E26872
:10AD2000934249D20433A36001239C46E344A368C1
:10AD3000E268934200D3B5E11D686B1C00D12DE1A0
:10AD4000012301355B429A466B425D41049B38000A
:10AD5000EDB2002BCCD07B1CCAD1049A9368D26888
:10AD6000934200D399E11868431C5A1E9341049AF8
:10AD70005B4201301A404342584104920D9BA84265
:10AD8000BCD19B4500D107E15B46002B52D000238C
:10AD900055469B4604E6236820009B6A98477DE55C
:10ADA000A368E268934200D38CE11868431C5A1EE2
:10ADB00093415B421C40AAE7236820009B6A9847A6
:10ADC00001239C46E344B2E75B46002B00D196E5A5
:10ADD00005E62800002C02D06B1C00D195E1013063
:10ADE00043425841C3B29A46049B3800002B02D01C
:10ADF0007B1C00D17BE1013043425841504500D0DB
:10AE0000EAE043461B6B002B00D081E043469B6A7F
:10AE1000002B00D1C0E501231093069B013306935C
:10AE2000042B00D062E4033B9B4664E64346DB6AA6
:10AE300005936FE601222E9B5546DB685B0A9A4319
:10AE40009346ADE50022302130000FF05FFC002872
:10AE500000D1C8E57268431C00D118E1824200D9D4
:10AE60000200002130000FF0FDF9BCE5049A936860
:10AE7000D268934200D38BE11868431C5A1E934159
:10AE8000049A5B421A40049211E6A368E268934276
:10AE900000D378E11868431C5A1E93415B421C4062
:10AEA000F9E5A368E268934200D31BE11868431CEC
:10AEB0005A1E93415B421C404CE6236820009B6A6B
:10AEC000984755E67020E8F70FF8D34A0023026050
:10AED0006C222E9943608360C36003744361836175
:10AEE000C361036243628362C36203634363836338
:10AEF000C3636C318354804610F08AF92E9B41461F
:10AF0000D86E4A46EFF722FC33689846FFF7B9FB44
:10AF10002800002C02D06B1C00D11AE10130434202
:10AF20005841C3B29A46049B3800002B02D07B1CC8
:10AF300000D100E101304342584150456FD14346B2
:10AF40009B6A002B00D127E543461B6B002B00D0EA
:10AF500022E560E7AA4600247CE4049803685B6A63
:10AF600098475AE6049A9368D268934200D303E163
:10AF70001F68DCE4A368E268934200D3F6E01D6832
:10AF80006B1C5A1E93415B421C40C6E423682000A0
:10AF90005B6A984705005DE655463EE7AA460024F1
:10AFA0009CE6AA460024BCE5049803685B6A9847BF
:10AFB00091E4236820005B6A9847050074E42368E5
:10AFC00020005B6A9847020067E600239B4656E62E
:10AFD0006B461B7B059323E52800002C0CD06B1CD3
:10AFE0000AD1A368E268934200D3FAE01868431CD0
:10AFF0005A1E93415B421C4043465B6A1B68834276
:10B0000000D0FEE643469B6AE2680B93A368934236
:10B0100000D3EBE00433A36001256D42FDE6280078
:10B02000002C0CD06B1C0AD1A368E268934200D3B9
:10B03000D2E01868431C5A1E93415B421C404346B1
:10B04000DB6A1B68834200D079E743461B6BE268EA
:10B050000B93A368934200D3CDE00433A360012592
:10B0600001236D421093D8E6119B002B00D02CE6F3
:10B0700010AB1B7D032B00D127E610AB9B7D012B72
:10B0800000D122E6069B01330693FFF72FFB501EEB
:10B0900000D3B9E01C9B1A70A5E4049803685B6AAE
:10B0A000984761E6236820005B6A9847050044E6FC
:10B0B0000123002200935946002348460FF078F8F8
:10B0C000169BBAE4236820005B6A98476EE6236803
:10B0D00020005B6A9847050053E5049803685B6AA3
:10B0E000984765E5236820005B6A9847DFE6049A85
:10B0F0009368D268934265D21868431C5A1E9341E4
:10B10000049A5B421A40049275E6A368E26893428F
:10B110005DD21868431C5A1E93415B421C405EE698
:10B12000A368E268934242D21A68531C591E8B41AD
:10B130005B421C40C9E4049A9368D26893423CD2B3
:10B140001868431C5A1E9341049A5B421A400492A9
:10B15000F0E6A368E268934224D21868431C5A1EA2
:10B1600093415B421C40D9E60F2263E42368200030
:10B170005B6A9847050003E7049803685B6A984791
:10B180000700FFF7D4FB236820005B6A984782E63C
:10B19000049803685B6A98476FE6236820009B6AFF
:10B1A0009847A2E4236820005B6A9847D6E72368A3
:10B1B00020005B6A98470200B7E7049803685B6A5F
:10B1C0009847BEE7049803685B6A984795E7236849
:10B1D00020005B6A98479DE7236820005B6A9847D8
:10B1E00028E7236820005B6A984700E7236820006F
:10B1F0009B6A984710E7236820009B6A98472EE7D0
:10B200006B1C00D06AE592E5002801D1FFF7EBFB4B
:10B2100024E603F005FDC04688A2041001239B46E6
:10B22000FFF7BEFB1AF0C8F843461B6840465B6850
:10B2300098471AF02FFD1AF0BFF8FAE71AF0F6F85F
:10B2400019F030FF30000EF085FF48460EF082FF07
:10B2500019F028FFF9E7C046F0B5C64600B590B032
:10B26000079318AB06921A7800230CAF3B700B9330
:10B270000AAB04931A9B06AC0393199B0500029337
:10B280008C466B460A9708AE002A24D016AA03CA39
:10B2900003C361463000069A6368FEF7B1FB2300E2
:10B2A000320003CA03C30A9B9846EFF701F8330044
:10B2B0001A9A1B99089040461BF0D6F92B0006CC31
:10B2C00006C30A98B84201D0E7F716FE280010B06E
:10B2D00080BCB846F0BD16AA03CA03C3614630005D
:10B2E000069A6368FFF7A2F9D9E70AA80EF032FFC1
:10B2F00019F0D8FEF0B5CE46474680B591B0079319
:10B3000005001AAB30481E7888460692EFF7A0FA7F
:10B310001B9B8000DB6E06AC5B68C3589946002B14
:10B320004BD000230CAF0A970B933B70002E32D109
:10B330000AAB04931C9B18AA03931B9B08AE0293B1
:10B340006B4603CA03C341463000069A6368FFF7A1
:10B350006DF9230006CE06C30B9E002E0DD00022F1
:10B3600031001D9819F010FB48460A9900681D9B92
:10B370008A191B68C66A4846B0472B0006CC06C32C
:10B380000A98B84201D0E7F7B7FD280011B0C0BC59
:10B39000B946B046F0BD0AAB04931C9B18AA0393B0
:10B3A0001B9B08AE02936B4603CA03C341463000A1
:10B3B000069A6368FEF724FBCBE703F031FC0AA88A
:10B3C0000EF0C8FE19F06EFE103D0020F0B5574695
:10B3D0004E46DE464546E0B59DB00B93269B0500E4
:10B3E0009946289BC9489A460A92EFF731FA4B468C
:10B3F000DB6E80005B680AAFC658002E00D1F5E115
:10B40000C348EFF725FA4B46DA6E8300D2688346CD
:10B410009046984443461C68002C00D180E1534676
:10B420001B689846424653461168226C5B689142FD
:10B4300020D0A26B0D92626A0492A26A03923268D3
:10B440009B00526930009246434442460421D04753
:10B450004346C61AB61019D14A46002393602B0002
:10B46000280006CF06C31DB0F0BCBB46B246A946B5
:10B47000A046F0BDE26B0D92E26A0492226B039249
:10B48000002BDCD004229446E044D8E712AB1093A2
:10B490000023710010A81193129319F0EFF9636B58
:10B4A000F21A9246002A28DD002B00DAB246E36841
:10B4B000119A002B00D158E1534600215B00009106
:10B4C00010A819F009FA5046109B80004044A26869
:10B4D0009B46A169E368019040460090584610F0F1
:10B4E000D7FD5B46C01A119B82109A4200D985E1B4
:10B4F00011920022109B1A50636B119A9346002BF5
:10B5000000DDC3E04B46B0220399DB688C461A404D
:10B510000792119A624405929B0500D5B0E018ABE2
:10B520001693002317931893059B16A8590019F03A
:10B53000A5F94B469B689A4600230693079B102B60
:10B5400005D1059B9C46D4459B415B420693714BBC
:10B550000DAE9B46179B98463378042B5BD85A4612
:10B560009B00D3589F46039B002B54D0049B18AAE2
:10B570001B680993434601330893169B934200D1FD
:10B5800032E1189A0899914200D909E14246099995
:10B59000920020E04B46DB689B053CD540465E4B65
:10B5A000226AE1691B1A9A4232D95C4803F060FBB7
:10B5B000069B002B19D1434601330893169B18AA0A
:10B5C000934200D10EE1189A0899914200D9FBE00C
:10B5D00042462799920099509B180022089917918A
:10B5E0005A6018E0069B002B15D05346059A414639
:10B5F0009B1A279A16A80092002219F06DF90AE00A
:10B600004046454B119A10991B1A9A4200D9EFE017
:10B6100016A819F0A5FA01360EABB3429AD1039BD6
:10B620001798012B5AD817998A4566D95346079A15
:10B630005B1A202A63D0279A0021009216A80022C4
:10B6400019F04AF93E7916990A9C002E08D1236810
:10B65000524620001B6B98471699504500D0BDE01C
:10B6600018AB0A943E71994202D00800E7F744FCF7
:10B67000109812AB984200D1EEE6E7F73DFCEBE6FE
:10B680009446236A9C446346059348E7636906939E
:10B690001300109A0133059312AB9A4200D19FE038
:10B6A000129B0599994200D984E05B4606999B005C
:10B6B000D150D21800230599119153605346002BA5
:10B6C0005CDB99001198144B626B41441B1A9A423F
:10B6D00000D997E010A819F043FA13E7013B1A00CC
:10B6E00004990D4B04311B1A9A4200D983E016A825
:10B6F00019F036FA17998A4598D88A46A2E7279A08
:10B7000016A80092002219F0E7F89BE7103D0020F0
:10B71000303D002050BE0410FFFFFF0FFC7F0410DF
:10B720007020E7F7E1FB454A0023026049466C229E
:10B7300043608360C360037443618361C3610362D8
:10B7400043628362C362036343638363C3636C3195
:10B75000835404000FF084FF4B462100D86E5A46F4
:10B76000EEF7F4FF43461C6859E653460021009368
:10B7700010A8434619F090F9636BBEE6626C11990C
:10B7800000925B42002210A819F0A6F8119A2C4BE7
:10B7900041469B1A32009E429CD92A4803F068FA1F
:10B7A0000123002200934146002316A819F006F851
:10B7B000169BEBE60123002200935946002310A8B4
:10B7C00018F0FCFF109A70E7012300220093414615
:10B7D000002316A818F0F2FF169BF9E601363FE7A2
:10B7E00003235EE70322EFE60322CBE603F018FA19
:10B7F000144803F03DFA134803F03AFA124913488B
:10B8000003F066FA0F4803F033FA16A818F0A8FF01
:10B8100010A818F0A5FF19F045FCF9E719F0CCFDC8
:10B82000236820005B6898471AF034FA19F0C4FDC9
:10B83000FAE719F0FBFD19F035FCC04678A20410B8
:10B84000FFFFFF0FFC7F0410B8800410607F04101E
:10B85000F0B557464E46DE464546E0B59DB00B93E3
:10B86000269B05009946289BC9489A460A92EEF7FE
:10B87000EFFF4B46DB6E80005B680AAFC658002EB8
:10B8800000D1F5E1C348EEF7E3FF4B46DA6E8300E3
:10B89000D26883469046984443461C68002C00D1E9
:10B8A00080E153461B689846424653461168226C15
:10B8B0005B68914220D0A26B0D92626A0492A26AE8
:10B8C000039232689B0052693000924643444246DC
:10B8D0000421D0474346C61AB61019D14A46002360
:10B8E00093602B00280006CF06C31DB0F0BCBB46FA
:10B8F000B246A946A046F0BDE26B0D92E26A049200
:10B90000226B0392002BDCD004229446E044D8E75B
:10B9100012AB10930023710010A81193129318F02A
:10B92000ADFF636BF21A9246002A28DD002B00DA85
:10B93000B246E368119A002B00D158E1534600212A
:10B940005B00009110A818F0C7FF5046109B8000C4
:10B950004044A2689B46A169E3680190404600907C
:10B96000584610F095FB5B46C01A119B82109A4214
:10B9700000D985E111920022109B1A50636B119A35
:10B980009346002B00DDC3E04B46B0220399DB68F1
:10B990008C461A400792119A624405929B0500D585
:10B9A000B0E018AB1693002317931893059B16A8C5
:10B9B000590018F063FF4B469B689A460023069394
:10B9C000079B102B05D1059B9C46D4459B415B42B0
:10B9D0000693714B0DAE9B46179B98463378042B0C
:10B9E0005BD85A469B00D3589F46039B002B54D0EC
:10B9F000049B18AA1B680993434601330893169BBE
:10BA0000934200D132E1189A0899914200D909E194
:10BA100042460999920020E04B46DB689B053CD5E5
:10BA200040465E4B226AE1691B1A9A4232D95C4851
:10BA300003F01EF9069B002B19D1434601330893EE
:10BA4000169B18AA934200D10EE1189A08999142C8
:10BA500000D9FBE042462799920099509B1800229A
:10BA6000089917915A6018E0069B002B15D0534691
:10BA7000059A41469B1A279A16A80092002218F0B0
:10BA80002BFF0AE04046454B119A10991B1A9A4227
:10BA900000D9EFE016A819F063F801360EABB342F7
:10BAA0009AD1039B1798012B5AD817998A4566D9C2
:10BAB0005346079A5B1A202A63D0279A00210092E6
:10BAC00016A8002218F008FF3E7916990A9C002E4D
:10BAD00008D12368524620001B6B984716995045A1
:10BAE00000D0BDE018AB0A943E71994202D0080024
:10BAF000E7F702FA109812AB984200D1EEE6E7F7AA
:10BB0000FBF9EBE69446236A9C446346059348E7B9
:10BB1000636906931300109A0133059312AB9A429E
:10BB200000D19FE0129B0599994200D984E05B46C1
:10BB300006999B00D150D2180023059911915360AA
:10BB40005346002B5CDB99001198144B626B414407
:10BB50001B1A9A4200D997E010A819F001F813E7D0
:10BB6000013B1A0004990D4B04311B1A9A4200D96B
:10BB700083E016A818F0F4FF17998A4598D88A46EA
:10BB8000A2E7279A16A80092002218F0A5FE9BE7CC
:10BB9000103D00202C3D002064BE0410FFFFFF0F6D
:10BBA000FC7F04107020E7F79FF9454A00230260EC
:10BBB00049466C2243608360C360037443618361C0
:10BBC000C361036243628362C3620363436383634B
:10BBD000C3636C31835404000FF01AFB4B46210001
:10BBE000D86E5A46EEF7B2FD43461C6859E65346F6
:10BBF0000021009310A8434618F04EFF636BBEE689
:10BC0000626C119900925B42002210A818F064FE49
:10BC1000119A2C4B41469B1A32009E429CD92A48CD
:10BC200003F026F80123002200934146002316A8C2
:10BC300018F0C4FD169BEBE6012300220093594641
:10BC4000002310A818F0BAFD109A70E70123002213
:10BC500000934146002316A818F0B0FD169BF9E6A4
:10BC600001363FE703235EE70322EFE60322CBE63C
:10BC700002F0D6FF144802F0FBFF134802F0F8FF71
:10BC80001249134803F024F80F4802F0F1FF16A8F8
:10BC900018F066FD10A818F063FD19F003FAF9E733
:10BCA00019F08AFB236820005B68984719F0F2FFBF
:10BCB00019F082FBFAE719F0B9FB19F0F3F9C04665
:10BCC00088A20410FFFFFF0FFC7F0410B88004104F
:10BCD000607F0410F0B5DE46454657464E46E0B557
:10BCE00091B004AFBA60FB60082250239B18DB19A7
:10BCF0001B7888469B460C23F96D9B186C31050018
:10BD0000D819EEF7C7FA4F48EEF7A2FD7B6980001D
:10BD10005B68C3589946002B00D181E090B004AE17
:10BD2000EEF7C6FA484BB8619A46BB6EFC6E10201F
:10BD300002930394082400230019009340225346E1
:10BD40003100C019F5F75EFB04003F281BDD694692
:10BD50000834E408E400091B8D46431C7B6004AEF4
:10BD6000EEF7A6FABB6EFC6EB86102930394102046
:10BD70000023082400930019534631007A68C01943
:10BD8000F5F740FB040018239A46103B9C46BC4440
:10BD9000E24453460820BB6110231B1800222100F7
:10BDA000D81918F0E7FC4946096832194846CC6AA8
:10BDB000BB693100A0475A461023002A21D108222E
:10BDC0009B18DB1902933B6E41460193FB6D2800E3
:10BDD0000093BA68FB68FFF73BFDB869504501D096
:10BDE000E7F78AF808220C239B18D819EEF7ECFA2B
:10BDF0002800BD460DB0F0BCBB46B246A946A046E1
:10BE0000F0BD08229B18DB1902933B6E414601935B
:10BE1000FB6D28000093BA68FB68FFF7D7FADCE7F0
:10BE200002F0FEFE102308229B18D81918F098FC87
:10BE300008220C239B18D819EEF7C6FA19F032F92C
:10BE4000F6E7C046103D0020CC80041010B586B047
:10BE5000059308AB1B7804000492002B0BD00B9BBE
:10BE600002930A9B0193099B0093059BFFF7AEFA8F
:10BE7000200006B010BD0B9B049A02930A9B01930D
:10BE8000099B0093059BFFF7E3FCF1E7F0B5DE4665
:10BE9000454657464E46E0B585B003931C000E9BC1
:10BEA00001905F489B4615000292EEF7D1FC149B6F
:10BEB0008000DB6E5B68C3589846002B00D1A7E07A
:10BEC0000F9B9A46002D00D0A4E0A1460026002733
:10BED000013463425C415B465046E4B2002B02D021
:10BEE000534601333AD0013043425841A04248D032
:10BEF000139BBB4245D04946002D02D04B4601332F
:10BF000053D043461B682A221B6B40469847303863
:10BF1000C3B2092B35D8B3009B195B00C618129B1E
:10BF20009E4230DCAB68EA68934249D20433AB608E
:10BF30000137AB68EA6893424BD21C68631C4FD050
:10BF4000012301345B42994663425C415B465046A3
:10BF5000E4B2002BC7D053460133C4D15B465A46E6
:10BF60009B68D268934247D21868431C5A1E93417B
:10BF70005A465B4201301A40434258419346A04220
:10BF8000B6D1002F2FD10422159B1B681343159A9D
:10BF90001360019B4A4618001D605A6005B0F0BC52
:10BFA000BB46B246A946A046F0BDAB68EA689342DC
:10BFB00028D219684B1C5A1E93415B421D40A0E7D2
:10BFC0002B6828009B6A9847AB68EA680137934260
:10BFD000B3D32B6828005B6A98470400631CAFD179
:10BFE000A146002574E7119BB342CCDC129BB342FF
:10BFF000C9DB109B1E60CCE75B461B6858465B6A3A
:10C000009847B2E72B6828005B6A98470100D1E7A0
:10C0100002F006FE631C00D057E70026370088E7D1
:10C02000103D0020F0B5DE464E4645465746E0B589
:10C030008FB00B93189B06009B460023BA489A4684
:10C040000D938846199C0A92EEF702FC1A9B800019
:10C05000DB6E0AAD5B68C3589946002B00D161E1E5
:10C060000DAB07931A9B18AA06930223059361331D
:10C070000493534603930CAB02936B4603CA03C36A
:10C0800008AF414638000B9B0A9AFFF7FFFE2B00D2
:10C0900003CF03C30D9B0A9F0B9D002B29D00422C5
:10C0A0001B9B1B6813431B9A1360A846002F01D0EB
:10C0B0006B1C3CD001356B425D415B46EDB2002B01
:10C0C00001D0631C40D0013463425C41AC4205D1D5
:10C0D00002221B9B1B6813431B9A136043463000CC
:10C0E000376073600FB0F0BCBB46B246A946A046AD
:10C0F000F0BD2800002F02D06B1C00D182E001307F
:10C1000043425841C3B298465B462000002B01D001
:10C11000631C68D001304342584140451DD10C9BFF
:10C12000442B01DC64330C931C9A5361BDE7BB685C
:10C13000FA68934200D3B6E01D686B1C00D195E00D
:10C1400001235B429846B5E75B465A469B68D26836
:10C15000934200D3ADE01C68B5E72900002F02D060
:10C160006B1C00D194E04B461B682A221B6B48468F
:10C17000984730235B42984680444346DBB2092B04
:10C18000CDD8BB68FA68934200D399E00C99043388
:10C190008800401840004044BB600C909A425FD930
:10C1A0001D6801352B005A1E93415B421F406B42B4
:10C1B0005D415B462000EDB2002B01D0631C58D0DE
:10C1C000013043425841A84227D10C98574B9C4616
:10C1D0001C9B60440C905861002FA8D101235B4246
:10C1E00098461D0066E75B465A469B68D2689342B4
:10C1F0007BD21868431C5A1E93415A465B421A4030
:10C20000934687E7BB68FA68934269D21868431C73
:10C210005A1E93415B421F4071E7002F5DD0BB68FF
:10C22000FA68934278D219684B1C5A1E93415B42BC
:10C230001F404B461B682A221B6B484698473038E4
:10C24000C3B20500092BC0D8BB68FA6893425ED21E
:10C250000433BB600C9A93009B185B005819B5E738
:10C260003B6838005B6A984705009AE7A8460027B4
:10C2700020E75B465A469B68D268934241D21868D1
:10C28000431C5A1E93415A465B421A40934697E715
:10C29000BB68FA6893422ED219684B1C5A1E934110
:10C2A0005B421F405FE73B6838005B6A98470500C8
:10C2B00043E75B461B6858465B6A9847040002E701
:10C2C0003B6838009B6A98470C9A93009B185B0068
:10C2D00043440C93FA68BB6860E701214942A8E730
:10C2E0003B6838005B6A984791E75B461B68584695
:10C2F0005B6A98477EE73B6838005B6A98470100B5
:10C30000CBE75B461B6858465B6A9847B8E73B68D3
:10C3100038009B6A98479DE73B6838005B6A9847FE
:10C32000010081E702F07CFC103D002094F8FFFF43
:10C33000F0B5DE46574645464E46E0B58FB000AFF5
:10C340007B631D003B6E8246B1487B6114003A63FB
:10C35000FA62EEF77DFA7B6F8000DB6E5B68C35894
:10C360009B46002B01D100F0EDFB69463B6FDB00E3
:10C37000CB1A9D462300E9462C00002B02D06B1CF3
:10C3800000D14BE3013463425C417A697B6EE4B2D5
:10C390001800FB60002A02D0013300D131E30130E4
:10C3A00043425841A04211D10422BB6F1B68134382
:10C3B000BA6F136053465046BD46FA6A24C30FB0A5
:10C3C000F0BCBB46B246A946A046F0BDFB6A2C00B5
:10C3D000002B02D06B1C00D133E35B461B682100AD
:10C3E0001B6A584698475B461B68B8629B692100E8
:10C3F000584698473B6F8046002BD5D09B004B4456
:10C400004A4600267B625346FD61B1465D46FC6E9E
:10C410003A62BB6104E03B6F01360434B34226D07C
:10C420002368280019682B681B6A9847BB6A8342F7
:10C4300007D02368280019682B689B6998478045B6
:10C44000E9D14B469B009A467B6A206853449B4641
:10C4500020F06EFD5B461860012352469C463B6A05
:10C46000E1449E503B6F01360434B342D8D13E6064
:10C470004E463B6AAB469946BB69FD699A46012E1A
:10C4800000D85CE37B6A524620CB7A609C4600234E
:10C49000FB61B300BB61FB6A624698465B46B246ED
:10C4A000CB469946BA60BA692C009446796ABB6853
:10C4B00061441A68944200D9140004338B42F8D1C5
:10C4C00043464246F9699B68D2680131F96193425B
:10C4D00000D365E14046043383608C4200D16AE1B9
:10C4E000FB699C4200D832E2434642469B68D268D0
:10C4F000934200D31FE21868013000D123E20024E8
:10C50000FA687B691000002B03D01300013300D1BF
:10C5100080E0013043425841A04200D18EE04346C2
:10C52000002B68D042469B68D268934200D34FE20A
:10C5300019684B461B681A6A481C5ED048469047EB
:10C54000434642469B68D268B862934200D338E2C1
:10C5500019684B1C5A1E934142465B421A40904652
:10C560004B461B6848469B69984753463862002BE8
:10C5700000D10EE1FB6900259B00FB6243464E465D
:10C580003B6118E0336830009B69216898473B6A3B
:10C59000834224D001235B429C46E24453469A00E6
:10C5A0005B4649469B58BA610B60796A8B58424694
:10C5B0008B50554516D2AB009846D946C1444B46E0
:10C5C0001B68FA6E9B009C58FB6A30009C463368DF
:10C5D00064441B6A21689847BB6A9842D2D10135EE
:10C5E0005545E8D33B69B14698465346012B25D9BA
:10C5F0007B6A1D6857E74B461B6801211B6A49424D
:10C6000048469847002301219846B8624942A7E767
:10C61000103D00207A699368D268934200D3DEE12E
:10C620001868431C5A1E93417A695B4201301A40D4
:10C63000434258417A61A04200D070E74346FB6212
:10C640004B467A6801255646D94692469B466D422E
:10C65000012E00D0A8E6F96A8B68CA68934200D31D
:10C66000FDE104338B60FB690133FB614B461E68BF
:10C67000FA6EB3009D587B6A1C68FB69A3427FD2A7
:10C680009B00ED1801239846FB6A002B51D1FA68F4
:10C690007B691000002B02D0130001335DD0013004
:10C6A0004342584140456BD05B461B685846296859
:10C6B0001B6A9847FA6A8046002A00D14EE19368C7
:10C6C000D268934200D3D4E119684B1C00D145E1F4
:10C6D0005B461B6858461B6A984780451BD05B46E3
:10C6E0001B6858469B6929689847FA6A8046936890
:10C6F000D268934200D3D4E119684B1C5A1E93416F
:10C70000FA6A5B421A40FA625B461B6858469B69AC
:10C710009847404534D1F96A8B68CA68934200D380
:10C720003AE104338B60FB6904350133FB619C42C1
:10C730002AD0FA6A9368D268934200D394E11868C9
:10C74000013000D178E10023FA6898467B69100037
:10C75000002BA4D013000133A1D17A699368D26869
:10C76000934200D38BE11868431C5A1E93417A69A7
:10C770005B4201301A40434258417A61404593D1AF
:10C78000FB699C4200D0E6E00125BB6E6D421E6055
:10C7900010E643460125FB627B686D429A4603E63C
:10C7A00043461B6840469B6A9847FB699C4200D001
:10C7B00096E64346DA6843469B68934200D395E188
:10C7C0001B6801331A00511E8A41414652421140F2
:10C7D0005A4253418846FA687969DCB2130000294D
:10C7E00002D0013200D1FFE001335A425341A3424B
:10C7F00000D1C8E04346002B00D1D5E042469B68FB
:10C80000D268934200D36AE119684B461B681A6AE2
:10C81000481C00D1CAE048469047434642469B68C0
:10C82000D2680600934200D352E119684B1C5A1E8D
:10C83000934142465B421A4090464B461B6848462D
:10C840009B699847FB6900249B00FB6243463B625F
:10C850004B46B046A9461D00B8625B46A2009B58F5
:10C86000F96E9B005E587B6A9B58FA69934212D915
:10C87000FB6A28009C462B68664431681B6A98470F
:10C88000804500D181E02B6828009B69316898477A
:10C89000BB6A834279D001345445DED13B6A00241F
:10C8A00098462B004D469946FC62FC695146002291
:10C8B0002B00A246786ABE6904E001328A4216D291
:10C8C00093001B585446E31A1D006B426B41FC6AEF
:10C8D000A342F2D15D4601398E00AD599300AC46BA
:10C8E0005D466446EC508459C4508A42E8D3FC6AE1
:10C8F0008A46BE61002C00D1C6E05346786A0168C2
:10C90000012B09D9B446BB6860441A68914200D92A
:10C91000110004338342F8D1FB698B4200D38DE6CA
:10C920004346002B00D1EBE5434642469B68D26864
:10C93000934200D2DFE543461B6840465B6A984756
:10C94000013000D0DBE5002301249846D8E54346BA
:10C95000FB627B689A4601256D4225E55B46012115
:10C960001B6858461B6A49429847804519D05B4668
:10C970001B6829689B695846984700230121804617
:10C98000FB624942C0E600248EE73B6A01249846D8
:10C990002B004D46994687E7F86A03689B6A9847DB
:10C9A000C1E60023FB62B6E64B461B6801211B6A09
:10C9B00049424846984700230121060098464942CB
:10C9C0003BE743461B6840465B6A98470100C0E569
:10C9D00043461B6840465B6A98470100A9E57869B1
:10C9E00003685B6A98471CE68B68CA6893425ED20C
:10C9F0001B685A1C511E8A41796952421140796163
:10CA0000F2E69368D26893425DD21868431C5A1EBE
:10CA100093417A695B421A407A61C0E4FA6A93688A
:10CA2000D268934249D21C68631C5A1E9341FA6A29
:10CA30005B421A40FA62A5E4012398460023FB6298
:10CA400025E6FA6A9368D268934266D21C68631C32
:10CA50005A1E9341FA6A5B421A40FA62BDE4F86AD0
:10CA600003689B6A9847FEE5F86A03685B6A984723
:10CA700066E6F86A03685B6A9847010025E678690C
:10CA800003685B6A98476FE64346FB624B467A68E9
:10CA9000D94692469B4602292FD0012900D05AE759
:10CAA000E4E5F86A03685B6A9847010025E678695F
:10CAB00003685B6A984703009BE7F86A03685B6A50
:10CAC00098470400B0E7786903685B6A98479DE778
:10CAD00043461B6840465B6A98470100A6E643460A
:10CAE0001B6840465B6A984701008EE643461B6818
:10CAF00040465B6A9847030063E63A68D30700D56F
:10CB000029E74B461E6853084A4652689E420AD29D
:10CB1000F318934200D01EE7AAE5F86A03685B6A3F
:10CB20009847040093E7F31A934200D013E74A466C
:10CB300013607A6A536813604B461E6898E50023B9
:10CB4000FB6185E502F06CF8F0B54546DE465746D8
:10CB50004E46E0B589B000AFFB619946BB6C3860CA
:10CB6000C048BB609046BA61EDF772FEFB6D800075
:10CB7000DB6E5B68C558002D00D19FE16A46BB6D36
:10CB80004C46DB00D31A9D464346EB46002B03D0B0
:10CB90004B46013300D149E1013463425C41BA683C
:10CBA000FB6CE4B218007B60002A02D0013300D194
:10CBB0002FE1013043425841A04200D0D5E0434626
:10CBC000002B00D07CE10025CA46002600244B46FD
:10CBD00001335A425341DBB299467A68BB68100070
:10CBE000002B02D01300013357D00130434258418B
:10CBF000484565D04346D146002B03D05346013308
:10CC000000D17BE0002C65D00022B3000021FB6046
:10CC10007A613E6105E07B69013101337B61A142AC
:10CC20001CD28B00E818026894463A699445F2D900
:10CC30005B441A689200944666467A6DB258FE6864
:10CC400092594A4527D0013CA20094465A4666466E
:10CC500092591A60AB590360A142E2D37A693E69E6
:10CC600094422DD0434642469B68D268934257D2A5
:10CC70004246043393600136434642469B68D2687D
:10CC8000934259D21B6899464B4601335DD001232C
:10CC90005B429A469BE70131C1E7BA689368D26864
:10CCA000934200D3D8E01868431C5A1E9341BA68D7
:10CCB0005B4201301A4043425841BA60484599D11D
:10CCC000012C46D0022C05D12B68B34244D06B68AE
:10CCD000B34241D004223B6E1B6813433A6E13608B
:10CCE00042463B68BD4618001A6052465A6009B079
:10CCF000F0BCBB46B246A946A046F0BD43464246FC
:10CD00009B68D268934200D39FE01B6899464B46CC
:10CD100001335A1E934142465B421A40904671E7E6
:10CD200043461B6840469B6A9847434642469B6879
:10CD3000D26801369342A5D343461B6840465B6ADE
:10CD4000984781464B460133A1D10023CA469846F5
:10CD50003DE72B68B342BDD15B46BA6D1B68934279
:10CD600000DB9B1A3A6D1360BAE74346CA46002BB4
:10CD700002D04B46013377D0BB6D5A0000D11EE77D
:10CD80004B460024A946002655467B61924609E0A1
:10CD90004B461B6848469B699847A84208D0013417
:10CDA00054450CD07A6DA300D3581968A942EFD12D
:10CDB0005A46B3009C50013401365445F2D17B6988
:10CDC0009946002E00D1FAE6434642469B68D26857
:10CDD000934266D24246043393606A46B3000733F7
:10CDE000DB08DB00D31A9D466D467B6D0024A94607
:10CDF0009A465B465246A5005B5901349B00985801
:10CE000020F096F84B465851A642F2D14D460126E5
:10CE100032E79368D26893423ED21868431C5A1E88
:10CE20009341BA685B421A40BA60C2E64346424642
:10CE30009B68D268934228D21C68631C5A1E934197
:10CE400042465B421A409046A6E643461B6840466F
:10CE50005B6A984781465AE7B86803685B6A9847F7
:10CE600022E7C046103D0020434642469B68D268F8
:10CE700093421CD21B689A46534601335A1E934173
:10CE800042465B421A40904676E743461B6840465E
:10CE90005B6A98470400D0E7B86803685B6A984704
:10CEA000BCE743461B6840469B6A984795E7434664
:10CEB0001B6840465B6A98478246DDE701F0B0FE9A
:10CEC0004B46013304D00025CA462E002C007EE6D6
:10CED00000252E002C00CFE6F0B5DE46454657462D
:10CEE0004E46E0B5A1B0050059480E920F93089147
:10CEF000EDF7AEFC2C9B0EACDB6E5A689B6898423B
:10CF000000D3A2E080008058002800D19DE00023DB
:10CF1000504A514917F04EFF002800D195E0836830
:10CF2000DF6B9E6B0A97DF6C0996BB461F6D1E6C0C
:10CF3000BA465F6DD86AB9469F6D196BB846DF6D0A
:10CF40005A6BBC460B961F6E5E6C9B6C18971293C7
:10CF50005B461393534614934B46159343461693DF
:10CF600063460A9F1793099B19901A911B921D976C
:10CF70001C930B9B2AAA1E930023119311AB0693BB
:10CF80002C9B1F9605930723049312AB039310ABBE
:10CF900002936B4603CA03C30CAF38000E9A636852
:10CFA0000899FFF7D1FD230006CF06C3119B0E9F02
:10CFB000002B2BD004222D9B1B6813432D9A13604A
:10CFC0006068002F01D0431C24D0013043425841F7
:10CFD000C6B22A982B9B002801D05A1C25D00133B9
:10CFE0005A425341B34205D102222D9B1B68134381
:10CFF0002D9A13602B0028000E9706CC06C321B093
:10D00000F0BCBB46B246A946A046F0BD109B2E9A86
:10D010009361D5E7BB68FA6893420CD21868431C49
:10D020005A1E93415B421F40CFE78368C268934218
:10D0300006D21B68D3E73B6838005B6A9847EEE787
:10D0400003685B6A98470300C9E701F0E9FDC04641
:10D05000583C002030D104104C9A0410F0B5DE4644
:10D06000454657464E46E0B5B7B0089075481A9207
:10D070001B938846EDF7ECFB429B1AACDB6E5A68BB
:10D080009B68984200D3DBE080008058002800D1E4
:10D09000D6E000236C4A6D4917F08CFE002800D1C1
:10D0A000CEE0836894275A6ED86E15929A6F1D6FE2
:10D0B0000E9280225E6F0A90985804320C959D580B
:10D0C00004320D969E5804329A58996E139290220B
:10D0D0001191D96F0F900B919958083298580432DA
:10D0E00010959D580432AA469D580432A9469D5871
:10D0F000043212969E580432B44614911690099543
:10D100009E58043217969E5804329D5804329858FF
:10D110000432995804329A58DB59574620974F46A3
:10D120001E93169B21971F93099B67462293179B7B
:10D130002596249300230D9E269527900C9D0A98F2
:10D14000289129921199159A2B912A922C902D951C
:10D1500023972E961D931DAB0693429B0E9A059323
:10D160000C2304931EAB03931CAB02936B460B99E9
:10D170000F98109D129E2F923091139A149931900E
:10D18000329533963492359140AA03CA03C318AD41
:10D19000414628001A9A6368FFF7D6FC230006CDA3
:10D1A00006C31D9B1A9E002B2BD00422439B1B6899
:10D1B0001343439A13606068002E01D0431C24D0AF
:10D1C000013043425841C5B24098419B002801D0EC
:10D1D0005A1C25D001335A425341AB4205D1022299
:10D1E000439B1B681343439A1360089F1A9606CC0F
:10D1F00006C7089837B0F0BCBB46B246A946A04661
:10D20000F0BD1C9B449A1361D5E7B368F268934262
:10D210000CD21868431C5A1E93415B421E40CFE754
:10D220008368C268934206D21B68D3E73368300034
:10D230005B6A9847EEE703685B6A98470300C9E7B3
:10D2400001F0EEFC583C002030D104104C9A041040
:10D25000F0B54E46DE4657464546E0B5BDB0219393
:10D260001E00469B0A900B91CB4820A917009846B8
:10D2700020928946EDF7ECFA489BDB6E5A689B6872
:10D28000984201D301F076F880008058002801D13F
:10D2900001F070F80023C14AC14917F08BFD0C90D2
:10D2A000002801D101F066F8BE48EDF7D1FA489B9D
:10D2B0008000DB6E5B68C3589B46002B01D101F0F8
:10D2C00059F84B981FF034FE002300252293479B0A
:10D2D0005C46AA469B4635000990002F01D0731C7E
:10D2E0005CD0013673425E4143465846F6B2002B8D
:10D2F00003D05B46013300D1EBE00130434258419B
:10D30000229A0892B04200D1FAE0099B534500D816
:10D31000F6E0002A00D019E153469E004B9B002204
:10D320009C4623686644200031681B6B984725287B
:10D3300040D023680821200032689B689847002865
:10D340006ED12368200031681B6A98470890002F2F
:10D3500047D06B1C00D1FBE0236829001B6A20002A
:10D360009847089B834246D02368316820009B6918
:10D37000984729000600236820009B699847B0421F
:10D3800039D004222E00229B1343229301239C4672
:10D390003500E244002FA4D0731CA2D1BB68FA6808
:10D3A000934200D361E11E68731C00D142E1012564
:10D3B0006D4296E7236800221B6B20007168984736
:10D3C000089B2393452821D04F281FD001239C463A
:10D3D000E2442538C0B25428D3D8734B80001B5880
:10D3E0009F462900236820001B6A9847089B9842A3
:10D3F00000D0A2E00027BB68FA68934200D329E17D
:10D400000433BB6001239C46E244C7E702239C46E9
:10D41000236800222000B1681B6BE2449847D8E7DC
:10D420002E00002F01D06B1C21D001356B425D41D5
:10D4300042465B46EDB2002A02D05A4601322CD059
:10D4400001335A425341AB42A0D03200002F01D0E9
:10D45000731C32D02368082120009B68984700285D
:10D4600094D0BB68FA68934262D20433BB60BB6855
:10D47000FA68934200D3E0E01D686B1C00D1D6E04F
:10D4800001356B425D41012642465B467642EDB274
:10D49000002AD5D05A460132D2D1434642469B6833
:10D4A000D268934200D3CEE01B685A1C511E8A41B9
:10D4B0004146524211408846C2E7BB68FA6893422F
:10D4C00000D3CCE01A68531C591E8B415B421F40AD
:10D4D000C0E7434642469B68D268934200D3CAE005
:10D4E0001868431C5A1E934142465B4201301A4061
:10D4F000434258419046229A0892B04200D004E735
:10D50000089C2900002C02D1099B534505D0042218
:10D51000499B1B681343499A13600A9B18001F60BC
:10D5200059603DB0F0BCBB46B246A946A046F0BD2E
:10D530003B6838009B6A984799E723683168200068
:10D540009B69984700270600290014E72900DEE7B9
:10D55000BB68FA68934201D300F007FE19684B1CC0
:10D5600000D13FE7236820001B6A9847089B83424D
:10D5700000D140E7236831689B6920009847BB6869
:10D58000FA680600934200D3DCE119684B1C5A1E6E
:10D5900093415B421F40EEE6583C002030D104101E
:10D5A0004C9A0410103D002078BE04102E00002F6D
:10D5B00001D000F080FF01356B425D414346584683
:10D5C000EDB2002B02D05B4601335AD0013043420A
:10D5D0005841A84200D1D9E63200002F01D0731C77
:10D5E00060D02368082120009B689847002800D15C
:10D5F000CCE6BB68FA68934201D300F0B0FD043377
:10D60000BB60BB68FA68934201D300F0F0FD1D686F
:10D610006B1C01D100F0BBFD01356B425D41012661
:10D62000434658467642EDB2002BCCD1CEE72E00D1
:10D630000027FAE63500002753E63B6838005B6AAE
:10D640009847050019E743461B6840465B6A9847C0
:10D6500003002AE73B6838009B6A9847D2E63B689C
:10D6600038005B6A984702002DE73B6838005B6A28
:10D670009847060098E643461B6840465B6A984711
:10D680002FE7434642469B68D268934201D300F09D
:10D69000A7FD1868431C5A1E934142465B421A403C
:10D6A000904693E7BB68FA68934201D300F0A6FD69
:10D6B0001A68531C591E8B415B421F4091E70C9B1B
:10D6C0009B689A6E596F94461A6F986F1792DA6F2B
:10D6D000159113928022995804321490985804326C
:10D6E0009A5811911D928C22995804321090985892
:10D6F00004329A581B910D929822995804320F9037
:10D70000985804329A5816911892A42299580432C3
:10D71000DE6E08911990985804329A580E901A9219
:10D72000B02299580432985804321C909858043208
:10D730001291995804329A585B6E26962493634648
:10D740002593179B1EAE2793159B2893149B299313
:10D75000139B2A93119B2B93109B2C931D9B2D9312
:10D760001B9B2E930F9B2F930D9B39903093169BF1
:10D770003A913193199B3B923293189B46AA33936B
:10D78000089B34930E9B35931A9B3693129B3793C9
:10D790001C9B38934B461F605D604346469322AB0B
:10D7A0000693489B05931823049324AB039323AB60
:10D7B00002936B4603CA03C33A002B0030000B9957
:10D7C000FEF7B6FD4B4606CE06C34B461F685E68A5
:10D7D000229B002B00D0D9E50C212398E4F734FEDE
:10D7E0004A9B19614C9B1A88B24B1A408123DB007B
:10D7F00013434C9A1380C9E50C9B9B681A6B986B7A
:10D8000094461A6CD96B13925A6C5E6B14929A6C94
:10D810001092DA6C0D921A6D11925A6D0F929A6DE8
:10D820000E92DA6D08921A6EDB6A129224936346A6
:10D830002593139B279029934B4628912696149A5B
:10D840001F605D604346469322AB0693489B2A9235
:10D8500005930E23049324AB039323AB02936B46EF
:10D86000109A1EAE2B920D9A2C92119A2D920F9A0D
:10D870002E920E9A2F92089A3092129A319246AABC
:10D8800003CA03C33A002B0030000B99FEF750FD8A
:10D890004B4606CE06C34B461F685E68229B002B94
:10D8A00000D073E507212398E4F7CEFD4A9B9961E8
:10D8B00002224C9B1B7813434C9A137066E52A0096
:10D8C000002F03D06B1C01D100F07DFC23680821E0
:10D8D00020009B689847002801D000F04DFC4B4683
:10D8E0001F605D604346469322AB0793489B46AA60
:10D8F0000693022305931D3304931E3B039323AB2E
:10D9000002936B4603CA03C31EAE3A002B003000DD
:10D910000B99FEF7BBFA4B4606CE06C34B461F6873
:10D920005E68229B002B00D030E5239B4A9AD3608F
:10D930004C9B1A88604B1A408223DB0013434C9A9D
:10D94000138023E53B6838005B6A984701001DE6B9
:10D950004B461F605D604346469322AB0793489B4E
:10D9600046AA0693012305930533049300230393EA
:10D9700023AB02936B4603CA03C31EAE3A002B00CF
:10D9800030000B99FEF782FA4B4606CE06C34B4693
:10D990001F685E68229B002B00D0F7E4239B4A9A05
:10D9A000936185E70C9B9B689B6A4A4617605560AC
:10D9B000424646924C9A1EAE069205934A9B46AA50
:10D9C000049322AB0393489B02936B4603CA03C3A1
:10D9D0003A002B0030000B99FFF73AFC4B4606CE7D
:10D9E00006C34B461F685E68D0E44B461F605D600F
:10D9F0004346469322AB0793489B46AA06930223CD
:10DA000005930A3304930B3B039323AB02936B46BA
:10DA100003CA03C31EAE3A002B0030000B99FEF779
:10DA200035FA4B4606CE06C34B461F685E68229BFE
:10DA3000002B00D0AAE4239B4A9A013B13610822E1
:10DA40004C9B1B7813434C9A13709FE44B461F600A
:10DA50005D604346469322AB0793489B46AA0693D4
:10DA6000032305936C33FF3304936E3BFF3B039317
:10DA700023AB02936B4603CA03C31EAE3A002B00CE
:10DA800030000B99FEF702FA4B4606CE06C34B4612
:10DA90001F685E68229B002B00D077E4239B4A9A84
:10DAA000013BD36104224C9B1B7813434C9A1370A7
:10DAB0006CE4C046F7FBFFFFEFFBFFFF2A00002FDF
:10DAC00002D06B1C00D166E32368012120009B6813
:10DAD0009847002800D154E44B461F605D604346E0
:10DAE000469322AB0693489B46AA05930E230493C4
:10DAF000E94B039324AB02936B4603CA03C33A007A
:10DB00001EA82B000B99FEF713FC4B461EAA03CA56
:10DB100003C34B465E681F683000002F03D0731CA0
:10DB200001D100F0FAFB0130434258414346C5B2EF
:10DB30005846002B04D05B46013301D100F0FAFBBC
:10DB4000013043425841A84200D11FE4229B249A4D
:10DB5000134300D01AE4002F01D100F013FC731C12
:10DB600001D100F069FC23682D2120009B6A9847B1
:10DB7000B04209D0350023682B2120009B6A9847CA
:10DB8000A84201D0FFF702FC4B461F604346469374
:10DB900022AB0793489B0026069317230225049384
:10DBA00024AB02936B460396059546AA03CA03C3AA
:10DBB0004B463A000B9F1EA839005B68FEF766F9DA
:10DBC0004B461EAA03CA03C322AB0793489B039686
:10DBD00006933B23049324AB02936B46059546AA18
:10DBE00003CA03C34B4639000CCB1EA8FEF74EF9FF
:10DBF0004B461EAA03CA03C34B461F685E68FFF765
:10DC0000C5FB4B461F605D604346469322AB0793BE
:10DC1000489B46AA069304230593A04B1EAE04938B
:10DC20000023039323AB02936B4603CA03C33A005A
:10DC30002B0030000B99FEF729F94B4606CE06C3A0
:10DC40004B461F685E68229B002B01D0FFF79EFBAE
:10DC5000934A239B94464A9A6344536106224C9B01
:10DC60005B789343042213434C9A5370FFF78EFB67
:10DC70000C9B9B681B6998E64B461F605D604346A2
:10DC8000469322AB0793489B46AA0693022305932B
:10DC9000333304930023039323AB02936B4603CAED
:10DCA00003C31EAE3A002B0030000B99FEF7EEF8CE
:10DCB0004B4606CE06C34B461F685E68229B002B70
:10DCC00001D0FFF763FBFC22239B92031B0413404C
:10DCD000402213434C9A734912680A4013434C9AEA
:10DCE0001360FFF753FB4B461F605D60434646934E
:10DCF00022AB0793489B46AA06930223059333332E
:10DD000004930023039323AB02936B4603CA03C31C
:10DD10001EAE3A002B0030000B99FEF7B7F84B46C9
:10DD200006CE06C34B461F685E68229B002B01D0BF
:10DD3000FFF72CFBFC22239B92031B0413402022A1
:10DD400013434C9A584912680A4013434C9A136083
:10DD5000FFF71CFB554A1100093923682000DE6AD1
:10DD600024ABB0474B461F605D60434646934C9BD7
:10DD70001EAE069324AB20E64B461F605D60434613
:10DD8000469322AB0793489B46AA0693022305932A
:10DD90003B3304930023039323AB02936B4603CAE4
:10DDA00003C31EAE3A002B0030000B99FEF76EF84D
:10DDB0004B4606CE06C34B461F685E68229B002B6F
:10DDC00001D0FFF7E3FA239B4A9A1360FFF7DEFACC
:10DDD000374A911FC1E74B461F605D60434646933B
:10DDE00022AB0793489B46AA069302230593393337
:10DDF00004930023039323AB02936B4603CA03C32C
:10DE00001EAE3A002B0030000B99FEF73FF84B4650
:10DE100006CE06C34B461F685E68229B002B01D0CE
:10DE2000FFF7B4FA239B4A9A5360FFF7AFFA4B46C9
:10DE30001F605D604346469322AB0793489B46AA0A
:10DE40000693022305930A3304930B3B039323ABFE
:10DE500002936B4603CA03C31EAE3A002B00300088
:10DE60000B99FEF713F84B4606CE06C34B461F68C8
:10DE70005E68229B002B01D0FFF788FA23980C21C3
:10DE8000E4F7E2FA01224A9B99604C9B1B7813430A
:10DE90004C9A1370FFF77AFA241F00200F27000016
:10DEA00094F8FFFFBFFFC0FFDFFFC0FFF180041049
:10DEB000E68004104B461F605D604346469322ABEC
:10DEC0000793489B46AA06930223059315330493B0
:10DED0000023039323AB02936B4603CA03C31EAE16
:10DEE0003A002B0030000B99FDF7D0FF4B4606CED1
:10DEF00006C34B461F685E68229B002B01D0FFF7CC
:10DF000045FA239B4A9A936001224C9B1B789343CA
:10DF10004C9A1370FFF73AFADD4A23681100DE6A63
:10DF2000200024AB0939B0474B461F605D60434673
:10DF300046934C9B1EAE069324AB05934A9B46AA80
:10DF4000049322AB0393489B02936B4603CA03C31B
:10DF50003A002B0030000B99FFF77AF94B4606CEBA
:10DF600006C34B461F685E68229B002B01D0FFF75B
:10DF70000DFA04224C9B5B7813434C9A5370FFF7C5
:10DF800005FA0C9B9B689B680FE50C9B2E009A681A
:10DF9000136A2493526A1B682592002B01D1FFF764
:10DFA000F5F91368002B01D1FFF7F0F94B461F601C
:10DFB0005D604346469322AB0693489B46AA059371
:10DFC0000223049324AB039323AB02936B4603CA4F
:10DFD00003C31EAD33003A0028000B99FEF7A8F9E1
:10DFE0004B4603CD03C34B461F685E68229B002B44
:10DFF00001D0FFF7CBF9239B002B01D1FFF7C6F926
:10E0000001224C9B5B7813434C9A5370FFF7BEF987
:10E010002E00002F02D06B1C00D1C8E02368252100
:10E0200020009B6A9847B04201D0FFF7AAF9BB686D
:10E03000FA68934200D38DE10433BB600126764237
:10E04000FFF7A4F94B461F605D604346469322AB41
:10E050000793489B46AA06930223059361330493D2
:10E060000023039323AB02936B4603CA03C31EAE84
:10E070003A002B0030000B99FDF708FF4B4606CE07
:10E0800006C34B461F685E68229B002B01D0FFF73A
:10E090007DF9239B4C9A536012887E4B1A40902343
:10E0A000DB0013434C9A1380FFF770F94B461F6057
:10E0B0005D604346469322AB0793489B46AA06936E
:10E0C00002230593613304930023039323AB02934C
:10E0D0006B4603CA03C31EAE3A002B0030000B99F7
:10E0E000FDF7D4FE4B4606CE06C34B461F685E685E
:10E0F000229B002B01D0FFF749F906224C9B3000F0
:10E100005B78934313434C9A5370002F02D0731CD7
:10E1100000D1E6E00130434258414346C5B258467B
:10E12000002B03D05B46013300D1E6E001304342CF
:10E130005841A84269D1239B442B00DC64334A9A9E
:10E140005361FFF723F94A461760556042460C9B1E
:10E1500046929B684C9A9B691EAE0692EDE63B6820
:10E1600038009B6A9847FFF74CFA3B6838005B6AB7
:10E1700098470100FFF7F3F9BB68FA68934200D3B0
:10E18000EDE00433BB6001256D42FFF7A8FB2E00D4
:10E190000027FFF710FABB68FA68934200D3E3E068
:10E1A0001A68531C591E8B415B421F408CE4BB68AC
:10E1B000FA68934200D3DFE01E68731C5A1E934135
:10E1C0005B421F402AE7BB68FA68934200D3F4E041
:10E1D0001A68531C591E8B415B421F40FFF776FBA8
:10E1E00043461B6840465B6A9847FFF753FA3B6813
:10E1F00038005B6A98470500FFF70AFA3B68380069
:10E200005B6A98470200FFF754FA3100002F02D0F2
:10E21000731C00D1D7E023682A221B6B200098478B
:10E220003038C3B20500092B85D8BA68F9688A422C
:10E2300000D3B3E0239B04329800C3185B005B1942
:10E24000BA602393914200D82BE11068431C00D19F
:10E2500025E1451C6B425D4143465846EDB2002B1B
:10E2600003D05B46013300D1B7E00130434258414F
:10E27000A84213D1239B0221074A012694464C9AB7
:10E280006344527876428A434C994A7057E7C046B5
:10E29000DD8004107FFBFFFF94F8FFFF002F00D10B
:10E2A00088E0BB68FA68934200D3A3E019684B1C6E
:10E2B00000D1B0E023682A221B6B20009847303839
:10E2C000C3B20500092BD5D8BB68FA68934200D3C6
:10E2D0009CE00433BB600A22239B53435B192393C6
:10E2E000C9E7BB68FA68934200D3DFE01868431CB3
:10E2F0005A1E93415B421F400CE7434642469B68CF
:10E30000D268934200D3B3E01868431C5A1E93416D
:10E3100042465B421A40904608E7BB68FA6893425F
:10E3200000D3ABE01868431C5A1E93415B421F4068
:10E33000FFF7F9FB434642469B68D268934275D289
:10E340001868431C5A1E934142465B421A4090464D
:10E35000FFF7F6FB3B6838009B6A98476EE63B6820
:10E3600038009B6A98470EE73B6838005B6A98471D
:10E37000020016E700F054FC3B6838005B6A9847DF
:10E3800006001AE7350023682D2120009B6A984774
:10E39000A84242D035000027FFF7EDFB3B6838006C
:10E3A0009B6A98470A22239BF96853435B19BA6812
:10E3B000239347E7012149427CE73B6838005B6AC9
:10E3C0009847020005E7BB68FA68934228D21968AB
:10E3D0004B1C00D01FE700271DE7434642469B68C1
:10E3E000D26893420CD21868431C00D03DE700234A
:10E3F00098463AE73B6838005B6A9847010056E761
:10E4000043461B6840465B6A9847EDE73B68380027
:10E410009B6A98475FE700274CE70027FFF7B4FBAC
:10E420003B6838005B6A98470100D1E743461B68A8
:10E4300040465B6A984784E7BB68FA68934228D2F3
:10E440001D686B1C9FD023682D2120009B6A984774
:10E45000A84201D1FFF798FBBB68FA68934212D239
:10E460001D686B1C01D0FFF786FB0027FFF783FBBD
:10E4700043461B6840465B6A984746E73B6838005E
:10E480005B6A98474FE73B6838005B6A984705002E
:10E49000E7E73B6838005B6A98470500D1E700274B
:10E4A000D7E63B6838005B6A9847CFE63B683800A0
:10E4B0005B6A98471BE76B1C01D0FFF77CF8FFF7FE
:10E4C000A0F8C046F0B54746DE4680B591B00700DB
:10E4D0003F480A920B938846ECF7BAF91A9B0AACAC
:10E4E000DB6E5A689B68984200D36FE080008058CA
:10E4F00000286BD00023374A374916F05BFC002810
:10E5000064D083680DAD1B6900219B460C22280056
:10E51000E4F7DEFC5B4605931C9B069504931B9B6E
:10E5200018AA03931A9B08AE02936B4603CA03C34F
:10E53000414630000A9A6368FEF78AFE230003CE44
:10E5400003C30A9E28001C9918F0C2FB6368002EC2
:10E5500001D05A1C24D001335A4253411898DDB2DD
:10E56000199B002801D05A1C14D001335A42534140
:10E57000AB4205D102221B9B1B6813431B9A1360FD
:10E580003B0038000A9606CC06C311B0C0BCBB469F
:10E59000B046F0BD8368C26893420CD21B68E4E7C2
:10E5A000B368F26893420BD21B685A1C511E8A4111
:10E5B00052421640CFE703685B6A98470300D4E7EE
:10E5C000336830005B6A98470300EEE700F028FBF1
:10E5D000583C002030D104104C9A0410F0B5474646
:10E5E000DE4680B591B007003F480A920B938846FB
:10E5F000ECF72EF91A9B0AACDB6E5A689B689842BE
:10E6000000D36FE08000805800286BD00023374A89
:10E61000374916F0CFFB002864D083680DAD9B68A6
:10E6200000219B460C222800E4F752FC5B46059330
:10E630001C9B069504931B9B18AA03931A9B08AE78
:10E6400002936B4603CA03C3414630000A9A6368CB
:10E65000FEF7FEFD230003CE03C30A9E28001C998B
:10E6600018F036FB6368002E01D05A1C24D0013309
:10E670005A4253411898DDB2199B002801D05A1C08
:10E6800014D001335A425341AB4205D102221B9BA5
:10E690001B6813431B9A13603B0038000A9606CC94
:10E6A00006C311B0C0BCBB46B046F0BD8368C268AB
:10E6B00093420CD21B68E4E7B368F26893420BD232
:10E6C0001B685A1C511E8A4152421640CFE703680C
:10E6D0005B6A98470300D4E7336830005B6A984769
:10E6E0000300EEE700F09CFA583C002030D1041003
:10E6F0004C9A0410F0B5DE4657464E464546E0B506
:10E7000095B00B9323AB1B7806009A46494824AB7F
:10E710001D788B46219F0A92ECF79AF8209B800087
:10E72000DB6E0AAC5B68C058002800D17FE0002394
:10E730003B60036825219B6A984710AB99460022ED
:10E7400053461090002D4CD149460DAD8A604B6068
:10E750000C2200212800E4F7BBFB08AB98464B468F
:10E760000593229B06950493209B039702936B4687
:10E770001EAA03CA03C3404659460A9A6368FEF7B5
:10E7800067FD4246230003CA03C30A9B280098463C
:10E79000229918F09DFA42466368002A01D05A1C5B
:10E7A0002AD001335A4253411E98DDB21F9B0028E4
:10E7B00001D05A1C1AD001335A425341AB4203D103
:10E7C00002223B6813433B6043460A933300300008
:10E7D00006CC06C315B0F0BCBB46B246A946A0465F
:10E7E000F0BD4946CA601A002B00ADE78368C268D5
:10E7F000934210D21B68DEE7434642469B68D268CC
:10E8000093420DD21B685A1C511E8A414146524206
:10E8100011408846C5E703685B6A98470300CAE76A
:10E8200043461B6840465B6A98470300EBE700F0ED
:10E83000F7F9C046103D00204B1E9941074B10B51B
:10E84000416003600400EBF733FDA060200010BDC1
:10E850002000EBF717FD16F025FCC04694C204100B
:10E860000122184B1968114200D11A600122164B7F
:10E870001968114200D11A600122144B1968114223
:10E8800000D11A600122124B1968114200D11A609E
:10E890000122104B1968114200D11A6001220E4B5F
:10E8A0001968114200D11A6001220C4B19681142FB
:10E8B00000D11A6001220A4B1968114200D11A6076
:10E8C0007047C046F02E0020F82E0020C42E0020F5
:10E8D000C82E0020E02E0020E82E0020D82E002098
:10E8E000D02E002010B50400034B03601C30EBF762
:10E8F0006BFD200010BDC046D0CD041010B5040043
:10E90000044B03601C30EBF75FFD2000E4F7F4FAE2
:10E91000200010BDD0CD041010B50400034B0360DF
:10E920001C30EBF751FD200010BDC04610CE041086
:10E9300010B50400044B03601C30EBF745FD2000CC
:10E94000E4F7DAFA200010BD10CE041010B5040070
:10E95000006A19F023FD606210BDC04610B50400C6
:10E96000006A19F01BFD216A21F0D4FF10BDC046DA
:10E9700010B5040008004B1C02D1606A431C02D091
:10E98000216A21F0C7FF01235B42636210BDC046CC
:10E9900010B5006A1BF0E6FC10BDC04610B5006A59
:10E9A0001BF0E0FC10BDC04670B50D001100012247
:10E9B0005242D3170260436000238360C360049B0C
:10E9C00004000022002B03D0013B5A1E93415A1C25
:10E9D000286A1EF049F9002801D0200070BD286A7D
:10E9E00019F086FD2060C0176060F6E770B50D0075
:10E9F000110001225242D31702604360002383605A
:10EA0000C360049B04000022002B03D0013B5A1E6C
:10EA100093415A1C286A1EF027F9002801D02000D3
:10EA200070BD286A19F064FD2060C0176060F6E7C9
:10EA300010B50400006A1BF0B7FD606210BDC0464F
:10EA4000F8B505000F00161E0DD0002404E0A30049
:10EA50000134F850A6420AD0286A1BF0A5FD431CD9
:10EA6000F5D1002C03D1012300245B4203E0034BCA
:10EA7000E3189B00DB5920006B62F8BDFFFFFF3FEE
:10EA800010B50400006A1BF08FFD216A19F016FD15
:10EA900010BDC04610B5040008004B1C02D1606ACE
:10EAA000431C02D0216A19F009FD01235B42636215
:10EAB00010BDC046F8B506000F0015000024002A5E
:10EAC00003D109E00134A54206D0A300316AF85809
:10EAD0001BF020FA0130F5D12000F8BD030010B57D
:10EAE000080001211B6A1FF0E1FA10BD70B50C008F
:10EAF0000500036A0121200019F026FC002804DD2E
:10EB00002418013C23786B6270BD01235B42FAE755
:10EB10000B0010B5016A5A1C03D018001BF0FAF95B
:10EB200010BD08001BF01EFC431E98414042F7E751
:10EB30000B0010B5016A5A1C03D018001EF0B2FB7E
:10EB400010BD08001BF00EFC431E98414042F7E741
:10EB500082B070B50D0082B00400079318002B68D6
:10EB600011001E69134B06929E421AD10122524295
:10EB7000D3172260636000230022286AA360E36049
:10EB80001EF072F8002805D0200002B070BC08BC4E
:10EB900002B01847286A19F0ABFC2060C01760600B
:10EBA000F2E70A9B29000193002300930300200051
:10EBB000B047E9E7EDE9011082B070B50D0082B011
:10EBC0000400079318002B6811001E69134B06926E
:10EBD0009E421AD101225242D31722606360002361
:10EBE0000022286AA360E3601EF03EF8002805D0EA
:10EBF000200002B070BC08BC02B01847286A19F0A7
:10EC000077FC2060C0176060F2E70A9B290001933F
:10EC10000023009303002000B047E9E7A9E90110B1
:10EC2000042010B516F090F9024B034A0349036023
:10EC300017F016F88CD604108D4C031078D60410FB
:10EC400070B50500082016F07FF92900040018F0BF
:10EC5000F5FD2000044A054917F002F8200016F0DF
:10EC600089F916F01FFAC0462D710310D8D9041087
:10EC700070B50500082016F067F92900040018F0A7
:10EC800021FE2000044A054916F0EAFF200016F094
:10EC900071F916F007FAC046B1710310F8D90410E3
:10ECA00070B50500082016F04FF92900040018F08F
:10ECB00013FE2000044A054916F0D2FF200016F08A
:10ECC00059F916F0EFF9C046F171031018DA041083
:10ECD0000FB410B50298FFF7E3FF000070B5050010
:10ECE000082016F031F92900040018F0FFFD20007B
:10ECF000044A054916F0B4FF200016F03BF916F05F
:10ED0000D1F9C046ED70031038DA041010B50400D4
:10ED1000024B036000F012F9200010BD74C404100F
:10ED200010B50400024B036000F008F9200010BD8C
:10ED300084C4041010B50400044B036000F0FEF816
:10ED40002000E4F7D9F8200010BDC04674C40410B8
:10ED500010B50400044B036000F0F0F82000E4F765
:10ED6000CBF8200010BDC04684C40410836F10B5DA
:10ED7000002B04D0036941610B4203D110BD013364
:10ED80001943F7E7014818F029FFC046F480041042
:10ED9000436910B50B43436103690B4200D110BDB9
:10EDA00016F078FF70B50D0004000D48EBF750FD2C
:10EDB0002B6880005B68C3580A48E367EBF748FD9F
:10EDC0002B6880005B68C25880230748E250EBF74D
:10EDD0003FFD2B6880005B68C2588423E25070BD01
:10EDE0000C3D00208C3D0020843D002070B50400C7
:10EDF0000D0017F083FE210020006C31FFF7D2FFD9
:10EE0000002374222367A3522361A5676B425D41EF
:10EE1000656170BDC36F10B5002B04D003694161FB
:10EE20000B4203D110BD01331943F7E7014818F035
:10EE3000D5FEC046F4800410436910B50B4343610E
:10EE400003690B4200D110BD16F024FF70B50D0010
:10EE500004000E48EBF7FCFC2B6880005B68C2588E
:10EE600080230B48E250EBF7F3FC2B6880005B68D3
:10EE7000C25884230748E250EBF7EAFC2B68800075
:10EE80005B68C2588823E25070BDC046103D002028
:10EE9000903D0020883D002070B504000D0017F063
:10EEA0002DFE210020006C31FFF7D0FF00237822D7
:10EEB0006367A35423672361E5676B425D41656126
:10EEC00070BDC0460F4B10B5040003600023210045
:10EED00043608360C360036143618361C361036214
:10EEE00024300300002264311A605A6008338B42D8
:10EEF000FAD10823A066200063666C30ECF7ACF80A
:10EF0000200010BDA8C4041070B5846905000E006F
:10EF1000002C07D029003000A26863689847246855
:10EF2000002CF7D170BD16F047FA16F07FFAF6E71D
:10EF3000013101D116F0C2F916F0B4F870B5050030
:10EF4000134B00210360FFF7DFFFA869002806D1FB
:10EF50000AE00468E3F7D0FF002C05D02000C36866
:10EF60005A1EC260002BF4D00023AB612B00A86EA8
:10EF70002433984205D0002801D0E3F7C1FF0023D5
:10EF8000AB6628006C30EBF71FFA280070BDC04656
:10EF9000A8C4041010B50400FFF7D0FF2000E3F769
:10EFA000ABFF200010BDC046064B10B50360002328
:10EFB00004004360044B08300360FFF7BFFF2000EC
:10EFC00010BDC04620C5041074C40410036810B5F9
:10EFD0000C3B1C68064B041923600023200063606F
:10EFE000044B0830A360FFF7A9FF200010BDC04606
:10EFF00020C5041074C40410074B10B5036000232F
:10F0000004004360054B08300360FFF797FF2000C2
:10F01000E3F772FF200010BD20C5041074C4041073
:10F02000036810B50C3B1C68074B041923600023D0
:10F0300020006360054B0830A360FFF77FFF2000CE
:10F04000E3F75AFF200010BD20C5041074C404105B
:10F05000064B10B50360002304004360044B0830E6
:10F060000360FFF76BFF200010BDC04650C50410C1
:10F0700084C40410036810B50C3B1C68064B0419CB
:10F080002360002320006360044B0830A360FFF777
:10F0900055FF200010BDC04650C5041084C40410A4
:10F0A000074B10B50360002304004360054B083094
:10F0B0000360FFF743FF2000E3F71EFF200010BDB1
:10F0C00050C5041084C40410036810B50C3B1C68C0
:10F0D000074B04192360002320006360054B0830B0
:10F0E000A360FFF72BFF2000E3F706FF200010BD11
:10F0F00050C5041084C404108368587C7047C0460F
:10F100008368987C7047C0468368D86A7047C04659
:10F1100010B58368FF241B6B82B01800190A1A0C03
:10F120002140204009022240120408431B0E1B0606
:10F130001043184302B010BD10B58368FF245B6B09
:10F1400082B01800190A1A0C2140204009022240FE
:10F15000120408431B0E1B061043184302B010BDD7
:10F160008368587C7047C0468368987C7047C04667
:10F170008368D86A7047C04610B58368FF241B6B4C
:10F1800082B01800190A1A0C2140204009022240BE
:10F19000120408431B0E1B061043184302B010BD97
:10F1A00010B58368FF245B6B82B01800190A1A0C33
:10F1B0002140204009022240120408431B0E1B0676
:10F1C0001043184302B010BD24238268D05C7047FE
:10F1D00025238268D05C704700207047002070476C
:10F1E0007047C046002010B5914206D21924E04174
:10F1F0000B78013118188A42F9D110BD10B50400FE
:10F20000024B0360EBF73EF8200010BD04CB041066
:10F2100010B50400024B0360EBF734F8200010BD7A
:10F2200040CB041010B50400024B0360EBF72AF842
:10F23000200010BD40CC041010B50400024B036048
:10F24000EBF720F8200010BD58CC041010B50400D6
:10F25000024B0360EBF716F8200010BD70CB0410D2
:10F2600010B50400024B0360EBF70CF8200010BD52
:10F2700070CC041010B50400024B0360EBF702F8E9
:10F28000200010BD84CC041010B50400044B0360B2
:10F29000EAF7F8FF2000E3F72FFE200010BDC0467C
:10F2A00004CB041010B50400044B0360EAF7EAFF36
:10F2B0002000E3F721FE200010BDC04640CB041023
:10F2C00010B50400044B0360EAF7DCFF2000E3F70D
:10F2D00013FE200010BDC04640CC041010B5040041
:10F2E000044B0360EAF7CEFF2000E3F705FE2000A1
:10F2F00010BDC04658CC041010B50400FFF7A6FF9F
:10F300002000E3F7F9FD200010BDC04610B5040051
:10F31000044B0360EAF7B6FF2000E3F7EDFD2000A1
:10F3200010BDC04670CC041010B50400044B03603F
:10F33000EAF7A8FF2000E3F7DFFD200010BDC0467C
:10F3400084CC041010B50400044B0360083017F09F
:10F35000EBF92000EAF796FF200010BDF8CB04106F
:10F3600010B50400FFF7EEFF2000E3F7C5FD200015
:10F3700010BDC04610B50400044B0360083017F000
:10F38000D3F92000EAF77EFF200010BDC4CA0410A4
:10F390000E4B70B5036005690400EAF79BFF8542D8
:10F3A00004D0002D02D02800E3F7AAFDA0680028B1
:10F3B00002D003685B68984720000C3017F0B4F95E
:10F3C0002000EAF75FFF200070BDC04680CB04102C
:10F3D00010B50400FFF7DCFF2000E3F78DFD2000EF
:10F3E00010BDC04670B5037904001500002B05D18F
:10F3F000006803681B6B9847854200D170BD0123EC
:10F400002371FBE78368C26810B5934202D20133CF
:10F41000836010BD03689B6A9847FAE770B50400E3
:10F420000D00F1F7D1F92368054A9B69934201D198
:10F43000280070BD2900200098470500F8E7C04665
:10F44000E9060110F0B5C64600B51400027F0700BA
:10F450000E001D00012A07D0002A0FD03B68DB698F
:10F4600098460D4B984511D1A64204D03100280092
:10F47000A21BE3F733FD80BCB846F0BDF1F7A4F959
:10F480003B68DB699846044B9845EDD02B00220081
:10F4900031003800C047EEE755070110F8B50D1AE6
:10F4A000060000212800F0F725FB070004000C37B8
:10F4B000012D09D02A0031003800E3F70FFD084B79
:10F4C0009C4206D13800F8BD33780373044B9C424C
:10F4D000F8D000232560A36064192373F2E7C046C7
:10F4E000343C0020036800B51800084A0C3883B08B
:10F4F000904201D103B000BD043B1A68511E19604F
:10F50000002AF7DC01A9F0F747FBF3E7343C0020C1
:10F5100010B50400064B0360083017F005F9200011
:10F52000EAF7B0FE2000E3F7E7FC200010BDC0467C
:10F53000C4CA0410F8B50500884218D000281ED0AF
:10F540000C1A20000021F0F7D5FA070006000C374E
:10F55000012C09D0220029003800E3F7BFFC094B39
:10F560009E4206D13800F8BD2B780373F7E7064FAB
:10F57000F8E700233460B36036193373F2E70348C9
:10F58000FFF75EFB343C0020403C0020047F041069
:10F5900030B58B6804005D6983B0002D0FD0280062
:10F5A0001FF08CFF29188D4201D1064803E0280086
:10F5B00001AAFFF773FF2060200003B030BD0248AE
:10F5C000FFF73EFB403C0020047F041030B58B6801
:10F5D0000400DD6983B0002D0FD028001FF06EFFFE
:10F5E00029188D4201D1064803E0280001AAFFF73F
:10F5F00055FF2060200003B030BD0248FFF720FB1C
:10F60000403C0020047F041030B58B6804009D68E6
:10F6100083B0002D0FD028001FF050FF29188D4215
:10F6200001D1064803E0280001AAFFF737FF206058
:10F63000200003B030BD0248FFF702FB403C002031
:10F64000047F041030B58B680400DD6983B0002DA1
:10F650000FD028001FF032FF29188D4201D1064833
:10F6600003E0280001AAFFF719FF2060200003B083
:10F6700030BD0248FFF7E4FA403C0020047F04104C
:10F6800030B58B6804005D6A83B0002D0FD0280070
:10F690001FF014FF29188D4201D1064803E028000D
:10F6A00001AAFFF7FBFE2060200003B030BD024836
:10F6B000FFF7C6FA403C0020047F041030B58B6889
:10F6C00004005D6983B0002D0FD028001FF0F6FE06
:10F6D00029188D4201D1064803E0280001AAFFF74E
:10F6E000DDFE2060200003B030BD0248FFF7A8FA1D
:10F6F000403C0020047F041030B58B6804009D68F6
:10F7000083B0002D0FD028001FF0D8FE29188D429D
:10F7100001D1064803E0280001AAFFF7BFFE2060E0
:10F72000200003B030BD0248FFF78AFA403C0020B9
:10F73000047F041030B58B6804009D6883B0002DF1
:10F740000FD028001FF0BAFE29188D4201D10648BB
:10F7500003E0280001AAFFF7A1FE2060200003B00B
:10F7600030BD0248FFF76CFA403C0020047F0410D3
:10F7700030B58B6804005D6A83B0002D0FD028007F
:10F780001FF09CFE29188D4201D1064803E0280095
:10F7900001AAFFF783FE2060200003B030BD0248BD
:10F7A000FFF74EFA403C0020047F041030B58B6810
:10F7B00004005D6983B0002D0FD028001FF07EFE8D
:10F7C00029188D4201D1064803E0280001AAFFF75D
:10F7D00065FE2060200003B030BD0248FFF730FA1C
:10F7E000403C0020047F041030B58B680400DD69C4
:10F7F00083B0002D0FD028001FF060FE29188D4225
:10F8000001D1064803E0280001AAFFF747FE206067
:10F81000200003B030BD0248FFF712FA403C002040
:10F82000047F0410F0B5C64600B5A6B003932C9B28
:10F83000040098462FAB1F78314830AB1E780292F7
:10F84000EBF706F84346DB6E80005B68C558002D79
:10F8500053D02C48EAF7FCFF4346DB6E5A689B689E
:10F8600098424AD280008058002846D00023264A79
:10F87000264915F09FFA804600283ED02B7F002BAA
:10F880002CD04223E85C05AB1870002E20D12E9AB4
:10F890009E705F704046009206A9802217F02EFDF0
:10F8A00006A81FF00BFE6B461F7B0500029E002F73
:10F8B00007D1336802001B6B300006A998478542C8
:10F8C00019D120002660277126B080BCB846F0BD53
:10F8D0000022DA703A0037001600D8E72800F0F767
:10F8E00073FF2B6825209A69094B9A42CBD02521BA
:10F8F00028009047C7E70137E3E7FFF791F9C046D3
:10F900000C3D0020543C002014C804104C9A0410F4
:10F91000E9060110F0B5DE46574645464E46E0B5CD
:10F9200085B080460800110002AA1C00FFF702FE05
:10F930000E998246039002AA2000FFF7FBFD0C22DD
:10F9400052425244136893460200994684460C3A48
:10F950001768040056460190D1440092674403E0C2
:10F96000A74224D00136013422003100404617F06E
:10F97000A1F8051E0DD130001FF0A0FD36182000A3
:10F980001FF09CFD2418B145EAD13F1B7B1E9F410F
:10F990007D42184C009BA3420ED1A34518D12800EC
:10F9A00005B0F0BCBB46B246A946A046F0BD114C1E
:10F9B000009B0125A342F0D0019B043B1A68511E15
:10F9C0001960002AE9DC009802A9F0F7E5F8E4E7FD
:10F9D0005346043B1A68511E1960002ADFDC584662
:10F9E00002A9F0F7D9F8DAE703A8FFF77BFD15F0D5
:10F9F00059FBC046343C0020F0B557464546DE462C
:10FA00004E461400E0B51D00524B87B007008A46F1
:10FA100003602900200004AAFFF78CFD0300844640
:10FA20000C3B02932D1B1B686D0006000390059094
:10FA3000634428000093E3F75BFA00239B46464BA0
:10FA4000040001930EE041463800F0F7FDF93B68F1
:10FA500059461A000C3A126899543B68019A0C3BBB
:10FA600093423BD132002B002100504617F02CF876
:10FA70000200854210D8451C002C02D02000E3F77C
:10FA80003FFA2800E3F734FA3200010004002B00AB
:10FA9000504617F019F8020021003800F0F738FA44
:10FAA00030001FF00BFD009B3618B3421CD03B68A2
:10FAB00001361A000C3A11688946012149448846EA
:10FAC00051688845BFD89268002ABCDC4A4659462E
:10FAD00099543B68019A0C3B9342C3D042469960CB
:10FAE0001A604B445973BDE7002C02D02000E3F7A5
:10FAF00007FA194B029A9A4207D1380007B0F0BCB6
:10FB0000BB46B246A946A046F0BD039B043B1A681B
:10FB1000511E1960002AF0DC029804A9F0F73CF8A5
:10FB2000EBE715F049FC002C05D02000E3F7E8F9DD
:10FB300001E015F041FC16F0ADF815F077FC05A8D2
:10FB4000FFF7D0FC3800FFF7CDFC15F0ABFAF6E775
:10FB5000F8E7C046403C0020343C002070B5431814
:10FB60001E33FF330400187815000E0000280BD157
:10FB70002368084A1B6A934207D18D4203D0A41917
:10FB80001E34FF342170080070BD2A002000984701
:10FB90000100F2E7ED060110F0B5DE465746454696
:10FBA0004E46E0B50F0005008DB0CF48EAF750FE95
:10FBB0003B6880005B68C458002C00D183E1236857
:10FBC000CA4A5B69934200D02CE1A3685E69002EAB
:10FBD00000D182E130001FF071FC31188E4201D15A
:10FBE000C34803E030000AAAFFF758FC0B900BAEA5
:10FBF0000C38036818009A46E3F77AF9010001907F
:10FC0000002352463000EFF725FF0B9BB94A18003E
:10FC10000C389046904200D029E12368B64A9B698F
:10FC2000934200D0F9E0A368DB699946002B00D12C
:10FC300050E118001FF042FC01004944894500D101
:10FC4000E7E0484607AAFFF729FC0B900C38036849
:10FC500018009B46E3F74CF90100029000235A4636
:10FC60003000EFF7F7FE0B9B18000C38404500D032
:10FC700008E12368A14ADB69934200D0D8E0A36879
:10FC80005B6A9946002B00D121E118001FF016FC99
:10FC900001004944894500D1B9E0484608AAFFF768
:10FCA000FDFB0B900C380368180099460493E3F7AA
:10FCB0001FF90100039000234A463000EFF7CAFE07
:10FCC0000B9B18000C38404500D0E6E023688C4AB6
:10FCD0001B69934200D0B0E0A3689E68002E00D15B
:10FCE000FEE030001FF0EAFB31188E4200D192E0B6
:10FCF000300009AAFFF7D2FB06AB069005930C383B
:10FD0000036818009946E3F7F3F8060001000023A2
:10FD10004A460598EFF79EFE4B464A46EB60AE60BA
:10FD20000023002A5DD12B742368764A9B68934296
:10FD300062D1A368744A587C68742368DB68934274
:10FD400062D1A368987C019BA8746B615346AB6138
:10FD5000029B6E49EB615B462B62039B6B62049BCB
:10FD6000AB6223681A6A8A4200D07CE0A268D06A3B
:10FD70005B6A674AE862934266D1A368654A1B6B77
:10FD800007930A93079B0B932B6323689B6A934209
:10FD900065D1A3685B6B0B930993099B5E486B630A
:10FDA0000893EAF755FD3B6880005B68C05800285F
:10FDB00000D18AE0594B19682B000A0038330B3206
:10FDC000FFF740FB43230122EA54069B18000C383E
:10FDD00040456DD10DB0F0BCBB46B246A946A04629
:10FDE000F0BD0022B256D3179B1ADB0F2B74236889
:10FDF000444A9B6893429CD02000984768742368CB
:10FE0000414ADB6893429CD0200098479BE73848E2
:10FE100047E7374819E736486EE721003000984732
:10FE20000B9813E70BAE3000210098470B98DFE6E4
:10FE30002100300098470B9834E706AA21001000F3
:10FE40000592984706985AE7200098470790079B25
:10FE5000304A0B932B6323689B6A934299D020000E
:10FE60009847099099E720009047236880E7043B72
:10FE70001A68511E1960002A00DDCEE60AA9EFF7C4
:10FE80008BFECAE6043B1A68511E1960002A00DD89
:10FE9000EFE60AA9EFF780FEEBE6043B1A68511E75
:10FEA0001960002A00DD11E70AA9EFF775FE0DE7DA
:10FEB000043B1A68511E1960002A00DD8AE708A970
:10FEC000EFF76AFE86E7FEF7ABFEFEF7A9FE1448E1
:10FED000FEF7B6FE1248FEF7B3FE1148FEF7B0FE7D
:10FEE0000F48FEF7ADFEC046443C0020BDF60110B1
:10FEF000403C0020343C002045F6011071F7011011
:10FF0000F9F60110F9F0011001F1011009F10110E9
:10FF100011F1011039F101100C3D0020201F0020CB
:10FF2000047F041000230393029301930598FFF7C5
:10FF3000D9FA039B002B02D00398E2F7E1FF029B62
:10FF4000002B17D119E0EDE7F6E7EBE7EAE7E9E781
:10FF500002E03000FFF7C6FA0198E2F7D1FF15F092
:10FF6000A1F8E3E73000FFF7BDFA15F09BF8300089
:10FF7000FFF7B8FA0298E2F7C3FF019B002BEBD121
:10FF8000EDE7F7E7F0B5DE46574645464E46E0B5A5
:10FF90000F0005008DB0CF48EAF75AFC3B6880009F
:10FFA0005B68C458002C00D183E12368CA4A5B69AE
:10FFB000934200D02CE1A3685E69002E00D182E15B
:10FFC00030001FF07BFA31188E4201D1C34803E0A4
:10FFD00030000AAAFFF762FA0B900BAE0C380368E8
:10FFE00018009A46E2F784FF010001900023524670
:10FFF0003000EFF72FFD0B9BB94A18000C389046E4
:020000041002E8
:10000000904200D029E12368B64A9B69934200D010
:10001000F9E0A368DB699946002B00D150E1180094
:100020001FF04CFA01004944894500D1E7E04846F9
:1000300007AAFFF733FA0B900C38036818009B46A9
:10004000E2F756FF0100029000235A463000EFF716
:1000500001FD0B9B18000C38404500D008E12368D7
:10006000A14ADB69934200D0D8E0A3685B6A994655
:10007000002B00D121E118001FF020FA01004944B3
:10008000894500D1B9E0484608AAFFF707FA0B9066
:100090000C380368180099460493E2F729FF010021
:1000A000039000234A463000EFF7D4FC0B9B180066
:1000B0000C38404500D0E6E023688C4A1B69934227
:1000C00000D0B0E0A3689E68002E00D1FEE03000B2
:1000D0001FF0F4F931188E4200D192E0300009AAE5
:1000E000FFF7DCF906AB069005930C38036818009F
:1000F0009946E2F7FDFE0600010000234A460598F6
:10010000EFF7A8FC4B464A46EB60AE600023002A9E
:100110005DD12B742368764A9B68934262D1A368B1
:10012000744A587C68742368DB68934262D1A36880
:10013000987C019BA8746B615346AB61029B6E492E
:10014000EB615B462B62039B6B62049BAB62236893
:100150001A6A8A4200D07CE0A268D06A5B6A674A69
:10016000E862934266D1A368654A1B6B07930A93C2
:10017000079B0B932B6323689B6A934265D1A3680B
:100180005B6B0B930993099B5E486B630893EAF7DB
:100190005FFB3B6880005B68C058002800D18AE0A4
:1001A000594B19682B000A0038330B32FFF74AF914
:1001B00043230122EA54069B18000C3840456DD1B8
:1001C0000DB0F0BCBB46B246A946A046F0BD002229
:1001D000B256D3179B1ADB0F2B742368444A9B68D3
:1001E00093429CD02000984768742368414ADB689A
:1001F00093429CD0200098479BE7384847E7374810
:1002000019E736486EE72100300098470B9813E74E
:100210000BAE3000210098470B98DFE6210030003C
:1002200098470B9834E706AA2100100005929847DA
:1002300006985AE7200098470790079B304A0B938F
:100240002B6323689B6A934299D0200098470990BA
:1002500099E720009047236880E7043B1A68511E05
:100260001960002A00DDCEE60AA9EFF795FCCAE680
:10027000043B1A68511E1960002A00DDEFE60AA946
:10028000EFF78AFCEBE6043B1A68511E1960002A5E
:1002900000DD11E70AA9EFF77FFC0DE7043B1A68C0
:1002A000511E1960002A00DD8AE708A9EFF774FCE7
:1002B00086E7FEF7B5FCFEF7B3FC1448FEF7C0FC7A
:1002C0001248FEF7BDFC1148FEF7BAFC0F48FEF7D6
:1002D000B7FCC046483C002091F50110403C00208E
:1002E000343C0020E9F7011081F6011009F60110F5
:1002F00061F1011069F1011071F1011079F1011042
:10030000A1F101100C3D0020201F0020047F0410EB
:1003100000230393029301930598FFF7E3F8039BEF
:10032000002B02D00398E2F7EBFD029B002B17D1C4
:1003300019E0EDE7F6E7EBE7EAE7E9E702E030008E
:10034000FFF7D0F80198E2F7DBFD14F0ABFEE3E72E
:100350003000FFF7C7F814F0A5FE3000FFF7C2F831
:100360000298E2F7CDFD019B002BEBD1EDE7F7E71B
:10037000F0B5DE4657464E4645468A46E0B504008F
:1003800089B0C848EAF764FA53461B6880005B6886
:10039000C658002E00D135E13368C34A1B69934229
:1003A00000D0FBE0B3689D68002D00D132E1280049
:1003B0001FF084F829188D4201D1BC4804E007AB36
:1003C0001A002800FFF76AF805AB9B4605900C3829
:1003D0000068E060E2F78CFD05000100002358464C
:1003E000E268EFF737FBE2680023002A00D0ACE0B8
:1003F00023743368AE4A5B69934200D0B1E0B368BE
:100400005F69002F00D1FFE038001FF057F839185E
:100410008F4200D1C0E0380003AAFFF73FF806ABD7
:10042000069001930C380068A061E2F761FD8046F8
:1004300001000023A2690198EFF70CFB33689D4A85
:100440009B69934200D0B3E0B368DF69002F00D10D
:10045000DDE038001FF032F839188F4200D199E002
:10046000380004AAFFF71AF807AB994607900C3832
:1004700000682062E2F73CFD01000090002348463E
:10048000226AEFF7E7FA33688B4A9B68934200D001
:1004900095E02423B268D05C2423E0543368874A73
:1004A000DB68934200D080E02523B268D05C25232E
:1004B000E0548348EAF7CCF953461B6880005B6838
:1004C000C658002E00D19BE07E4B1B689A4626231F
:1004D0009C46A44463461F00337F012B08D0002BA9
:1004E00046D03368DB691A009C46774B9A4249D163
:1004F000242251463800E2F7F1FC744B30001968B1
:1005000023000A004A331A32FEF79CFF4346636118
:10051000009B0122E3616423A560E254079B6C4CBD
:1005200018000C38A0424DD1069B18000C38A04290
:1005300052D1059B18000C38A04257D109B0F0BC2D
:10054000BB46B246A946A046F0BD0022AA56D31724
:100550009B1ADB0F23743368554A5B69934200D1C1
:100560004DE706AA3100100001929847069859E716
:100570003000F0F729F93368DB691A009C46524BCA
:100580009A42B5D052463B0051463000674624326D
:10059000B847B2E7454867E7444840E705AA310055
:1005A000100093469847059811E7300098477EE77A
:1005B00007AA3100100091469847079857E7300086
:1005C000984769E7043B1A68511E1960002AABDCA2
:1005D00004A9EFF7E1FAA7E7043B1A68511E196076
:1005E000002AA6DC4946EFF7D7FAA2E7043B1A68CF
:1005F000511E1960002AA1DC4946EFF7CDFA9DE7AC
:10060000FEF70EFBFEF70CFB3248FEF719FB3148F4
:10061000FEF716FB2F48FEF713FB00230400984655
:10062000009306E004004846FEF75CFF0198FEF7E1
:1006300059FF5846FEF756FF200014F0BDFE002D6E
:1006400002D02800E2F75CFC4346002B02D0404673
:10065000E2F756FC009B002B02D01800E2F750FC9A
:1006600015F018FBD9E7002304000093DBE7002313
:1006700004000093DAE714F0D9FE14F013FDF6E756
:10068000CBE7F4E7C9E7F2E70023040098460093BC
:10069000CCE700250400A8460095CAE714F08CFEBC
:1006A000DEE7C046A03D002035F70110403C0020A9
:1006B000ADF70110CDF50110C9F10110D1F1011014
:1006C0000C3D0020181F0020550701101C1F0020A2
:1006D000343C0020047F0410F8B504001B48EAF7FE
:1006E000B7F822688300D5680700ED18286800284D
:1006F00000D0F8BD6830E2F7F7FB154A002302602E
:10070000002243608360C360037443618361C361FB
:100710000362838464332100C2540600FFF728FE7D
:1007200020683A003100EAF711F82868E1E714F090
:1007300043FE15F0AFFA14F03FFE336830005B68FB
:100740009847F6E714F072FE14F0ACFCA03D0020D0
:1007500098A20410531E9A41094B10B58160426063
:1007600003600400E9F7B6FD00212061200016F0C7
:10077000FFFD200010BD2000E9F784FD14F092FC7D
:1007800080CB041083685A6E0A609A6E4A60DA6EF3
:100790008A601A6FCA605A6F0A619A6F4A61DA6F8B
:1007A0008A6180229A58CA6184229A580A628822F1
:1007B0009A584A628C229A588A6290229B58CB623D
:1007C0007047C046942283689A580A6098229A58C3
:1007D0004A609C229A588A60A0229A58CA60A42231
:1007E0009A580A61A8229A584A61AC229A588A619A
:1007F000B0229A58CA61B4229A580A62B8229A580A
:100800004A62BC229A588A62C0229B58CB627047C7
:10081000F0B54546DE4657464E46E0B585B00393F3
:1008200098460E9B019066489A4615000292EAF798
:100830000FF8149B8000DB6E5B68C3589946002B51
:1008400000D1BAE00F9B9B46002D00D0ADE043469F
:100850005C1C63425C4100260027E4B25346002B37
:1008600041D05B46013359D00023A34242D0139BB1
:10087000BB423FD04346002D02D001335ED04346F9
:10088000FF24D9B21C404C4423001E33FF331A7896
:10089000002A0BD14B461B684A4A1B6A934254D12B
:1008A0002A2927D00A001E34FF342170303AD3B2EF
:1008B000092B1FD8B3009B195B00D618129B9E42D0
:1008C0001ADCAB68EA68934244D20133AB6001376B
:1008D000AA68EB689A4246D201235B4298460024FC
:1008E0005346002BBDD15B4601335A425341DBB224
:1008F000A342BCD1002F41D10422159B1B68134396
:10090000159A1360019B424618001D605A6005B09D
:10091000F0BCBB46B246A946A046F0BD53469A6815
:10092000DB689A42A0D353461B6850465B6A9847DF
:10093000013099D100220123924696E7AB68EA681C
:10094000934224D219780C009DE72A224846984702
:100950000100A5E72B6828009B6A9847AA68EB6806
:1009600001379A42B8D32B6828005B6A9847030086
:1009700080460133B0D1012400256FE7119BB342BB
:10098000BADC129BB342B7DB109B1E60BAE72B6840
:1009900028005B6A9847431C03D0FF24C1B204407F
:1009A00071E7FF24FF2100256DE70026434637004D
:1009B000013300D18CE7002492E7FEF731F9C046FD
:1009C0000C3D0020ED0601104B1E9941074B10B560
:1009D000416003600400E9F76BFCA060200010BDDB
:1009E0002000E9F74FFC14F05DFBC046F8CB041083
:1009F000F0B5DE464E4645465746E0B51500099A25
:100A000004009346584689460A9A2978101A884263
:100A100062DD0026A846B2460027013B07E05846A3
:100A20000137E9198846E95D101A88420FDD4EB298
:100A3000002E0CDD521ABB42F1D8012158468C46DB
:100A4000E9198846E95DE244101A8842EFDC012387
:100A50005B4253449C467E1E93453BD0002359463F
:100A6000C95CE15401338342F9D1E0185346002BAD
:100A700013D04B4603704346441C1878002827D0F7
:100A80000023D15CE1540133D9B28842F9D1121864
:100A900020186346013B9C46EBD2002F10D04B46FA
:100AA0000370471CA85D002810D00023D15CF954C6
:100AB0000133D9B28842F9D112183818013EEED26A
:100AC000F0BCBB46B246A946A046F0BD3800F5E7EB
:100AD0002000DEE72000C9E75A4507D001260023A1
:100AE0007642A846B4469A460027B7E72000E7E7D3
:100AF000F0B583B0089D08000B9E19000A9B002DDD
:100B000018D0EF1A00930195130002000998FFF71F
:100B10006FFF099B3168C41ACA1B0023B94203D175
:100B20001B19336003B0F0BD2900E2F7D7F9336831
:100B3000DB1BF5E7346800931C19019413000200D5
:100B40000998FFF755FF099BC31AEAE730B583B050
:100B5000089D0800AC46099C190023680095634471
:100B60000193130002000798FFF742FF079BC01A8A
:100B7000206003B030BDC046F0B55746DE464E4655
:100B80004546E0B591B009931AAB089204CB0290A8
:100B900090461B78D1480493E9F75AFE4346DB6E32
:100BA00080005B6808AFC3589946002B00D18DE1E7
:100BB000CB48E9F74DFE4346DA6E8300D468060061
:100BC000E4182568002D00D134E11C9B1C683823F3
:100BD0002278EB5C9A4229D02B6B0B93EB6905933F
:100BE0002B6A039323000C3B19686118A1420FD9AB
:100BF0004B4604209E69230002E00133994203D052
:100C00001A78B25C1042F8D11A1B9246A3421AD14C
:100C1000424600239360029B06CF06C3029811B0A0
:100C2000F0BCBB46B246A946A046F0BD6B6B0B9329
:100C30006B6A0593AB6A039323000C3B1968002988
:100C4000E6D00134D1E70CAB99465600A54B3100F4
:100C5000484606930C93EFF7F7F85246EB6AD21A20
:100C60009346002A36DDE968002B00DA06E1002908
:100C700000D107E15B465E000C9B00210C3B1A682B
:100C80000023484600933300EFF724F80C98030044
:100C90000C3B9B68002B00DB11E1A446DC4466465C
:100CA000EB68AA68A97C01960094FFF7A1FE0C9B53
:100CB00006001A000C3A9068F11A002800DBF6E0F2
:100CC00013688B4200D203E15A1A48460023EEF71C
:100CD00067FFEB6A002B00DD93E04346DA68B02340
:100CE000134007930C9B03980C3B1B688446190028
:100CF00061440E0092056FD4069B71000DA80D9300
:100D0000EFF7A2F843469B689A4600230693079B99
:100D1000102B04D1B446D4459B415B420693724BE1
:100D20000BAC9B462378042B28D85A469B00D358FB
:100D30009F46039B002B21D0059B0DA81978EFF748
:100D40008BF91BE04346DB689B0517D5AA696969E7
:100D50000DA8EFF7DDF811E0069B002B5FD053469E
:100D6000049A991B0DA8EFF71FF907E0069B002BCB
:100D700004D0F4E749460DA8EFF78EF80134A145F9
:100D8000D0D1039B012B2DD80D990B000C3B1B6878
:100D90009A4534D95246D31A079A202A44D0049A45
:100DA000002100920DA80022EEF794FF0D993D79E5
:100DB000089C002D07D12368524620001B6B9847E2
:100DC000504500D080E008940DA83D71FEF78AFBE5
:100DD0004846FEF787FB1BE78C46AB699C4463469D
:100DE0001E0089E71A000599013A01310DA8EFF7B5
:100DF0008FF80D990B000C3B1B689A45CAD89A4690
:100E0000D5E74846697CEFF727F95B46002B3FDBC7
:100E100021004846EA6A5944EFF77AF85DE70499F9
:100E20000DA8EFF719F9A9E71900049A0DA8EFF733
:100E3000BBF8BBE74420E2F757F82C4B00220360D5
:100E40000023414643608360C36003824361836142
:100E5000C361036243628362C362036343634333D8
:100E600082746C31C2540500FFF78CF843462900A8
:100E70003200D86EE9F76AFC2568A6E6002914D18D
:100E80005246D34621004846EEF764FFEB6A21E75D
:100E90003923EA5C5B4648465942EFF785F85246EB
:100EA00021004846EFF734F817E7D346E4E6484612
:100EB000EEF7FAFE0C9BF11A0C3B1A0000E74846CD
:100EC000EEF7F2FE0C98E8E601357CE7FDF7A8FEA8
:100ED000074C0A0007482100FDF7FAFE0C3D0020F0
:100EE000483C0020403C00206CC5041058A204106F
:100EF000B8800410607F04100DA8FEF7F3FA48468E
:100F0000FEF7F0FA14F0CEF814F056FA2B68280029
:100F10005B68984714F0BEFEF1E714F04DFAF9E76C
:100F200014F084FA14F0BEF8F0B55746DE464E468B
:100F30004546E0B591B009931AAB089204CB0290F4
:100F400090461B78D1480493E9F782FC4346DB6E58
:100F500080005B6808AFC3589946002B00D18DE133
:100F6000CB48E9F775FC4346DA6E8300D468060087
:100F7000E4182568002D00D134E11C9B1C6838233F
:100F80002278EB5C9A4229D02B6B0B93EB6905938B
:100F90002B6A039323000C3B19686118A1420FD9F7
:100FA0004B4604209E69230002E00133994203D09E
:100FB0001A78B25C1042F8D11A1B9246A3421AD199
:100FC000424600239360029B06CF06C3029811B0ED
:100FD000F0BCBB46B246A946A046F0BD6B6B0B9376
:100FE0006B6A0593AB6A039323000C3B19680029D5
:100FF000E6D00134D1E70CAB99465600A54B310041
:10100000484606930C93EEF71FFF5246EB6AD21A3E
:101010009346002A36DDE968002B00DA06E1002954
:1010200000D107E15B465E000C9B00210C3B1A6877
:101030000023484600933300EEF74CFE0C98030063
:101040000C3B9B68002B00DB11E1A446DC446646A8
:10105000EB68AA68A97C01960094FFF7C9FC0C9B79
:1010600006001A000C3A9068F11A002800DBF6E03E
:1010700013688B4200D203E15A1A48460023EEF768
:101080008FFDEB6A002B00DD93E04346DA68B02366
:10109000134007930C9B03980C3B1B688446190074
:1010A00061440E0092056FD4069B71000DA80D934C
:1010B000EEF7CAFE43469B689A4600230693079BB9
:1010C000102B04D1B446D4459B415B420693724B2E
:1010D0000BAC9B462378042B28D85A469B00D35848
:1010E0009F46039B002B21D0059B0DA81978EEF796
:1010F000B3FF1BE04346DB689B0517D5AA69696906
:101100000DA8EEF705FF11E0069B002B5FD05346BC
:10111000049A991B0DA8EEF747FF07E0069B002BEA
:1011200004D0F4E749460DA8EEF7B6FE0134A14518
:10113000D0D1039B012B2DD80D990B000C3B1B68C4
:101140009A4534D95246D31A079A202A44D0049A91
:10115000002100920DA80022EEF7BCFD0D993D790B
:10116000089C002D07D12368524620001B6B98472E
:10117000504500D080E008940DA83D71FEF7B2F90B
:101180004846FEF7AFF91BE78C46AB699C446346C3
:101190001E0089E71A000599013A01310DA8EEF702
:1011A000B7FE0D990B000C3B1B689A45CAD89A46AE
:1011B000D5E74846697CEEF74FFF5B46002B3FDBE7
:1011C00021004846EA6A5944EEF7A2FE5DE7049919
:1011D0000DA8EEF741FFA9E71900049A0DA8EEF754
:1011E000E3FEBBE74420E1F77FFE2C4B00220360C7
:1011F0000023414643608360C3600382436183618F
:10120000C361036243628362C36203634363433324
:1012100082746C31C2540500FEF7BEFC43462900BF
:101220003200D86EE9F792FA2568A6E6002914D1B3
:101230005246D34621004846EEF78CFDEB6A21E783
:101240003923EA5C5B4648465942EEF7ADFE52460A
:1012500021004846EEF75CFE17E7D346E4E6484631
:10126000EEF722FD0C9BF11A0C3B1A0000E74846F2
:10127000EEF71AFD0C98E8E601357CE7FDF7D0FCA7
:10128000074C0A0007482100FDF722FD0C3D002015
:10129000443C0020403C002080C5041068A204109B
:1012A000B8800410607F04100DA8FEF71BF94846B3
:1012B000FEF718F913F0F6FE14F07EF82B682800FC
:1012C0005B68984714F0E6FCF1E714F075F8F9E76D
:1012D00014F0ACF813F0E6FEF0B5DE4657464E4685
:1012E0004546E0B58DB004AFBA60FB6008224023EC
:1012F0009B18DB191B7879609A4648239B18DB19E9
:101300001B78F96C3B6010239B186C318046D81910
:10131000E8F7C0FF6A48E9F79BFABB6980005B68A1
:10132000C3589946002B00D1B8E090B004AEE8F75E
:10133000BFFFBB6DFC6DF861029303941420082479
:101340000023604D0019009340222B003100C0198A
:10135000F0F758F804003F285CDC08220C239B18A7
:1013600000212000DA19EEF7F3FB33199B46030046
:101370000C3B9B680500F861002B68DA4B461B7F2D
:10138000012B09D0002B6AD04B461B68DB691A0081
:101390009C464D4B9A426DD1B34504D0220031009A
:1013A0002800E1F79BFD5346002B23D1082214238C
:1013B0009B18DB1902933B6840460193FB6C00933A
:1013C000BA68FB687968FFF7AFFDFB693F4A180010
:1013D0000C38904255D1082210239B18D819E8F7F1
:1013E000F3FF4046BD4609B0F0BCBB46B246A94635
:1013F000A046F0BD082214239B18DB1902933B681A
:1014000040460193FB6C0093BA68FB687968FFF76C
:10141000B3FBDAE7431C9B466B460834E408E40060
:101420001B1B9D4604AEE8F743FFBB6DFC6DF861E6
:1014300002930394142008240023001900935A46B1
:101440002B003100C019EFF7DDFF040085E71423FE
:1014500008229B18D819EEF727FCFD698EE748464D
:10146000EFF7B2F94B461B68DB691A009C46164B36
:101470009A4291D02B005A46310048466446A04714
:1014800091E7043B1A68511E1960002AA3DC082268
:101490000C239B18D919EEF77FFB9CE7FDF7C0FBE7
:1014A00005E0142308229B18D819FEF71BF8082220
:1014B00010239B18D819E8F787FF13F0F3FDC046F7
:1014C0000C3D0020CC80041055070110343C002056
:1014D00010B586B0059308AB04921A780AAB0400E5
:1014E0001B78002A0BD00B9A0193099B0292009360
:1014F000049A059BFFF740FB200006B010BD0B9A35
:101500000193099B02920093049A059BFFF70CFD3F
:10151000F2E7C046F0B54F464646D646C0B59846B7
:10152000099E089B14009D1BB023C26807008946D2
:101530001A40202A48D0102A0AD00027002D35D181
:10154000F21BBE423AD1E0BCBA46B146A846F0BD55
:101550005948E9F77DF9FB6E80005B68C758002F9A
:1015600000D1A2E03B7F002B40D0434618784A23AD
:10157000FB5C834257D04823FB5C834253D04D230E
:10158000FB5C8342D9D1012ED7DD3B7F002B73D08A
:10159000434695225B78BA5C9A4263D07522B85C68
:1015A00098425DD03200002D09D000272A0049461C
:1015B0002000E1F78DFCF21BBE42C4D06419414605
:1015C0002000E1F78BFCBEE7002E07D1002DBAD03A
:1015D0002A004946A019E1F77BFCB4E732004146F6
:1015E0002000E1F77BFC002DADD0F1E73800EFF7EC
:1015F000EBF83B68314A9B6992462D2093422BD1F0
:1016000043461B7883420ED03A7F002A4FD13800E0
:10161000EFF7DAF83B682B209B69534518D1434616
:101620001B78834206D101239C4620700127013498
:10163000E04483E73A7F002A3BD13800EFF7C4F853
:101640003B689B69534529D143461878302398E776
:101650002B2138009847E2E72D2138009847CFE743
:1016600043461878434620705B7802276370022354
:101670009C460234E04461E778213800FDF7CEFE55
:1016800043465B788342EBD03A7F002A86D15821CB
:101690003800FDF7C3FE43465B7881E73021380010
:1016A00098474246030010786BE7FDF7B9FA180037
:1016B00061E7180063E7C0460C3D0020E906011011
:1016C00030B583B0089D18002B6814000193009278
:1016D000079B069AFFF71EFF2C6003B030BDC04683
:1016E000F0B5DE4657464E464546E0B593B004AFEA
:1016F000BA61FB61182248239B18DB1920CB824674
:101700001B782800BB6050239B18DB196C301E78B7
:10171000F960FEF7E1FF6B6883469946002B01DA1A
:1017200006239946182110235B183200D919280086
:1017300015F040FA8222EB6852008CB0134004AEE0
:10174000934200D1F5E0E8F7B3FD3A6F7B6F786222
:10175000029203934B461822009310230C20182466
:101760009B18DA190019130031002D22C019EFF768
:1017700049FE38622C2867DCA948E9F769F8EB6E66
:1017800080005B68C3589946002B00D146E16A4649
:101790003C6AE31DDB08DB00D31A9D4604AB984688
:1017A00033197B604B467C613C611B7F012B00D170
:1017B00029E1002B00D1F2E04B461B68DB691A00DF
:1017C0009C46984B9A4200D0F5E03319B34204D0BE
:1017D000220031004046E1F781FB3C6A3C617C61BC
:1017E000002C00D1F3E022002E21300016F0F4FD91
:1017F000002800D1F2E05A462423801BD35C4044E9
:101800000370137C002B42D13E6AAA68B24200DD0D
:1018100078E00023AB603D7FBC69002D08D12368D0
:101820003200414620001B6B9847B04200D0F3E0E5
:1018300053465046BD461C601D710FB0F0BCBB4600
:10184000B246A946A046F0BD421C90466A46083002
:10185000C008C000121A9546E8F72AFD3A6F7B6F60
:101860007862029203934B46182200930C201023B7
:1018700004AE9B18001942463100DB19C019EFF77E
:10188000C1FD386278E7002300207B613B616A4636
:101890007B69FD215B000733DB08DB00D31A9D4623
:1018A000327804AC2B3A230000260A420AD10122E6
:1018B000434694461B78E04423703B690136013B64
:1018C0003B62631C594625228A5C9446CA68896833
:1018D0007A610822914610329346BB44D9444A4665
:1018E0000392424601930292009063467A69F86837
:1018F000FFF7FEF83B6AAA68F618A0463E62B242BD
:1019000000DC86E76946D31DDB08DB00CB1A9D4669
:10191000182108235B18DB190293434604AC01939A
:1019200000942B00B968F868FFF7CAFEA0463E6A2B
:101930006FE7E8F7BDFC3B6F7C6F7862182200937D
:1019400001940C201824102300199B18DA19C419CB
:10195000130031002D222000EFF754FD38622C28AF
:1019600000DC09E76A46441C0830C008C000121AAF
:101970009546E8F79DFC3A6F7B6F78620092019381
:10198000182210230C209B182200182404AE0019E2
:101990003100DB19C019EFF735FD3862ECE6484637
:1019A000EEF712FF4B461B68DB691A009C461D4B85
:1019B0009A4200D109E764464346310048467A68B6
:1019C000A0473C6A3C617C61002C00D00BE75B4681
:1019D0001B7C002B00D056E7260016E75B461B7CDD
:1019E000002B00D110E7022C00DC50E77378392B74
:1019F00000D909E7B278303A092A00D904E72F2B39
:101A000000D944E700E73319B342E0D022003100A7
:101A10004046E1F763FAE6E6013509E7FDF700F92C
:101A20000C3D002055070110F0B589B00400109E50
:101A3000119F0EA820C800780496059700260190F3
:101A4000029620000095FFF74BFE200009B0F0BD84
:101A5000F0B5DE4657464E464546E0B593B004AF76
:101A6000BA61FB61182248239B18DB1920CB824600
:101A70001B782800BB6050239B18DB196C301E7844
:101A8000F960FEF729FE6B6883469946002B01DA60
:101A900006239946182110235B183200D919280013
:101AA00015F088F88222EB6852008CB0134004AE27
:101AB000934200D1F5E0E8F7FBFB3A6F7B6F786269
:101AC000029203934B461822009310230C201824F3
:101AD0009B18DA190019130031002D22C019EFF7F5
:101AE00091FC38622C2867DCA948E8F7B1FEEB6E60
:101AF00080005B68C3589946002B00D146E16A46D6
:101B00003C6AE31DDB08DB00D31A9D4604AB984614
:101B100033197B604B467C613C611B7F012B00D1FC
:101B200029E1002B00D1F2E04B461B68DB691A006B
:101B30009C46984B9A4200D0F5E03319B34204D04A
:101B4000220031004046E1F7C9F93C6A3C617C6102
:101B5000002C00D1F3E022002E21300016F03CFCD6
:101B6000002800D1F2E05A462423801BD35C404475
:101B70000370137C002B42D13E6AAA68B24200DD9A
:101B800078E00023AB603D7FBC69002D08D123685D
:101B90003200414620001B6B9847B04200D0F3E072
:101BA00053465046BD461C601D710FB0F0BCBB468D
:101BB000B246A946A046F0BD421C90466A4608308F
:101BC000C008C000121A9546E8F772FB3A6F7B6FA7
:101BD0007862029203934B46182200930C20102344
:101BE00004AE9B18001942463100DB19C019EFF70B
:101BF00009FC386278E7002300207B613B616A467C
:101C00007B69FD215B000733DB08DB00D31A9D46AF
:101C1000327804AC2B3A230000260A420AD1012272
:101C2000434694461B78E04423703B690136013BF0
:101C30003B62631C594625228A5C9446CA688968BF
:101C40007A610822914610329346BB44D9444A46F1
:101C50000392424601930292009063467A69F868C3
:101C6000FEF746FF3B6AAA68F618A0463E62B242FB
:101C700000DC86E76946D31DDB08DB00CB1A9D46F6
:101C8000182108235B18DB190293434604AC019327
:101C900000942B00B968F868FFF712FDA0463E6A71
:101CA0006FE7E8F705FB3B6F7C6F786218220093C3
:101CB00001940C201824102300199B18DA19C41958
:101CC000130031002D222000EFF79CFB38622C28F6
:101CD00000DC09E76A46441C0830C008C000121A3C
:101CE0009546E8F7E5FA3A6F7B6F786200920193C8
:101CF000182210230C209B182200182404AE00196F
:101D00003100DB19C019EFF77DFB3862ECE648467D
:101D1000EEF75AFD4B461B68DB691A009C461D4BCB
:101D20009A4200D109E764464346310048467A6842
:101D3000A0473C6A3C617C61002C00D00BE75B460D
:101D40001B7C002B00D056E7260016E75B461B7C69
:101D5000002B00D110E7022C00DC50E77378392B00
:101D600000D909E7B278303A092A00D904E72F2BC5
:101D700000D944E700E73319B342E0D02200310034
:101D80004046E1F7ABF8E6E6013509E7FCF748FF26
:101D90000C3D002055070110F0B589B00400109EDD
:101DA000119F0EA820C80078049605974C26019034
:101DB000029620000095FFF74BFE200009B0F0BD11
:101DC000F0B5C64600B5170006AA127880460C008A
:101DD000002A15D0060020000A21E0F75DFB7918E3
:101DE0000B79013E20000A213370E0F755FB2500F6
:101DF0000400092DEFD84346981B80BCB846F0BDBF
:101E00004A221A40402A12D08022D20113405A425C
:101E100053410F2206005B4293431433FF18130013
:101E20002340FB5C013E33702409F8D1E3E7060050
:101E3000393A13002340FB181B79013E3370E40844
:101E4000F7D1D8E7F0B557464E464546DE46E0B5F1
:101E50008DB004AF3A617B61102238239B18DB19E7
:101E600004CB804610001B786C309146B9607B60D3
:101E7000FEF732FC26239C4684446346FB604B46B7
:101E8000DB6886B09A464A2352461A400600396DEE
:101E900004AD3A60402A07D0082A05D0493B9B464A
:101EA000002903DC494201E000239B465B462800F1
:101EB0000093FA6853461430FFF782FFF861337CD1
:101EC000291A04001431002B4DD15B46002B6BD036
:101ED0003B6D002B40DB53461B051DD44B469A68D7
:101EE000A24223DC00234A463E7D3D699360002EDA
:101EF00006D12B68220028001B6B9847A0426CD1AA
:101F000043464046BD461D601E7109B0F0BCBB464D
:101F1000B246A946A046F0BD2723F35C01390B70F9
:101F20004B469A680134FC61A242DBDD6846D31D52
:101F3000DB08DB00C31A9D4610200C231B1804ADE0
:101F4000DB1902930191009579684B46B868FFF759
:101F5000B7FB2900FC69C5E72623F35C013901348E
:101F60000B70FC61BAE76B4644000934E408E400F6
:101F70001B1B9D462523F35C0C249C461023122535
:101F8000B068F26802914946E4186D44E41903947C
:101F90000091019501006346B868FEF7D7FD5B46E6
:101FA0002900FC69002B93D153469B0596D53B6DC8
:101FB000002B93D03B68402B11D0FA6853469446CF
:101FC0005B04DB0F63449A784B1E1A702A23F35C80
:101FD000023902340B70FC6180E7013690E7163B52
:101FE000F35C013901340B70FC6177E770B50400D4
:101FF00086B00AA820C80C9E007802960190009531
:102000002000FFF71FFF200006B070BDF0B5574657
:102010004E464546DE46E0B5050008208DB004AFCB
:102020003C18636040231B18DB1940CBBA601B7857
:102030009A4648231B18DB191B789946F368984683
:10204000DB071CD44B460096029308265346083003
:10205000019380196368BA68C019FFF7F3FEBB6982
:10206000BB603B7F23712B002800BD4606CC06C316
:1020700009B0F0BCBB46B246A946A046F0BD300050
:102080006C30FEF729FB4B46002B2DD043697B605B
:1020900083699946B36899452DDA4A469B1A6A4680
:1020A0009B460733DB08DB00D31A9D4604AB5A4638
:1020B000180051463B60E0F70BFF00234246B36037
:1020C000B0331340202B29D02379BE689846002BCB
:1020D00020D133685A4630001B6B396898478345D6
:1020E00010D00123984615E0C3697B60036A9946C6
:1020F000B3689945D1DB0023B3602379BE68984665
:10210000002B07D133684A4630001B6B796898472B
:102110008145E6D14346BE602371A4E70820103B09
:102120001B18DE193300220003CA03C34A463000DD
:102130007968FDF757F9082008231B183100082299
:10214000D819E0F7CBFE3B693200BB603B7D2371C1
:10215000230003CB03C25A4630003968FDF742F929
:10216000082008231B18D81908223100E0F7B6FE12
:102170003B69BB603B7D237175E7C046F0B5DE4629
:102180004E4645465746E0B58DB004AF3A617B6197
:10219000102238239B18DB1904CB804610001B78D3
:1021A0006C3091467B60B960FEF796FA26239C4618
:1021B00084446346FB604B46DB6886B09B464A23FB
:1021C0005A461A400600130004AD3A60402A35D042
:1021D000083B5A1E9341DBB29A46534628000093AF
:1021E000396D5B46FA681430FFF7EAFDF861337C1D
:1021F000291A04001431002B39D15346002B57D033
:102200004B469A68A2421CDC00234A463E7D3D694B
:102210009360002E06D12B68220028001B6B984784
:10222000A0425ED143464046BD461D601E7109B0C6
:10223000F0BCBB46B246A946A046F0BD00239A4674
:10224000CBE76846D31DDB08DB00C31A9D46102090
:102250000C231B1804ADDB190293019100957968DA
:102260004B46B868FFF72CFA2900FC69CCE76B46AF
:1022700044000934E408E4001B1B9D462523F35C5D
:102280000C249C4610231225B068F268029149463E
:10229000E4186D44E419039400910195010063462C
:1022A000B868FEF753FC53462900FC69002BA7D100
:1022B0005B469B05A4D53B6D002BA1D03B68402B12
:1022C00011D0FA685B4694465B04DB0F63449A784E
:1022D0004B1E1A702A23F35C023902340B70FC6126
:1022E0008EE701369EE7163BF35C013901340B7033
:1022F000FC6185E770B5040086B00AA820C80C9E72
:1023000000780296019000952000FFF737FF20002B
:1023100006B070BDF0B5CE46474680B589B0040022
:102320000593180010AB40CB17001B7804929C4615
:10233000124AF36804AD98461A4082239B00134367
:10234000F36006AB9946129B3A00029363460096EF
:10235000019303004846FFF711FF069B20000493FA
:102360004B461B792B714346F360230006CD06C311
:1023700009B0C0BCB946B046F0BDC046B5BFFFFF0E
:10238000F0B5C64600B51D0008AB1B7880461400AA
:10239000069F002B17D00600200029000A220023E8
:1023A000E0F7B8F8BA181379013E22003370040040
:1023B0002B000D00002BEFD1092AEDD84346981BC6
:1023C00080BCB846F0BD4A23079A1340402B18D072
:1023D0008023079ADB0113405A4253410F22060023
:1023E0005B4293431433FF1823001340FB5C013E10
:1023F000337024092B071C4323002D092B43F3D1F1
:10240000DCE70600072223001340FB181B79013E7E
:102410003370E4086B071C432300ED082B43F2D113
:10242000CCE7C046F0B5DE4657464E464546E0B5D9
:102430008FB004AFBA61FB61182238239B18DB19F7
:1024400004CB804610001B78BC6DBB60FB6D6C300C
:1024500091469B46F9607C60FEF73EF926239C4638
:10246000844463463B614B46DB688AB09A464A2304
:1024700051461940060022005B4604AD39604029F0
:1024800007D0082905D0002B00DC9FE001217961ED
:1024900001E000217961796928000291514601919A
:1024A000396928300091FFF76BFF7862337C291A75
:1024B00004002831002B4ED17B69002B6CD05B4689
:1024C000002B41DB53461B051ED44B469A68A242A3
:1024D00024DC00234A463E7FBD699360002E07D16D
:1024E0002B68220028001B6B9847A04200D07AE09E
:1024F00043464046BD461D601E710BB0F0BCBB4656
:10250000B246A946A046F0BD2723F35C01390B7003
:102510004B469A6801347C62A242DADD6846D31DDC
:10252000DB08DB00C31A9D4618200C231B1804ADE2
:10253000DB19029301910095B9684B46F868FFF7E3
:10254000BFF829007C6AC4E72623F35C0139013413
:102550000B707C62B9E76B4644000934E408E40080
:102560001B1B9D462523F35C0C249C461823122537
:10257000B068F26802914946E4186D44E419039486
:102580000091019501006346F868FEF7DFFA7B6968
:1025900029007C6A002B92D153469B0595D55A465B
:1025A0007B68134391D03B68402B1ED03A69534659
:1025B00094465B04DB0F63449A784B1E1A702A23FF
:1025C000F35C023902340B707C627EE7002B02D18F
:1025D000002C00D05AE719001000002342428B4122
:1025E0000121796157E7013682E7163BF35C013937
:1025F00001340B707C6268E7F0B5040087B00CA86A
:1026000020C80E9E0F9F00780296039701900095B8
:102610002000FFF707FF200007B0F0BDF0B5DE4651
:102620004E4645465746E0B58FB004AFBA61FB61F0
:10263000182238239B18DB1904CB804610001B7826
:102640006C307B60BB6D91467B61FB6DB9603B611B
:10265000FEF742F826239C4684446346FB604B46C3
:10266000DB688AB09B464A235A461A40060013008C
:1026700004AD3A60402A38D0083B5A1E9341DBB281
:102680009A46534602935B4628000193FB68283024
:1026900000933B697A69FFF773FE7862337C291AED
:1026A00004002831002B39D15346002B57D04B461C
:1026B0009A68A2421CDC00234A463E7FBD699360B3
:1026C000002E06D12B68220028001B6B9847A042E1
:1026D0005FD143464046BD461D601E710BB0F0BC45
:1026E000BB46B246A946A046F0BD00239A46C8E7BD
:1026F0006846D31DDB08DB00C31A9D4618200C2357
:102700001B1804ADDB1902930191009579684B46C3
:10271000B868FEF7D5FF29007C6ACCE76B46440019
:102720000934E408E4001B1B9D462523F35C0C24BC
:102730009C4618231225B068F26802914946E418B5
:102740006D44E41903940091019501006346B86853
:10275000FEF7FCF9534629007C6A002BA7D15B46A3
:102760009B05A4D57B693A691343A0D03B68402BF5
:1027700011D0FA685B4694465B04DB0F63449A7899
:102780004B1E1A702A23F35C023902340B707C62F0
:102790008DE701369DE7163BF35C013901340B7080
:1027A0007C6284E7F0B5040087B00CA820C80E9EB8
:1027B0000F9F007802960397019000952000FFF785
:1027C0002DFF200007B0F0BD70B54368040000681D
:1027D0000D00002813D0013323D0002428686B6833
:1027E000002807D001330FD00020001B434258417E
:1027F000C0B270BD581C43425841C0B2F5E7013326
:102800005A425341DCB2E9E78268C3689A42EBD38B
:1028100003685B6A98470130E6D1002301202B60F2
:10282000E3E78268C3689A42D7D303685B6A984734
:102830000130D2D1002323600124CFE7F0B5454613
:10284000DE4657464E46E0B58BB004901698069289
:102850006C300793189EFDF73FFF06AD070014A9E3
:102860002800FFF7B1FF8046002800D149E200238D
:10287000002499463A7C0193B74B05930993002AAB
:1028800000D037E26423FB5C0093002B00D093E080
:102890004346002B00D0AAE302930393AF4B00936F
:1028A0002300303B092B4FD833681A000C3A1168CB
:1028B0008A460121514488465168884503D8926868
:1028C000002A00DCE2E009AB414630009B46EDF710
:1028D000BBFA33681A000C3A12689C540122336820
:1028E0009146009A0C3B934200D0D9E02C68A36833
:1028F000E268934200D3DFE0012101334942A36043
:102900006960934200D3E5E01498159B002800D13C
:10291000C2E1013300D094E000248168C268002342
:10292000914200D39CE29C4200D18AE028680028B2
:1029300000D185E18368C268934200D375E11C78B9
:102940002300303B092BAFD92423FB5CA34200D1E9
:102950007CE15C23FB5CA34203D06223FB5CA342CB
:102960006FD1029B002B6CD14B46002B69D009AB79
:10297000652130009B46EDF76FFB2868FCF742FDB0
:10298000012328005B4214A96B60FFF71DFF029032
:10299000002856D12800F2F7D9FB4B23FB5CC4B2C8
:1029A000A34200D193E14A23FB5C2D21A34200D135
:1029B0008EE14B46029373E74346002B00D016E3AB
:1029C0004E339A4600223B7CBA4402920392002B7B
:1029D00004D02523FB5CA34200D149E1242398467F
:1029E0004346FB5CA34200D189E00A222100504605
:1029F00015F0F2FC002800D1B2E05346C11A303184
:102A000009AB3000C9B29B46EDF726FB019B0133B1
:102A10000193009B99462C68A368E268934200D317
:102A20008DE0012101334942A3606960934200D3E4
:102A3000B9E21498159B002800D120E2013300D19F
:102A400089E2099E34000C3C2368002B0FD0039BC5
:102A5000002B00D16BE209AB9B465A46F968B86877
:102A600014F02EF9002802D10423179A13603B4B6F
:102A7000049A03CD03C29C4200D088E204980BB0B4
:102A8000F0BCBB46B246A946A046F0BD52469C5497
:102A9000012233689146009A0C3B934200D125E70E
:102AA000002241462C689A60196053445A73A36807
:102AB000E268934200D21FE7236809AA20009B6ABC
:102AC0009346984701235B426B60E268A368934298
:102AD00000D219E7236809AA20005B6A9346984749
:102AE000013000D010E7002314982B60159B0028BC
:102AF00000D1C9E2013300D018E701240DE709AB8A
:102B00009B46099B039A0C3B1B68002A00D0A5E05A
:102B1000029A002A00D0A1E0002B04D06B46584650
:102B20001979EDF799FA2E213000EDF795FA009B0F
:102B30002C680393E268A368934200D271E723688C
:102B400009AA20009B6A9346984701235B426B6069
:102B5000E268A3686AE7C046403C0020343C00209D
:102B60005C23FB5CA34204D06223FB5CA34200D045
:102B700067E709AB9B46099B029A0C3B1B68002A3E
:102B800000D05EE74A46002A00D15AE7002B03D066
:102B9000039B002B00D1A3E065213000EDF75CFA28
:102BA00028688368C268934200D381E1013383605F
:102BB000012328005B4214A96B60FFF705FE029019
:102BC000002800D03DE728686C68002801D0631C0D
:102BD00017D0E4B24B23FA5C3B7CA2421CD04A21C2
:102BE000795CA14270D1002B5CD12423FB5CA34211
:102BF00000D1ADE12D213000EDF72EFA4B460293C6
:102C000009E78368C268934200D318E21C784B231B
:102C1000FA5C3B7CA242E2D1002B43D12433FB5C23
:102C20009C4200D194E12B21E5E7036809AA5B6A85
:102C300093469847C4B2013000D031E600232B60A0
:102C40002423FF24FB5CA34200D082E6039B002BDD
:102C500000D07EE6029B002B00D1B8E1099E09AAB4
:102C600034000C3C23689346002B00D0F5E6FEE6CA
:102C7000039B002BF2D1029B002BEFD1019B002B79
:102C800000D1E6E1D9B209AB18009B46EDF7E4F9B3
:102C9000002303930193BEE6002401335A425341BB
:102CA000DBB240E62523FB5CA34200D1FDE02423F8
:102CB000FB5CA34200D1F8E0111B4B4259410123B8
:102CC000494299432D3196E74A4602927FE62B21ED
:102CD00009AB30009B46EDF7BFF94B46029305E682
:102CE0006B4658461979EDF7B7F955E78946CA4B4F
:102CF0000593099309AB202118009B46EDF7A4F832
:102D0000C0E52800F2F722FA4B233A7CFB5CC4B200
:102D10001000A34200D132E14A21795CA14200D1E6
:102D2000CAE0002399464946019324339A46BB4B97
:102D30000093002A03D02523FB5CA342D6D0534640
:102D4000FB5CA34272D04E23FB5CA3426ED10029F0
:102D50001DD02B6899464A469B68D268934241D25F
:102D6000494601338B600121494269600199013173
:102D700001919A4247D91498159B002858D00133E5
:102D800000D1C3E001233A7C9946984674E5336844
:102D90001A000C3A11688B46012159448946516842
:102DA000894503D891685A46002907DD4946300015
:102DB000EDF74AF833681A000C3A1268302199543A
:102DC0003368009A0C3B9342C3D0002249469A6074
:102DD00019605B445A732B6899464A469B68D268CF
:102DE0009342BDD34B461B6848469B6A98470123D4
:102DF0005B424A466B604B4601999B68D268013141
:102E000001919A42B7D84B461B6848465B6A98477F
:102E10000130B0D1002314982B60159B002800D1FD
:102E200034E101330CD10123994671E0894623E551
:102E30000022914601335A425341DBB24B45A1D0A7
:102E4000286800280AD08368C268934200D3D5E07E
:102E50001C7801213A7C6CE700232B60FF24F8E703
:102E6000036809AA5B6A93469847431C5A42534138
:102E7000DBB2013000D056E50022149253E5002465
:102E800001335A425341DBB2A34200D1D9E528684D
:102E9000002807D08368C268934200D3C0E01C7842
:102EA0003B7C94E5FF243B7C91E54B46029390E507
:102EB00003689B6A98477BE6002A00D190E02522B0
:102EC000BA5CA24220D02422BA5CA2421CD0191BB8
:102ED0004B4259410123494299432D313000EDF7CE
:102EE000BBF80698FCF78EFA012328005B4214A970
:102EF0006B60FFF769FC002800D187E000233A7C73
:102F0000994680460193B7E402000AE700239946F8
:102F10008268C3689A4201D200238FE703685B6A24
:102F200098470130F8D100231493013386E709ABA9
:102F30009B46029B002B00D08FE56B46197909ABAD
:102F400018009B46EDF788F8099E34000C3C84E598
:102F50004B46029344E500248168C26800239142F5
:102F600092D3036809AA5B6A93469847431C5A4266
:102F70005341DBB2013087D10022149284E7002A4A
:102F80009DD12423FB5C2B219C42A7D1C9E6043EA2
:102F900033685A1E3260002B00DD6FE5200008A95F
:102FA000ECF7FAFD6AE5236809AA20005B6A9346FC
:102FB0009847013000D03CE5002314982B60159B06
:102FC000002866D0013300D061E7009CC4E70133DC
:102FD00003932E2109AB30009B46EDF73DF885E4C5
:102FE0002423FB5C2D21A34200D077E799E6099EBC
:102FF00034000C3C2368002B9FD138E503685B6AE2
:103000009847431C00D127E7C4B222E72800F2F713
:103010009DF83A7CC4B284E6403C0020343C002059
:10302000036809AA5B6A934698470400431C02D0D0
:10303000E4B23B7CCBE40023E4B22B60F9E7036805
:103040005B6A9847C4B2013000D0C3E500232B600F
:10305000C0E53268144B11000C39886800280CDD7B
:10306000994218D1059A3260099E002134000C3C27
:103070002268002A00D062E7FAE49942F4D001986D
:10308000886008601070EFE7012406E6012291468F
:10309000D0E6009CF4E6043A01381060E2E75846B6
:1030A000FCF720FA11F0FEFF343C0020F0B5474653
:1030B000CE4680B58DB009930AAB9846424B0500C9
:1030C00089464046202108AC179F08920A93ECF7E6
:1030D000BBFE43460493169B039702936B4614AAC8
:1030E00003CA03C306AE49463000089A6368FFF777
:1030F000A5FB230006CE06C3089B0A9E9946E7F768
:10310000D7F80B900BAB30003A00189913F016FA71
:103110004B466668002B20D001362BD00026149831
:10312000159B002821D00022013332D0964203D1D2
:1031300002223B6813433B604B4608932B0006CCAE
:1031400006C30A9B214A18000C3890422DD1280052
:103150000DB0C0BCB946B046F0BD013673425E4109
:103160001498159BF6B20028DDD101335A42534121
:10317000DAB2DBE79A68DB689A42CFD34B461B682A
:1031800048465B6A98470130C8D10023012699461A
:10319000C5E78168C3689942C8D303685B6A9847EA
:1031A000013043425841C2B2C0E7043B1A68511E85
:1031B0001960002ACBDC0BA9ECF7EEFCC7E7404610
:1031C000FCF790F911F06EFF403C0020343C0020E9
:1031D000F0B54746CE4680B58DB009930AAB984608
:1031E000424B050089464046202108AC179F0892B3
:1031F0000A93ECF729FE43460493169B0397029328
:103200006B4614AA03CA03C306AE49463000089AA7
:103210006368FFF713FB230006CE06C3089B0A9ED4
:103220009946E7F745F80B900BAB30003A00189938
:1032300013F0CAF94B466668002B20D001362BD01C
:1032400000261498159B002821D00022013332D08B
:10325000964203D102223B6813433B604B460893DE
:103260002B0006CC06C30A9B214A18000C3890425A
:103270002DD128000DB0C0BCB946B046F0BD013616
:1032800073425E411498159BF6B20028DDD10133DC
:103290005A425341DAB2DBE79A68DB689A42CFD3ED
:1032A0004B461B6848465B6A98470130C8D10023EB
:1032B00001269946C5E78168C3689942C8D3036867
:1032C0005B6A9847013043425841C2B2C0E7043BB1
:1032D0001A68511E1960002ACBDC0BA9ECF75CFCC4
:1032E000C7E74046FCF7FEF811F0DCFE403C00204A
:1032F000343C0020F0B54746CE4680B58DB00993EA
:103300000AAB9846424B050089464046202108AC4E
:10331000179F08920A93ECF797FD43460493169B78
:10332000039702936B4614AA03CA03C306AE494629
:103330003000089A6368FFF781FA230006CE06C3BF
:10334000089B0A9E9946E6F7B3FF0B900BAB300043
:103350003A00189913F088F94B466668002B20D084
:1033600001362BD000261498159B002821D000226E
:10337000013332D0964203D102223B6813433B60B3
:103380004B4608932B0006CC06C30A9B214A180023
:103390000C3890422DD128000DB0C0BCB946B046C3
:1033A000F0BD013673425E411498159BF6B20028B9
:1033B000DDD101335A425341DAB2DBE79A68DB6868
:1033C0009A42CFD34B461B6848465B6A9847013008
:1033D000C8D1002301269946C5E78168C368994290
:1033E000C8D303685B6A9847013043425841C2B270
:1033F000C0E7043B1A68511E1960002ACBDC0BA9F8
:10340000ECF7CAFBC7E74046FCF76CF811F04AFE40
:10341000403C0020343C0020F0B54E46DE46574686
:103420004546E0B58FB01A9C069020006C300A9299
:103430000B93FDF751F94A23E2680AAE1A400500E2
:1034400092461300402A00D16DE2083B5A1E934178
:1034500005225B429343984610239C46300018A9EE
:10346000E044FFF7B1F9071E00D065E23000F1F744
:103470006DFE4A23EA5CC4B2131B59424B41DBB2D6
:103480000793A24204D04B23EB5CA34200D078E226
:103490002B7C002B00D0ECE02422AA5CA24211D0AD
:1034A0000A98FBF7AFFF012330005B4218A9736055
:1034B000FFF78AF9002800D067E23000F1F746FEF6
:1034C0002B7CC4B20022934691460197002B04D076
:1034D0002522AA5CA24200D177E22422AA5CA24261
:1034E00000D135E24E22AA5CA24200D1F3E05A4656
:1034F000002A00D1F6E14C22AA5CA24204D04D225F
:10350000AA5CA24200D06DE25246002A00D1B8E087
:103510004246102A00D075E200239B469946376840
:10352000BB68FA68934200D3B6E0012101334942F7
:10353000BB607160934200D3BAE01898199B0028D1
:1035400000D1B9E1013300D10BE201272B7C4246C7
:10355000102A00D1CBE1424601920392984A0D9283
:10356000002B00D0CDE1974A079B94466344180096
:1035700003990593DEF790FF64230290EB5C0993B7
:10358000002B00D022E100239A46002F00D066E2F3
:1035900043463033DBB29846019B0A2B00D9BDE08D
:1035A0002F2C00D8D4E0A04500D8D1E0303C029BBD
:1035B000BB4200D29EE0039B5F43059B1A1BBA42AD
:1035C00092415346524213439A4601239C46E719BF
:1035D0003468E144A368E268934200D392E0012199
:1035E00001334942A3607160934200D30EE2189800
:1035F000199B002800D1E2E1013300D1CBE1012485
:103600000D9A002013000C3B19688046002900D059
:10361000A8E04946002905D15946002902D1196878
:1036200000292CD04146002929D15146002900D13A
:1036300090E164480799844661441C980160042124
:103640001B980160002C05D002201B9909680143DA
:103650001B980160069911CE11C15B498B4200D0C5
:10366000C4E106980FB0F0BCBB46B246A946A046DE
:10367000F0BD2522AA5CA24200D00DE722E700217E
:10368000DBE70023376899469B4610339846FA6873
:10369000BB68934200D248E73B6838009B6A984772
:1036A00001235B427360FA68BB68934200D244E72F
:1036B0003B6838005B6A9847013000D03DE7002343
:1036C00018983360199B002800D1D9E1013300D04C
:1036D000FAE0012746E15A46002A26D042460A2A45
:1036E00000D008E75346002B00D12CE101239C4673
:1036F000E14414E7012334689A46E268A3689342E0
:1037000000D26CE723680DAA20009B6A04929847B8
:1037100001235B427360E268A36865E72300303BE6
:10372000DAB2092A44D81C0041E75346002B08D0DE
:103730004346082B00D1BAE001239C469B46E14456
:10374000EDE60023994601339B4607339846E6E6AB
:103750000D9A002013000C3B1968002480460029B4
:1037600000D156E74B46D9B20DAB18000493ECF7E5
:1037700073FC049AE968A86813F0A2FA0D9A130082
:103780000C3B002800D044E704211B98016040E76F
:1037900003680DAA5B6A04929847C4B2013000D056
:1037A000FAE600233360019BFF240A2B00D8FAE6D7
:1037B0002300613B052B00D9AEE0573CF7E6C0463D
:1037C000403C0020FFFFFF7F343C0020002F00D052
:1037D00048E14E239C46AC446346089300239A4636
:1037E0002B7C9846002B03D02523EB5CA34244D0CE
:1037F0002423EB5CA342ABD0019B002BA8D021007B
:10380000089C1A00200014F0E7FD0028A0D0001B3F
:103810000F2800DD0638029BBB4245D3039B52466E
:103820005F43059B1B1ABB429B415B421A4301232A
:103830009C469246C719E14430688368C268934247
:103840002CD20133836001235B42736030000DABE7
:1038500018A90493FEF7B8FF041E00D0D0E60DAB04
:1038600030000493F1F772FC2B7CC4B29846002B15
:10387000BED02523EB5CA342BAD14B46002B00D12E
:10388000F5E0D9B20DAB18000493ECF7E5FB00238B
:1038900030689946C26883689342D2D303680DAA00
:1038A0009B6A04929847CEE7099B9A46C4E7002397
:1038B000994601339B4632E6002701335A42534171
:1038C000DBB2BB4200D140E63068002822D08368DA
:1038D000C268934200D3BAE01C785A462B7C002A77
:1038E00000D0F3E542460027102A00D033E610222C
:1038F0000392063290460192664A0D92002B00D147
:1039000031E60DAB202118000493ECF79DFA2AE66E
:1039100000233360FF24E0E72300413B052B00D95F
:1039200016E7373C43E60823300018A99846FEF70F
:103930004BFF071E00D199E500222B7C0024914605
:103940009346079203E60023994608339846E6E536
:10395000019FFCE50799002900D07F421C990F6068
:1039600070E600278268C3689A4201D20023A8E764
:1039700003685B6A98470130F8D10023189301333C
:103980009FE700222B7C07929CE5002207009346CC
:1039900091462B7CDBE500248168C26800239142BC
:1039A00047D2A34200D12AE63068002800D1CFE6F2
:1039B0008368C268934200D3EAE61C78ECE50024F1
:1039C00001335A425341DBB2EBE74246019F102AD2
:1039D00000D0C0E52F4B0D93102303930633984678
:1039E00001938EE70122019F9346B0E5043A1168E6
:1039F000481E1060002900DD33E618000CA9ECF722
:103A0000CBF82EE60122019F9346A4E523680DAA78
:103A100020005B6A04929847013000D0E7E500235C
:103A200018983360199B00282CD00133BCD1012495
:103A3000B2E703680DAA5B6A04929847431C5A4296
:103A40005341DBB20130ACD100221892A9E70368E0
:103A50005B6A9847431C00D15AE7C4B23DE73C007B
:103A60000027CDE500233C009A460027C8E50D9AC3
:103A7000002413000C3B1968002900D1CCE571E645
:103A800001271AE701249BE70498FBF72BFD11F0AF
:103A900009FBC046403C0020F0B5DE464E46574686
:103AA0004546E0B501268FB083461A980B93C3684C
:103AB0000AAC0A92334226D101235B420D930DAB2F
:103AC00004931B9B029003936B4618AA81CA81C37F
:103AD00008AD28000A9A6368FFF79EFC230006CD14
:103AE00006C30D9B012B00D90FE11C9A33401370C4
:103AF0005B46584606CC06C30FB0F0BCBB46B24688
:103B0000A946A046F0BD6C30FCF7E6FD036A81468D
:103B10005A4253418269DBB29A46574257410123C8
:103B20000026FFB206935346002B02D0002F00D090
:103B300046E10123984620686568002823D06B1C65
:103B400000D1B0E01898199B002800D196E001330D
:103B500000D1A0E0069B002B00D12AE14B461B6A56
:103B6000B34200D136E14346002B00D00EE1069B64
:103B7000984600231C9A13704346002B59D0062305
:103B80001B9A1360B4E76B1C5A4253411898DBB27E
:103B90000793199B002873D0002201337DD0079B27
:103BA0009A42D7D02068002801D06B1C15D0EDB206
:103BB0005346002B1AD0069B002B3ED0002F00D17D
:103BC00088E04346002B00D0B2E04B461B6A9E4281
:103BD00000D1B8E000239846CBE78368C2689342DF
:103BE00000D3C6E01D785346002BE4D14B46DB6979
:103BF0009B5DAB4221D1002F08D14B465B69013759
:103C00009B5D5B1B5A425341DBB2984620680136EC
:103C10008368C26893426BD20133836001235B42A5
:103C20006360002F17D14346002B1ED142461C9BD8
:103C30001A7004231B9A13605AE7002F00D09FE0EC
:103C40004B465B699B5DAB4256D01C9B1B9A1F7019
:103C5000042313604CE74B461A6A4346002B14D0EA
:103C6000002396425B41474698464B469A6900239B
:103C700096425B410697C2461F0054E70022079216
:103C800001335A425341DAB289E7B24237D90023AD
:103C900006979A464FE7002307938268C3689A42C3
:103CA00048D200227BE78268C3689A4200D249E783
:103CB00003685B6A9847013000D043E700231898F7
:103CC0002360199B002871D0013300D06AE70123DB
:103CD0000793E2E74B465B699B5DAB4200D074E71C
:103CE0002068069F8368C268B8460136934293D322
:103CF00003689B6A984791E70123984686E79642B6
:103D000000D067E70023069320E01C9B1B9A1E70DF
:103D100004232000136018A9FEF756FD002800D1E7
:103D2000E6E602221B9B1B6813431B9A1360DFE627
:103D300047466BE703685B6A98470130B1D10023BF
:103D4000012218932BE7002398460693002E00D1FA
:103D50000FE700231C9A1370069B002B04D04B46E0
:103D60009B69B34200D164E743461B9A5B00136032
:103D7000BEE603685B6A9847431C13D0C5B217E7D9
:103D80004346002B00D151E7002398464B469A69E1
:103D9000B24200D0EDE6002A00D1EAE601231C9AE7
:103DA0001370E1E70023FF25236001E7012207925A
:103DB00066E74346002BE9D142461C9B1A70DEE6BB
:103DC000069B002B0ED04B461B6A9E4207D0002359
:103DD0009846DDE74246069B06929846B6E70023E2
:103DE0009846B3E7964203D01C9B069A1A7020E7C8
:103DF000069B9846002ED1D11C9B1E7019E7C04629
:103E0000F0B589B0040012980EAD0490119803909B
:103E1000109802906846C0CDC0C02000FFF7FCFAA1
:103E2000200009B0F0BDC046F0B54E46DE4657460C
:103E30004546E0B58DB0189C049020006C30089287
:103E40000993FCF749FC4A23E26808AE1A400500D2
:103E500092461300402A00D173E2083B5A1E934158
:103E600005225B429343984610239C46300016A9D6
:103E7000E044FEF7A9FC071E00D06BE23000F1F72A
:103E800065F94A23EA5CC4B2131B59424B41DBB2C9
:103E90000793A24204D04B23EB5CA34200D07FE205
:103EA0002B7C002B00D0EAE02422AA5CA24211D095
:103EB0000898FBF7A7FA012330005B4216A973604C
:103EC000FEF782FC002800D06EE23000F1F73EF9E8
:103ED0002B7CC4B20022934691460097002B04D05D
:103EE0002522AA5CA24200D17EE22422AA5CA24240
:103EF00000D13BE24E22AA5CA24200D1F6E05A4633
:103F0000002A00D1FCE14C22AA5CA24204D04D223E
:103F1000AA5CA24200D074E25246002A00D1BBE063
:103F20004246102A00D07CE200239B46994637681F
:103F3000BB68FA68934200D3B9E0012101334942DA
:103F4000BB607160934200D3BDE01698179B0028B8
:103F500000D1BFE1013300D112E201272B7C4246A0
:103F6000102A00D1D1E1424600920292994A0B9266
:103F7000002B00D0D3E102999748DEF765FA83B2AF
:103F800001936423EB5C0693002B00D028E100230F
:103F90009A46002F00D071E243463033DBB2984698
:103FA000009B0A2B00D9C4E02F2C00D8DBE0A045F1
:103FB00000D8D8E0303C019BBB4200D2A5E0029B78
:103FC00085495F43BFB20122091B8F4200DC0022FA
:103FD00053461343DBB29A4601239C463F1934688B
:103FE000BFB2A368E268E144934200D395E00121A7
:103FF00001334942A3607160934200D315E21698E1
:10400000179B002800D1E9E1013300D1D2E101245E
:104010000B9A002013000C3B19688046002900D041
:10402000ABE04946002905D15946002902D119685B
:1040300000292AD04146002927D15146002900D124
:1040400096E101211A9849420180199805310160D1
:10405000002C05D0022019990968014319980160C4
:10406000049911CE11C15D498B4200D0CDE1049875
:104070000DB0F0BCBB46B246A946A046F0BD252215
:10408000AA5CA24200D00FE724E700211A98018021
:10409000199804310160DBE70023376899469B4695
:1040A00010339846FA68BB68934200D245E73B68F4
:1040B00038009B6A984701235B427360FA68BB68CB
:1040C000934200D241E73B6838005B6A9847013071
:1040D00000D03AE7002316983360179B002800D1E0
:1040E000DDE1013300D0FDE001274AE15A46002A14
:1040F00026D042460A2A00D005E75346002B00D1BD
:104100002FE101239C46E14411E7012334689A46DC
:10411000E268A368934200D269E723680BAA2000F3
:104120009B6A0392984701235B427360E268A3682D
:1041300062E72300303BDAB2092A44D81C003AE790
:104140005346002B08D04346082B00D1BDE0012385
:104150009C469B46E144EAE60023994601339B4690
:1041600007339846E3E60B9A002013000C3B1968CE
:1041700000248046002900D153E74B46D9B20BAB4F
:1041800018000393EBF768FF039AE968A86812F038
:1041900097FD0B9A13000C3B002800D041E7042147
:1041A000199801603DE703680BAA5B6A0392984780
:1041B000C4B2013000D0F3E600233360009BFF243B
:1041C0000A2B00D8F3E62300613B052B00D9B1E0B0
:1041D000573CF0E6403C0020FFFF0000343C00204C
:1041E000002F00D04DE14E239C46AC44634605931E
:1041F00000239A462B7C9846002B03D02523EB5CAA
:10420000A34248D02423EB5CA342ACD0009B002BFC
:10421000A9D02100059C1A00200014F0DDF8002828
:10422000A1D0001B0F2800DD0638019BBB4249D3FB
:10423000029B5F439E4BBFB21A1A0123974200DCD8
:10424000002352461A43D3B29A4601239C463F1894
:10425000BFB2E14430688368C26893422CD2013314
:10426000836001235B42736030000BAB16A903939C
:10427000FEF7AAFA041E00D0CAE60BAB3000039387
:10428000F0F764FF2B7CC4B29846002BBAD02523EC
:10429000EB5CA342B6D14B46002B00D1F6E0D9B27D
:1042A0000BAB18000393EBF7D7FE00233068994659
:1042B000C26883689342D2D303680BAA9B6A0392B5
:1042C0009847CEE7069B9A46C4E7002399460133F8
:1042D0009B462CE6002701335A425341DBB2BB42D6
:1042E00000D13AE63068002822D08368C268934241
:1042F00000D3BBE01C785A462B7C002A00D0EDE5A9
:1043000042460027102A00D02DE6102202920632E3
:1043100090460092674A0B92002B00D12BE60BAB24
:10432000202118000393EBF78FFD24E60023336070
:10433000FF24E0E72300413B052B00D913E7373C7E
:1043400039E60823300016A99846FEF73DFA071E05
:1043500000D193E500222B7C0024914693460792DE
:10436000FDE50023994608339846E0E5009FF6E511
:104370000799002901D07F42BFB21A990F8067E6E2
:1043800000278268C3689A4201D20023A7E7036826
:104390005B6A98470130F8D10023169301339EE7FA
:1043A00000222B7C079295E5002207009346914658
:1043B0002B7CD4E500248168C2680023914247D257
:1043C000A34200D123E63068002800D1CBE6836801
:1043D000C268934200D3E6E61C78E1E5002401338D
:1043E0005A425341DBB2EBE74246009F102A00D00D
:1043F000B9E5304B0B931023029306339846009394
:104400008DE70122009F9346A9E5043A1168481EF2
:104410001060002900DD2AE618000AA9EBF7BCFBB2
:1044200025E60122009F93469DE523680BAA200004
:104430005B6A03929847013000D0E0E500231698AC
:104440003360179B00282CD00133BCD10124B2E784
:1044500003680BAA5B6A03929847431C5A42534174
:10446000DBB20130ACD100221692A9E703685B6A87
:104470009847431C00D159E7C4B23CE73C000027F1
:10448000C6E500233C009A460027C1E50B9A0024AC
:1044900013000C3B1968002900D1C5E56DE6012722
:1044A00019E701249BE70398FBF71CF810F0FAFDCD
:1044B000FFFF0000403C0020F0B589B004001298D6
:1044C0000EAD049011980390109802906846C0CDEC
:1044D000C0C02000FFF7A8FC200009B0F0BDC04616
:1044E000F0B54E46DE4657464546E0B58DB0189CC1
:1044F000049020006C3008920993FCF7EDF84A23F1
:10450000E26808AE1A40050092461300402A00D126
:1045100068E2083B5A1E934105225B42934398464A
:1045200010239C46300016A9E044FEF74DF9071E03
:1045300000D060E23000F0F709FE4A23EA5CC4B222
:10454000131B59424B41DBB20793A24204D04B23C9
:10455000EB5CA34200D073E22B7C002B00D0E5E0A3
:104560002422AA5CA24211D00898FAF74BFF01233B
:1045700030005B4216A97360FEF726F9002800D0D0
:1045800062E23000F0F7E2FD2B7CC4B200229346D9
:1045900091460097002B04D02522AA5CA24200D1AC
:1045A00072E22422AA5CA24200D130E24E22AA5C2E
:1045B000A24200D1F1E05A46002A00D1F1E14C229A
:1045C000AA5CA24204D04D22AA5CA24200D068E2BA
:1045D0005246002A00D1B6E04246102A00D070E2CE
:1045E00000239B4699463768BB68FA68934200D31C
:1045F000B4E0012101334942BB607160934200D3B2
:10460000B8E01698179B002800D1B4E1013300D11F
:1046100006E201272B7C4246102A00D1C6E1424621
:1046200000920292974A0B92002B00D0C8E1012021
:1046300002994042DDF730FF64230190EB5C069362
:10464000002B00D022E100239A46002F00D065E223
:1046500043463033DBB29846009B0A2B00D9BFE0BB
:104660002F2C00D8D6E0A04500D8D3E0303C019BE9
:10467000BB4200D2A0E0E243029B5F43BA429241B8
:104680005346524213439A4601239C46E719346825
:10469000E144A368E268934200D395E0012101332D
:1046A0004942A3607160934200D30EE21698179BB3
:1046B000002800D1E2E1013300D1CBE101240B9AC3
:1046C000002013000C3B19688046002900D0ABE0A5
:1046D0004946002905D15946002902D11968002907
:1046E0002AD04146002927D15146002900D190E126
:1046F00001211A9849420160199805310160002C86
:1047000005D002201999096801431998016004999C
:1047100011CE11C15C498B4200D0C6E104980DB0A6
:10472000F0BCBB46B246A946A046F0BD2522AA5C15
:10473000A24200D014E729E700211A9801601998D5
:1047400004310160DBE70023376899469B4610334C
:104750009846FA68BB68934200D24AE73B68380043
:104760009B6A984701235B427360FA68BB68934277
:1047700000D246E73B6838005B6A9847013000D0BA
:104780003FE7002316983360179B002800D1D6E13D
:10479000013300D0F7E0012743E15A46002A26D032
:1047A00042460A2A00D00AE75346002B00D129E1ED
:1047B00001239C46E14416E7012334689A46E268E7
:1047C000A368934200D269E723680BAA20009B6A82
:1047D0000392984701235B427360E268A36862E733
:1047E0002300303BDAB2092A44D81C003FE7534685
:1047F000002B08D04346082B00D1B7E001239C468C
:104800009B46E144EFE60023994601339B4607337C
:104810009846E8E60B9A002013000C3B1968002428
:104820008046002900D153E74B46D9B20BAB1800A4
:104830000393EBF711FC039AE968A86812F040FAB9
:104840000B9A13000C3B002800D041E70421199873
:1048500001603DE703680BAA5B6A03929847C4B204
:10486000013000D0F8E600233360009BFF240A2BC0
:1048700000D8F8E62300613B052B00D9ABE0573C9C
:10488000F5E6C046403C0020343C0020002F00D01C
:1048900047E14E239C46AC446346059300239A4669
:1048A0002B7C9846002B03D02523EB5CA34243D0FE
:1048B0002423EB5CA342ADD0009B002BAAD02100A7
:1048C000059C1A00200013F087FD0028A2D0001BD1
:1048D0000F2800DD0638019BBB4244D3029B5246A1
:1048E0005F43C343BB429B415B421A4301239C4647
:1048F0009246C719E14430688368C26893422CD25B
:104900000133836001235B42736030000BAB16A957
:104910000393FDF759FF041E00D0D0E60BAB300027
:104920000393F0F713FC2B7CC4B29846002BBFD046
:104930002523EB5CA342BBD14B46002B00D1F5E015
:10494000D9B20BAB18000393EBF786FB002330685A
:104950009946C26883689342D2D303680BAA9B6AC4
:1049600003929847CEE7069B9A46C4E700239946F0
:1049700001339B4637E6002701335A425341DBB2ED
:10498000BB4200D145E63068002822D08368C26867
:10499000934200D3BAE01C785A462B7C002A00D000
:1049A000F8E542460027102A00D038E6102202928D
:1049B000063290460092664A0B92002B00D136E6F2
:1049C0000BAB202118000393EBF73EFA2FE60023F0
:1049D0003360FF24E0E72300413B052B00D919E7B2
:1049E000373C44E60823300016A99846FDF7ECFE54
:1049F000071E00D19EE500222B7C002491469346A1
:104A0000079208E60023994608339846EBE5009F95
:104A100001E60799002900D07F421A990F606EE6DF
:104A200000278268C3689A4201D20023A8E703687E
:104A30005B6A98470130F8D10023169301339FE752
:104A400000222B7C0792A1E50022070093469146A5
:104A50002B7CE0E500248168C2680023914247D2A4
:104A6000A34200D12AE63068002800D1D2E683684C
:104A7000C268934200D3EDE61C78EDE500240133D3
:104A80005A425341DBB2EBE74246009F102A00D066
:104A9000C5E52F4B0B9310230293063398460093E2
:104AA0008EE70122009F9346B5E5043A1168481E3F
:104AB0001060002900DD31E618000AA9EBF76CF858
:104AC0002CE60122009F9346A9E523680BAA20004B
:104AD0005B6A03929847013000D0E7E500231698FF
:104AE0003360179B00282CD00133BCD10124B2E7DE
:104AF00003680BAA5B6A03929847431C5A425341CE
:104B0000DBB20130ACD100221692A9E703685B6AE0
:104B10009847431C00D15AE7C4B23DE73C00002748
:104B2000CDE500233C009A460027C8E50B9A0024F7
:104B300013000C3B1968002900D1CCE574E601276D
:104B40001AE701249BE70398FAF7CCFC10F0AAFAC5
:104B5000403C0020F0B589B0040012980EAD0490DE
:104B600011980390109802906846C0CDC0C02000F4
:104B7000FFF7B6FC200009B0F0BDC046F0B54E46C8
:104B8000DE4657464546E0B58DB0189C049020009F
:104B90006C3008920993FBF79FFD4A23E26808AE48
:104BA0001A40050092461300402A00D168E2083BF3
:104BB0005A1E934105225B429343984610239C461C
:104BC000300016A9E044FDF7FFFD071E00D060E2AB
:104BD0003000F0F7BBFA4A23EA5CC4B2131B594217
:104BE0004B41DBB20793A24204D04B23EB5CA342C0
:104BF00000D073E22B7C002B00D0E5E02422AA5CDD
:104C0000A24211D00898FAF7FDFB012330005B4265
:104C100016A97360FDF7D8FD002800D062E23000CD
:104C2000F0F794FA2B7CC4B2002293469146009789
:104C3000002B04D02522AA5CA24200D172E22422D9
:104C4000AA5CA24200D130E24E22AA5CA24200D16C
:104C5000F1E05A46002A00D1F1E14C22AA5CA242BE
:104C600004D04D22AA5CA24200D068E25246002A3B
:104C700000D1B6E04246102A00D070E200239B46E5
:104C800099463768BB68FA68934200D3B4E00121C3
:104C900001334942BB607160934200D3B8E016987B
:104CA000179B002800D1B4E1013300D106E20127AF
:104CB0002B7C4246102A00D1C6E142460092029265
:104CC000974A0B92002B00D0C8E101200299404284
:104CD000DDF7E2FB64230190EB5C0693002B00D030
:104CE00022E100239A46002F00D065E2434630338C
:104CF000DBB29846009B0A2B00D9BFE02F2C00D8CE
:104D0000D6E0A04500D8D3E0303C019BBB4200D2A6
:104D1000A0E0E243029B5F43BA42924153465242B3
:104D200013439A4601239C46E7193468E144A3687B
:104D3000E268934200D395E0012101334942A36028
:104D40007160934200D30EE21698179B002800D1A1
:104D5000E2E1013300D1CBE101240B9A00201300E2
:104D60000C3B19688046002900D0ABE04946002979
:104D700005D15946002902D1196800292AD0414697
:104D8000002927D15146002900D190E101211A982C
:104D900049420160199805310160002C05D00220BC
:104DA00019990968014319980160049911CE11C13C
:104DB0005C498B4200D0C6E104980DB0F0BCBB4604
:104DC000B246A946A046F0BD2522AA5CA24200D068
:104DD00014E729E700211A9801601998043101604D
:104DE000DBE70023376899469B4610339846FA68FC
:104DF000BB68934200D24AE73B6838009B6A9847F9
:104E000001235B427360FA68BB68934200D246E7B5
:104E10003B6838005B6A9847013000D03FE70023C9
:104E200016983360179B002800D1D6E1013300D0DB
:104E3000F7E0012743E15A46002A26D042460A2AD3
:104E400000D00AE75346002B00D129E101239C46FC
:104E5000E14416E7012334689A46E268A368934266
:104E600000D269E723680BAA20009B6A0392984747
:104E700001235B427360E268A36862E72300303B72
:104E8000DAB2092A44D81C003FE75346002B08D069
:104E90004346082B00D1B7E001239C469B46E144E2
:104EA000EFE60023994601339B4607339846E8E630
:104EB0000B9A002013000C3B19680024804600293F
:104EC00000D153E74B46D9B20BAB18000393EBF775
:104ED000C3F8039AE968A86811F0F2FE0B9A130070
:104EE0000C3B002800D041E70421199801603DE700
:104EF00003680BAA5B6A03929847C4B2013000D0E2
:104F0000F8E600233360009BFF240A2B00D8F8E664
:104F10002300613B052B00D9ABE0573CF5E6C046CA
:104F2000403C0020343C0020002F00D047E14E23BD
:104F30009C46AC446346059300239A462B7C9846D6
:104F4000002B03D02523EB5CA34243D02423EB5C4E
:104F5000A342ADD0009B002BAAD02100059C1A00D3
:104F6000200013F039FA0028A2D0001B0F2800DD22
:104F70000638019BBB4244D3029B52465F43C34366
:104F8000BB429B415B421A4301239C469246C71990
:104F9000E14430688368C26893422CD20133836055
:104FA00001235B42736030000BAB16A90393FDF73E
:104FB0000BFC041E00D0D0E60BAB30000393F0F7DF
:104FC000C5F82B7CC4B29846002BBFD02523EB5CE0
:104FD000A342BBD14B46002B00D1F5E0D9B20BABBD
:104FE00018000393EBF738F8002330689946C2683D
:104FF00083689342D2D303680BAA9B6A03929847B3
:10500000CEE7069B9A46C4E70023994601339B46A8
:1050100037E6002701335A425341DBB2BB4200D18D
:1050200045E63068002822D08368C268934200D3E6
:10503000BAE01C785A462B7C002A00D0F8E542469C
:105040000027102A00D038E610220292063290463D
:105050000092664A0B92002B00D136E60BAB202162
:1050600018000393EAF7F0FE2FE600233360FF24D5
:10507000E0E72300413B052B00D919E7373C44E624
:105080000823300016A99846FDF79EFB071E00D1A5
:105090009EE500222B7C002491469346079208E669
:1050A0000023994608339846EBE5009F01E60799EF
:1050B000002900D07F421A990F606EE600278268AF
:1050C000C3689A4201D20023A8E703685B6A984745
:1050D0000130F8D10023169301339FE700222B7C87
:1050E0000792A1E500220700934691462B7CE0E55C
:1050F00000248168C2680023914247D2A34200D1B4
:105100002AE63068002800D1D2E68368C26893425C
:1051100000D3EDE61C78EDE5002401335A425341FB
:10512000DBB2EBE74246009F102A00D0C5E52F4BCB
:105130000B93102302930633984600938EE70122C7
:10514000009F9346B5E5043A1168481E1060002997
:1051500000DD31E618000AA9EAF71EFD2CE601225F
:10516000009F9346A9E523680BAA20005B6A03927F
:105170009847013000D0E7E5002316983360179B6D
:1051800000282CD00133BCD10124B2E703680BAA5C
:105190005B6A03929847431C5A425341DBB2013089
:1051A000ACD100221692A9E703685B6A9847431CBA
:1051B00000D15AE7C4B23DE73C000027CDE500230B
:1051C0003C009A460027C8E50B9A002413000C3BCC
:1051D0001968002900D1CCE574E601271AE70124FB
:1051E0009BE70398FAF77EF90FF05CFF403C002044
:1051F000F0B589B0040012980EAD04901198039098
:10520000109802906846C0CDC0C02000FFF7B6FCE1
:10521000200009B0F0BDC046F0B5D6464F46464620
:10522000C0B58CB0169F09939A46FB689446984681
:1052300008924A2342469A43130008221343FB6014
:105240000BAB0493179B894603936B4606AE0297FC
:1052500014AA050008AC03CA03C362464946534674
:105260003000FFF78BFC230006CE06C343460B9AA3
:10527000FB60189B28001A602B0006CC06C30CB0FC
:10528000E0BCBA46B146A846F0BDC046F0B5DE4621
:105290004E4645465746E0B597B0229E0E903000E8
:1052A0006C3012921393FBF717FA4A23F26812AC90
:1052B0001A4005009346402A00D1BFE21700083F7C
:1052C0007B1E9F4105237F429F432000103720A96A
:1052D0000197FDF779FA8046002800D0B8E2200057
:1052E000EFF734FF4A23EA5CC6B2931B59424B41A5
:1052F000DBB20F93B24204D04B23EB5CB34200D03D
:10530000D2E22B7C002B00D00DE12422AA5CB24219
:1053100011D01298FAF776F8012320005B4220A9F9
:105320006360FDF751FA002800D0C9E22000EFF7D2
:105330000DFF2B7CC6B20022914600922432924689
:10534000002B04D02522AA5CB24200D1DBE25246F7
:10535000AA5CB24235D04E22AA5CB24200D123E10F
:105360004A46002A00D1C5E24C22AA5CB24204D0CF
:105370004D22AA5CB24200D0D1E25A46002A00D1A6
:10538000E8E0019A102A00D0D9E200239946009360
:105390002768BB68FA68934200D3E6E00121013335
:1053A0004942BB606160934200D3EAE02098219BB0
:1053B000002800D1FEE1013300D165E201229046D0
:1053C0002B7C019A102A00D10FE2019A06920792D3
:1053D000B14A1592002B00D011E201200023AF4901
:1053E0000F9A404212184B4110001900079A08907A
:1053F0000991D3170B93DDF78DF864231090EB5CC4
:105400008B461193002B00D04CE14346002B00D07B
:10541000C1E200230022019F029203933037FBB2C6
:10542000C2469846069B0A2B00D9E0E02F2E00D8F2
:10543000F8E0B04500D8F5E0303E029A039B5B45AA
:1054400000D9C0E004D11300109A934200D9BAE009
:10545000029A039B07980B99DDF7F0FB0B00F117FD
:1054600005910496049E059F020008980999801BE7
:10547000B94101268B4201D85BD000265146314309
:10548000C9B28A460498059980185941009B26683C
:1054900001330093F268B36802900391934200D302
:1054A00099E0012101334942B3606160934200D326
:1054B00048E22098219B002800D11EE2013300D150
:1054C00004E20126159B002798460C3B19689C4670
:1054D000002900D0B0E0009B002B2DD14B46002BC3
:1054E0002AD163461968002926D100200021249B77
:1054F000186059600421239B1960002E04D00220FB
:10550000239B1968014319600E9B654921CC21C377
:105510008C4500D006E20E9817B0F0BCBB46B246F0
:10552000A946A046F0BD2522AA5CB24200D0ECE616
:1055300001E78242A2D8A0E7002FD6D15346002B24
:1055400000D191E10F9B002B00D1B5E1802100201B
:105550000906CCE70023276899460093103301938E
:10556000FA68BB68934200D218E73B6838009B6A30
:10557000984701235B426360FA68BB68934200D29C
:1055800014E73B6838005B6A9847013000D00DE7AC
:10559000002320982360219B002800D115E20133CD
:1055A00000D00FE1012770E14A46002A26D0019A77
:1055B0000A2A00D0D8E65B46002B00D14FE1009BC1
:1055C00001330093E4E6012326689A46F268B36843
:1055D000934200D265E7336815AA30009B6A0A92AD
:1055E000984701235B426360F268B3685EE733006B
:1055F000303BDAB2092A47D81E001EE75B46002B73
:1056000009D0019B082B00D1CFE0009B0133009310
:1056100001239946BCE600230093013399460733E2
:105620000193B5E6159B002698460C3B19689C46ED
:105630000027002900D14EE76B46197815AB1800FA
:1056400098460A93EAF708FD4246E968A86811F00F
:1056500037FB159B98460C3B9C46002800D03AE748
:105660000421239B196036E7036815AA5B6A0A9236
:105670009847C6B2013000D0D4E600232360069BD1
:10568000FF260A2B00D8D4E63300613B052B00D956
:10569000CDE0573ED1E6C046403C0020FFFFFF7FF3
:1056A000343C00204346002B00D07CE14E339C4626
:1056B000AC4463460193002300229A4600230292E1
:1056C00003932F7C002F04D02523EB5CB34200D141
:1056D000A0E02423EB5CB342A4D0069B002BA1D016
:1056E0003100019E1A00300012F076FE002899D099
:1056F000831B98460F2B03DD06235B429C46E04448
:10570000029A039B5B4543D803D11300109A93423E
:105710003ED8029A039B07980B99DDF78FFA434610
:105720000C93DB170D930600089A099B0F000C9849
:105730000D99121A8B4101219F4202D800D1B7E086
:10574000002153460B43DBB29A460C9A0D9B9219EB
:105750007B4102920393009B01330093206883688E
:10576000C26893421BD20133836001235B426360B2
:10577000200015AB20A90A93FDF726F8061E00D0DD
:10578000A0E615AB20000A93EFF7E0FCC6B298E75D
:10579000119B20689A46C26883689342E3D30368EA
:1057A00015AA9B6A0A929847DFE70023009301330A
:1057B0009946EDE5002701335A425341DBB2BB4223
:1057C00000D1FBE52068002822D08368C26893429C
:1057D00000D3D8E01E784A462B7C002A00D0AFE5E3
:1057E0009046019A102A00D0EFE510220792063267
:1057F00006920192794A1592002B00D1EDE515AB86
:10580000202118000A93EAF71FFBE6E50023236036
:10581000FF26E0E7009B002B00D1CCE0D9B215AB0E
:1058200018000A93EAF718FC0023009396E7330068
:10583000413B052B00D9F5E6373EFEE50823200065
:1058400020A90193FCF7C0FF8046002800D146E55F
:1058500000222B7C002691460F920092B1E5002396
:1058600000930833019393E50F9B002B06D0029A17
:10587000039B0021504299410290039102980399A1
:10588000249B1860596038E600278268C3689A42F2
:1058900001D2002393E703685B6A98470130F8D18F
:1058A0000023209301338AE700222B7C0F9242E5EC
:1058B000964200D945E743E701204949404216E6B0
:1058C00000222B7C9146804600927AE50026816872
:1058D000C2680023914248D2B34200D1F1E520686A
:1058E000002800D19EE68368C268934200D3BBE6DD
:1058F0001E7897E50022904673E7002601335A424E
:105900005341DBB2E8E7019A102A00D05DE5334B42
:105910001593102307930633069301936FE7012233
:1059200091464EE54246043A1168481E106000292F
:1059300000DDF0E5604614A9EAF72EF9EBE5012257
:10594000914642E5336815AA30005B6A0A9298478F
:10595000013000D0ADE5002320982360219B002872
:1059600035D00133BBD10126B1E7036815AA5B6AC4
:105970000A929847431C5A425341DBB20130ABD1E3
:1059800000222092A8E703685B6A9847431C00D175
:105990003CE7C6B21FE7002300229A460023464692
:1059A000029203938EE500230022029203930023C8
:1059B00046469A4686E5159B002698460C3B196894
:1059C0009C46002900D189E536E60127F3E6012649
:1059D00094E70A98F9F786FD0FF064FB403C00203D
:1059E000FFFFFF7FF0B589B0040012980EAD049060
:1059F00011980390109802906846C0CDC0C0200056
:105A0000FFF744FC200009B0F0BDC046F0B5DE460B
:105A10004E4645465746E0B595B0209C0C90200078
:105A20006C3010921193FAF757FE4A23E26810AED9
:105A30001A40050093461300402A00D1A4E2083B17
:105A40005A1E934105225B429343984610239C467D
:105A500030001EA9E044FCF7B7FE071E00D09CE210
:105A60003000EFF773FB4A23EA5CC4B2131B5942C0
:105A70004B41DBB20F93A24204D04B23EB5CA34219
:105A800000D0B8E22B7C002B00D00AE12422AA5CD3
:105A9000A24211D01098F9F7B5FC012330005B4207
:105AA0001EA97360FCF790FE002800D0ABE2300026
:105AB000EFF74CFB2B7CC4B20022914601922432BA
:105AC00092460297002B04D02522AA5CA24200D164
:105AD000B9E25246AA5CA24200D16AE24E22AA5C16
:105AE000A24200D113E14A46002A00D11EE24C2214
:105AF000AA5CA24204D04D22AA5CA24200D0AFE22E
:105B00005A46002A00D1D8E04246102A00D0B8E216
:105B10000023994601933768BB68FA68934200D323
:105B2000D6E0012101334942BB607160934200D34A
:105B3000DAE01E981F9B002800D1E1E1013300D17B
:105B400049E201272B7C4246102A00D1F3E142466C
:105B500006920792A94A1392002B00D0F5E1079A0A
:105B600001204042C117D3170993DCF7D3FC64230B
:105B70000D90EB5C8B460E93002B00D042E100238E
:105B80009A46002F00D0A9E2002200234746029245
:105B900003933037FFB2069B0A2B00D9DAE02F2C93
:105BA00000D8F2E0A74200D8EFE0303C029A039B15
:105BB0005B4500D9BAE004D113000D9A934200D995
:105BC000B4E0029A039B07980999DDF737F80B00B8
:105BD000E11704940591020004980599C443C84351
:105BE0000121834201D862D0002150460843C1B24E
:105BF0008A460498059980185941019B34680133FD
:105C00000193E268A36802900391934200D395E068
:105C1000012101334942A3607160934200D334E211
:105C20001E981F9B002800D107E2013300D1F0E14C
:105C30000124139B002798460C3B19689C460029B9
:105C400000D0ACE0019B002B06D14B46002B03D1CA
:105C50006346196800292DD0002F2BD15346002B05
:105C600000D1A8E101204042C117229B1860596071
:105C70000421219B1960002C04D00220219B19686B
:105C8000014319600C9B5E4911CE11C38C4500D0B5
:105C9000EAE10C9815B0F0BCBB46B246A946A04656
:105CA000F0BD2522AA5CA24200D0EFE604E7A242A2
:105CB0009BD899E700200021D7E700233768994651
:105CC000019310339846FA68BB68934200D228E7E4
:105CD0003B6838009B6A984701235B427360FA680F
:105CE000BB68934200D224E73B6838005B6A984760
:105CF000013000D01DE700231E9833601F9B002851
:105D000000D103E2013300D002E1012764E14A46F9
:105D1000002A26D042460A2A00D0E8E65B46002B3D
:105D200000D141E1019B01330193F4E60123346882
:105D30009A46E268A368934200D269E7236813AAEF
:105D400020009B6A0892984701235B427360E268D7
:105D5000A36862E72300303BDAB2092A47D81C0067
:105D600024E75B46002B09D04346082B00D1C2E054
:105D7000019B0133019301239946CCE60023019353
:105D80000133994607339846C5E6139B002498468D
:105D90000C3B19689C460027002900D152E76B464E
:105DA000197913AB180098460893EAF755F942465B
:105DB000E968A86810F084FF139B98460C3B9C464A
:105DC000002800D03EE70421219B19603AE70368D0
:105DD00013AA5B6A08929847C4B2013000D0DAE691
:105DE00000233360069BFF240A2B00D8DAE6230049
:105DF000613B052B00D9C0E0573CD7E6403C002072
:105E0000343C0020002F00D06EE14E239846002342
:105E100000229A46002302920393A8442F7C002F6D
:105E200004D02523EB5CA34200D199E02423EB5C52
:105E3000A342AAD0069B002BA7D01A0021004046FF
:105E400012F0CAFA0028A0D04346C41A0F2C00DD75
:105E5000063C029A039B5B4540D803D113000D9A80
:105E600093423BD8029A039B07980999DCF7E6FE18
:105E70000B00E1170A940B9102000A980B99C44396
:105E8000C8430121834202D800D1B8E00021504626
:105E90000843C1B28A460A980B9980185941019B60
:105EA000029003910133019330688368C268934282
:105EB0001BD20133836001235B427360300013AB5C
:105EC0001EA90893FCF780FC041E00D0B1E613ABBA
:105ED00030000893EFF73AF9C4B29FE70E9B3068A1
:105EE0009A46C26883689342E3D3036813AA9B6A05
:105EF00008929847DFE700230193013399460AE6A9
:105F0000002701335A425341DBB2BB4200D118E6AD
:105F10003068002822D08368C268934200D3D5E05D
:105F20001C784A462B7C002A00D0CBE5424600274D
:105F3000102A00D00BE610220792063290460692F5
:105F4000774A1392002B00D109E613AB20211800E9
:105F50000893E9F779FF02E600233360FF24E0E7C6
:105F6000019B002B00D1C7E0D9B213AB18000893F6
:105F7000EAF772F80023019396E72300413B052BD3
:105F800000D902E7373C11E6082330001EA99846E5
:105F9000FCF71AFC071E00D162E500222B7C0024CE
:105FA00091460F920192CEE5002301930833984663
:105FB000B1E5029FC7E50F9B002B06D0029A039B19
:105FC0000021504299410290039102980399229B2B
:105FD000186059604FE600278268C3689A4201D270
:105FE000002392E703685B6A98470130F8D10023E9
:105FF0001E93013389E700222B7C0F925CE5A242BD
:1060000000D944E742E700222B7C91460700019229
:1060100099E500248168C2680023914248D2A342D6
:1060200000D105E63068002800D1AEE68368C2687A
:10603000934200D3CBE61C78ADE5002401335A42ED
:106040005341DBB2EBE74246029F102A00D07EE5C7
:10605000334B13931023079306339846069374E744
:106060000122029F91466EE54246043A1168481E9D
:106070001060002900DD0CE6604612A9E9F78CFDEE
:1060800007E60122029F914661E5236813AA2000DA
:106090005B6A08929847013000D0C1E500231E9842
:1060A00033601F9B002833D00133BBD10124B1E7FB
:1060B000036813AA5B6A08929847431C5A425341EB
:1060C000DBB20130ABD100221E92A8E703685B6A05
:1060D0009847431C00D13FE7C4B222E700220023C7
:1060E0003C0002920393A4E5002300220292039352
:1060F00000233C009A469CE5139B002498460C3BE9
:1061000019689C46002900D19FE548E60127F8E67A
:10611000012493E70898F9F7E5F90EF0C3FFC046AC
:10612000403C0020F0B589B0040012980EAD0490F8
:1061300011980390109802906846C0CDC0C020000E
:10614000FFF764FC200009B0F0BDC046F0B5DE46A4
:10615000574645464E46E0B58FB00B9300230500E9
:1061600072489A460D9388461B9F0A92E4F770FB8B
:106170001A9B8000DB6E0AAC5B68C3589B46002B01
:1061800000D1D1E00DAB07931A9B18AA0693022306
:10619000059361330493534603930CAB02936B4610
:1061A00003CA03C308AE414630000A9A6368FAF78F
:1061B0002FFB230006CE06C30D9B002B27D0042205
:1061C0003B680A9E13433B606368002E2ED0013368
:1061D00068D01898199B002811D0013300D19FE096
:1061E00002223B6813433B602B00280006CC06C309
:1061F0000FB0F0BCBB46B246A946A046F0BD002693
:1062000001335A425341DAB2B242EDD1E8E72000FD
:1062100018A9FCF7D9FA00285AD00C9A442A1DDD97
:1062200063680A9E1C994A61002ED0D101335A42FC
:1062300053411898DEB2199B0028E1D000220133A7
:10624000E2D18168C36800229942DDD303685B6AAA
:106250009847013043425841C2B2D5E764320C92AC
:10626000DEE72000EEF772FF2A22C1B25846F9F7A6
:1062700075FC30235B42984680444346DBB2092BD1
:1062800046D80A9E3000F9F7BDF84B460C9A636079
:1062900093009B18264A5B00944643441C9A63442F
:1062A0000C935361B268F3689A4292D3336830001A
:1062B0005B6A9847013000D08BE7002318980A9357
:1062C000199B00282ED0013300D08DE70126B8E7B6
:1062D0002000EEF73BFF2A22C1B25846F9F73EFCF8
:1062E0003038C3B20600092B97D80A98F9F78AF814
:1062F00001230C9A5B429946636093009B185B00F4
:106300009B19200018A90C93FCF75EFA0028A8D06E
:1063100007490C9A8C46624463680A9E0C9281E796
:1063200000268EE701266BE7F8F77AFC0C3D00208B
:1063300094F8FFFF2821F0B55746DE464E46454605
:106340008A46E0B58DB000AFBA44BA625246B86032
:10635000B3485360E4F77CFAFB6E8000DB6E5B6849
:10636000C458002C00D13CE36A46BB6E5046DB00AB
:10637000D31A9D4628223B6230239B18D919FCF77B
:1063800023FA002812D004223B6F1B6813433A6F94
:1063900013605246BD46BB6803CA03C3B8680DB05C
:1063A000F0BCBB46B246A946A046F0BD5046EEF74B
:1063B000CDFE2368C5B229001B69200098472368D9
:1063C00080469B68290020009847BB6E002BDAD0DE
:1063D0003A6A9B0094466344BB61002300269946B9
:1063E0007D6E78620DE02B682000197823689B6829
:1063F00098477B6A83420CD0BB6E01360435B342AA
:106400001AD02B682000197823681B6998478045AB
:10641000E9D14B469B009B46286819F04FF85A4635
:10642000BB690435985001239C463B6AE1449E5069
:10643000BB6E0136B342E4D14B467E60012B00D8DF
:10644000D1E200239B464B46BA699B0040CA3B61A0
:10645000FA603A6935009446B969FB6861441A6884
:10646000954200D9150004338B42F8D101239C4694
:1064700053461868E3448368C268934200D3D1E06E
:10648000013301228360534652425A605D4500D178
:10649000D2E0AB450ED2534641CB00282DD0731C21
:1064A00000D18DE0B86DFB6D002800D182E0013392
:1064B00000D13BE14B46012B00D064E7B86AF8F706
:1064C000A1FF012352465B42536002339C463B6A64
:1064D0007A6E1B68E3447B619B009B589846BB69BE
:1064E0001B68BB615B4500D957E1BB699B4500D088
:1064F00049E73B6E7A691A604BE7731C5A42534175
:10650000B86DDDB2FB6D002855D0002201336DD08F
:106510009542CFD053461D68002D01D0731C6CD01E
:106520002368F6B2310020001B699847F8612368A0
:1065300031009B68200098474B467861002B00D1C2
:1065400021E7002518E07B6A2000197823689B6802
:1065500098477B69834224D001235B429C46E144F7
:106560004B4641469A003B6A3A619B580B60B969B9
:106570008B588B514D4517D23B6AAE009846B044BC
:1065800043461B687A6E9B009B5820001A005A44B1
:106590007A625A46995C23681B699847FB6998425E
:1065A000D1D101354D45E7D34B46012B82D9BB698B
:1065B0001E684EE7002501335A425341DAB2A7E77D
:1065C0008268C3689A4200D26CE703685B6A9847A6
:1065D000013000D066E700235246B86D1360FB6DB2
:1065E000002800D1F0E1013394D101258268C3680D
:1065F0009A4200D3A9E000228AE7AB68EA68934296
:1066000000D3B5E01978236820001B699847AB6870
:10661000EA68F861934200D3A1E01E7887E7C0469C
:106620000C3D002003689B6A984701225346524262
:106630005A605D4500D02CE7302329329B18504624
:10664000D919FCF7C1F8F861002876D15046EEF769
:106650007DFD2368C1B21B692000984778625046CF
:10666000EEF774FD2368C1B29B68200098470025AF
:106670007E6180465E463B6AAA009B58796E9B000D
:106680005958BB699B58B34211D98B199B46236853
:1066900020001B69895D98477B6A834250D05B4626
:1066A0001978236820009B689847804548D00135B9
:1066B000A945E0D1B3467E69FD6932000023494611
:1066C000A046DC46B8693E697D6204E001338B4236
:1066D00013D29A0012586446A21A15006A426A41FF
:1066E0007C6AA242F2D13D6A01398E00AC599A000F
:1066F000AC50845984508B42EBD3FB69E346894606
:1067000044463E61002B00D11EE14B46B9690D683D
:10671000012B00D8BDE6B446FB6861441A68954277
:1067200000D9150004338B42F8D1B2E68268C36801
:1067300000259A4200D25EE707E00023FB61BBE739
:106740000123B346FB617E69B6E703685B6A98473D
:10675000013000D04FE700230122BB65D8E62B684B
:1067600028005B6A9847431C00D1E3E0C6B2DEE62E
:106770002B6828005B6A98470100431C01D0C1B216
:1067800041E70023524613602368013120001B6952
:10679000FF319847FF26F861C9E6FB6DBD6A3B6291
:1067A0002DE0731C00D188E02368F6B23100200090
:1067B0001B699847814510D043465A46995C236827
:1067C00020009B68984731008146236820009B6821
:1067D0009847484500D088E6BD6AAB68EA689342AE
:1067E00000D384E00133AB60012352465B42536027
:1067F00002339C46BB69E3449B4500D179E6AA6815
:10680000EB689A423DD2B86D002877D03B6A0133DD
:1068100000D06AE6C26883689A4200D965E6002320
:1068200001269946764203685B6A984703003862FE
:10683000013300D183E00023FB61013B3B62FB6934
:10684000994500D151E643465A46995C2368200099
:106850001B699847BD6A81467862002DA1D1F1B2CB
:10686000236820001B6998477B6A984244D04346BE
:106870005A46995C236820009B689847F1B281468C
:10688000A3E72B6828005B6A98470600431CBAD12F
:106890000023B86DBB62002800D1AFE03B6A013332
:1068A00000D1A3E043465A46995C236820001B6947
:1068B0009847BD6A7862002DD1D0AB68EA689342F0
:1068C00027D21978236820001B6998477B6A984271
:1068D00083D05A464346995C236820009B689847BA
:1068E000AB68EA68814693421CD219786DE72B6841
:1068F00028009B6A984777E700256EE7002301266A
:10690000994676423B6A01335A425341DBB2FB61FE
:1069100095E72B6828005B6A98470600431C70D0F7
:10692000C1B2CFE72B6828005B6A9847431C6CD044
:10693000C1B24AE700235246FF261360F7E5002361
:10694000BB650133FB617AE702292ED0012900D013
:1069500019E53B6A1A6893007A617A6E9B589846EB
:10696000BB691B68BB619B4500D3BEE5FB6DBD6A7F
:106970003B6253465E68002D11D000239946731C7C
:1069800000D13CE7B86D0028BCD03B6A013300D091
:1069900055E78268C3689A4200D250E743E7731C08
:1069A0005A425341DBB29946ECE77968CB0700D5F0
:1069B000E9E4386A4B08026841689A4206D2D31863
:1069C0008B4200D0DFE4C6E70125F4E5D21A8A4203
:1069D00000D0D8E4396A0A60BA69536813600A685B
:1069E000B9E7F8F71DF900239B4663E5C2688368A1
:1069F0009A4200D927E70123994614E701239946D3
:106A000080E70023FF21BB622AE70023FF21BB624E
:106A1000DBE6C046F0B5DE46574645464E46E0B595
:106A200087B000AF7B61FB6C7860C7489B463A61DA
:106A3000E3F70EFF7B6D8000DB6E5B68C358984602
:106A4000002B00D17EE16A463B6DDB00D31A9D46E8
:106A5000102230239B18D919303BF818E946FBF770
:106A6000B3FE002800D1DFE07B6998463B699A4677
:106A70007B6CBB605346002B00D005E143460133DD
:106A80005A425341DBB2FB603E6C002E00D177E0EE
:106A9000BB68013300D183E00026002500240023D9
:106AA000FA6893424CD03869002802D0434601333B
:106AB0006ED04346DBB29846002C4BD0002000221B
:106AC0008446FE6005E001239A460132D444944294
:106AD00018D9F9689300C9180868A842F3D91E00AC
:106AE0005B464E4430688000C058405D404545D00C
:106AF0004B46013CA0001B583360FB681B580B60E1
:106B00009442E6D8FE6864451AD03B699A465246DC
:106B10009B68D26893424DD2524601339360012361
:106B20005B427B61013553469A68DB689A424FD2DB
:106B3000386C002800D172E0BB68013300D1D8E086
:106B4000012C60D0022C05D13368AB425ED0736853
:106B5000AB425BD00422BB6D1B681343BA6D13605C
:106B60001022BD467B68BA1803CA03C3786807B011
:106B7000F0BCBB46B246A946A046F0BD0132A6E72E
:106B800000250024BB6801335A425341DBB287E73A
:106B90008368C268934200D3C0E01B7898468BE7B5
:106BA000B268F3689A4200D276E7300000263500DA
:106BB0003400A7E053461B6850469B6A9847012360
:106BC0005B427B6153469A68DB6801359A42AFD3DA
:106BD00053461B6850465B6A984703008046013362
:106BE000A6D10023386C3B61002800D1A7E0BB6828
:106BF000013300D05DE78268C3689A4200D258E74B
:106C00000123FB607EE03368AB42A3D14B463A6D73
:106C10001B68934200DB9B1ABA6C1360A0E7002349
:106C2000FB60013B9846ADE71023F818EEF78EFAAB
:106C30003B6DC6B25B009A4600D115E700250024E3
:106C400009E043461B6840469B689847864208D047
:106C5000013555450CD05A46AB00D3581978B1428E
:106C6000EFD14A46A3009D50013501345545F2D17C
:106C70003B699A46002C11D17B6998467B6CBB60BE
:106C80005346002B00D1F9E60023FB604346013355
:106C900000D0F9E600263500340044E71800F8F784
:106CA000B1FB01236946A2005B427B61D31DDB0877
:106CB000DB00CB1A9D4613006E464B445A46FB60E0
:106CC0003300A046B3464D4616001C00FA6408CDBA
:106CD0009B00985918F0F2FBFB6801C4AB42F6D157
:106CE000FE64FB6C5E469B467B6C44460125BB60A4
:106CF00019E78268C3689A4200D221E70023FB604B
:106D0000013B984603685B6A98470300B86001330B
:106D100011D001235B42BB600023C1E603685B6ABC
:106D20009847431C02D0C3B29846C5E600233B6196
:106D3000FF339846C0E600233B640133B0E60123ED
:106D4000FB601FE7F7F76CFF0C3D0020F0B5DE4657
:106D5000454657464E46E0B5A1B005005D480E9247
:106D60000F930891E3F774FD2C9B0EACDB6E5A6811
:106D70009B68984200D3AAE080008058002800D188
:106D8000A5E00023544A55490EF014F8002800D11C
:106D90009DE08368DF6B9E6B0A97DF6C0996BB46AC
:106DA0001F6D1E6CBA465F6DD86AB9469F6D196B30
:106DB000B846DF6D5A6BBC460B961F6E5E6C9B6CC3
:106DC000189712935B461393534614934B461593AF
:106DD0004346169363460A9F1793099B19901A918D
:106DE0001B921D971C930B9B2AAA1E9300231193A1
:106DF00011AB06932C9B1F9605930723049312ABAC
:106E0000039310AB02936B4603CA03C30CAF380065
:106E10000E9A63680899FFF7FDFD230006CF06C3AD
:106E2000119B0E9F002B26D004222D9B66681B68A9
:106E300013432D9A1360002F23D001362ED0002645
:106E40002A982B9B002824D00022013333D0B24251
:106E500005D102222D9B1B6813432D9A13602B0032
:106E600028000E9706CC06C321B0F0BCBB46B24644
:106E7000A946A046F0BD109B2E9A66689361002F2C
:106E8000DBD1013673425E412A982B9BF6B2002873
:106E9000DAD101335A425341DAB2D8E7BA68FB6813
:106EA0009A42CCD33B6838005B6A98470130C6D120
:106EB00001260027C4E78168C3689942C7D30368E5
:106EC0005B6A9847013043425841C2B2BFE7F7F7C7
:106ED000A7FEC046543C002014C804104C9A04106D
:106EE000F0B5DE46454657464E46E0B5B7B0089089
:106EF00079481A921B938846E3F7AAFC429B1AAC86
:106F0000DB6E5A689B68984200D3E3E080008058AB
:106F1000002800D1DEE00023704A71490DF04AFFDD
:106F2000002800D1D6E0836894275A6ED86E10925C
:106F30009A6F1D6F169280225E6F0D9098580432E2
:106F400012959D58043215969E5804329A58996E9F
:106F50000C9290221391D96F0A900B919958083294
:106F60009858043211959D580432AA469D5804320F
:106F7000A9469D5804320F969E580432B446149187
:106F80000E9009959E58043217969E5804329D58CB
:106F9000043298580432995804329A58DB595746AB
:106FA00020974F461E930E9B21971F93099B674680
:106FB0002293179B259624930023159E26952790B0
:106FC000129D0D98289129921399109A2B912A922B
:106FD0002C902D9523972E961D931DAB0693429BC7
:106FE000169A05930C2304931EAB03931CAB0293D8
:106FF0006B460B990A98119D0F9E2F9230910C9A17
:1070000014993190329533963492359140AA03CA3F
:1070100003C318AD414628001A9A6368FFF7FAFCCB
:10702000230006CD06C31D9B1A9E002B26D00422EA
:10703000439B65681B681343439A1360002E23D05B
:1070400001352ED000254098419B002824D00022F5
:10705000013333D0AA4205D10222439B1B6813435C
:10706000439A1360089F1A9606CC06C7089837B053
:10707000F0BCBB46B246A946A046F0BD1C9B449A54
:1070800065681361002EDBD101356B425D4140988C
:10709000419BEDB20028DAD101335A425341DAB2B2
:1070A000D8E7B268F3689A42CCD3336830005B6AA1
:1070B00098470130C6D101250026C4E78168C3681E
:1070C0009942C7D303685B6A9847013043425841ED
:1070D000C2B2BFE7F7F7A4FD543C002014C8041067
:1070E0004C9A0410F0B5DE4657464E464546E0B58C
:1070F000B3B00C91070016A9C04816924B608846A1
:107100003F9EE3F7A5FB3E9BDB6E5A689B68984267
:1071100001D300F0F3FD80008058002801D100F079
:10712000EDFD0023B64AB7490DF044FE0D9000284E
:1071300001D100F0E3FDB448E3F78AFB3E9B8000F9
:10714000DB6E5B68C3589946002B01D100F0D6FD79
:10715000419818F0B3F900231893AC4B09900A93A7
:10716000082340463CA93F9600259A464E460B9779
:10717000FBF72AFB002851D1099A189B954200D3AE
:1071800029E1002B00D029E1419B595D5F1973185B
:107190001E33FF331B780C00002B0CD133680A9A86
:1071A0001B6A934200D0FFE0002907D00B0034197E
:1071B0001E34FF342170252B00D1BAE052463978B5
:1071C000B3695B5C1A424BD1336830001B69984746
:1071D00004004046EDF7BAFF3368C1B21B693000C6
:1071E0009847844232D0336839789B68300098479A
:1071F00004004046EDF7AAFF3368C1B29B68300037
:107200009847844222D00422189B134318930135D7
:1072100040463CA9FBF7D8FA0028ADD00B9F3F9E13
:10722000189B002B02D1099B9D4203D00422336896
:10723000134333603B00424603CA03C3380033B0F4
:10724000F0BCBB46B246A946A046F0BD434618680E
:10725000F8F7D8F80122434652425A600135D7E781
:107260003D9B9B4643465B68994643461C68002C01
:1072700001D000F05FFD4B465F1C7B425F41FFB2D7
:107280003C9800283FD05A46002301324CD0BB42E4
:10729000BDD043461C68002C02D04B46013338D089
:1072A0004A46FF231340B269D35C52461A42AED01D
:1072B00043461C68A368E26893424FD2013301221F
:1072C000A360434652425A60A268E3689A4251D290
:1072D0003C98002813D05B46013398D18268C3687C
:1072E0009A4294D301235B420027994603685B6A64
:1072F000984700230130CAD13C930133C7E70123EB
:107300005B42002799465B4601335A425341DBB248
:10731000BDE7A368E268934263D21A78B1698A5CD8
:107320001207CBD4013573E78168C2689142AED3AE
:10733000DCE7419B6F1CD95D00223000F8F70EFCA2
:1073400000231993452834D04F2832D02538C0B2B5
:10735000542839D82E4B80001B589F4623682000A4
:107360009B6A9847012342465B425360A268E368E8
:107370009A42ADD3236820005B6A98470300814698
:107380000133A5D1002342463C981360002801D167
:1073900000F085FC5B46013382D1C2688368012717
:1073A0009A4200D97CE7A1E700223000984701000B
:1073B000FAE6419BAF1C00223000D95DF8F7CEFB06
:1073C0002538C0B25428C5D90422189B13431893FA
:1073D0003D0001351CE70B9F3F9E22E70B9F3F9E20
:1073E00024E7236820005B6A984703008146013345
:1073F00000D055E700234246136051E7543C00207B
:1074000014C804104C9A04100C3D0020ED06011025
:1074100094C504100D9C1AAD20002900F9F7B2F9AB
:10742000200026A9F9F7CEF918AB06933E9B0395E9
:1074300005931823049319AB02936B463CAA03CA25
:1074400003C3434614AC0CCB20000C99FEF772FF2B
:10745000434606CC06C3189B002BB9D10C211998C2
:10746000DAF7F2FF409B3D001961429B1A88DA4B24
:107470001A408123DB001343429A1380A9E70D9B36
:107480009B681A6C986B13925A6CD96B12929A6C17
:107490005C6B9446DA6C1D6B93461A6D11925A6DB3
:1074A00010929A6D0F92DA6D0E921A6EDB6A914607
:1074B0001A93139B129A1F93634621935B461D9068
:1074C0001E911C9420921B9522934B46279318AB38
:1074D00006933E9B119A05930E2304931AAB0393D4
:1074E00019AB02936B462392109A14AC24920F9A14
:1074F00025920E9A26923CAA03CA03C34346200053
:107500000CCB0C99FEF716FF434606CC06C3189B1E
:10751000002B00D05CE707211998DAF795FF409B14
:1075200099610222429B3D001B781343429A1370DB
:107530004FE74046EDF70AFEFF23B2690340D35CF4
:107540001B0700D5A2E318AB07933E9B3CAA06930A
:10755000022305931D3304931E3B039319AB02933F
:107560006B4603CA03C3434614AC0CCB20000C99F2
:10757000F9F74EF9434606CC06C3189B002B00D002
:1075800026E7199B409A3D00D360429B1A88934B93
:107590001A408223DB001343429A138019E7012328
:1075A0005B42FF25082499460FE04046EDF7CEFDEB
:1075B000B36928401B5C1C4200D109E743461868A8
:1075C000F7F720FF43464A465A6040463CA9FBF77E
:1075D000FBF80028E9D03D00FBE618AB07933E9B83
:1075E0003CAA0693022305930A3304930B3B0393AF
:1075F00019AB02936B4603CA03C3434614AC0CCBCE
:1076000020000C99F9F704F9434606CC06C3189BF1
:10761000002B00D0DCE619980C21DAF715FF0122C7
:10762000409B3D009960429B1B781343429A137024
:10763000CFE618AB07933E9B3CAA06930223059323
:10764000153304930023039319AB02936B4603CACB
:1076500003C3434614AC0CCB20000C99F9F7D8F8BF
:10766000434606CC06C3189B002B00D0B0E6199BFE
:10767000409A3D0093600122429B1B789343429ABB
:107680001370A6E6564A1AAD11002B0030000939D6
:10769000F7F7D8FE429B14AC06930595409B3CAA95
:1076A000049318AB03933E9B02936B4603CA03C338
:1076B000434620000CCB0C99FFF714FD434606CC43
:1076C00006C3189B002B00D082E60422429B3D009B
:1076D0005B781343429A53707BE64046EDF736FDE4
:1076E000FF23B2690340D35CDB0700D46CE618AB20
:1076F00006933E9B1AAC05930E230493394B0294D8
:1077000003936B463CAA03CA03C3434614AD280047
:107710000CCB0C99FEF70EFE43462A0003CA03C3A6
:1077200040463CA9FBF750F8002800D050E6189BD3
:107730001A9A134300D04BE64046EDF707FDC3B25B
:107740009B46337F002B00D1FCE24A23F05C83454B
:107750000DD04046EDF7FAFCC3B29B46337F002BB9
:1077600000D1F4E24823F05C834500D030E618AB4A
:1077700007933E9B02940693022305939B46153381
:1077800004930023039399466B463CAA03CA03C3A0
:10779000434628000CCB0C99F9F73AF82A004346E7
:1077A00003CA03C318AB07933E9B029406935B4640
:1077B0000593393304934B4603936B463CAA03CAA3
:1077C00003C3434628000CCB0C99F9F721F8434634
:1077D00003CD03C33D00FCE5F7FBFFFFEFFBFFFF1D
:1077E000DD8004105C1F002018AB07933E9B3CAA71
:1077F000069304230593D44B14AC04930023039302
:1078000019AB02936B4603CA03C3434620000CCB5B
:107810000C99F8F7FDFF434606CC06C3189B002BD6
:1078200000D0D5E5C94A199B9446409A63445361F8
:107830000622429B3D005B78934304221343429A05
:107840005370C6E5429B14AC06930D9B9B681B6965
:107850000593409B3CAA049318AB03933E9B3D00C9
:1078600002936B4603CA03C3434620000CCB0C991A
:10787000FFF738FC434606CC06C3AAE518AB0793CE
:107880003E9B3CAA069302230593333304930023C3
:10789000039319AB02936B4603CA03C3434614AC6C
:1078A0000CCB20000C99F8F7B3FF434606CC06C377
:1078B000189B002B00D08BE5FC22199B92031B0424
:1078C000134040221343429AA14912683D000A40E6
:1078D0001343429A13607CE518AB07933E9B3CAA86
:1078E000069302230593333304930023039319ABC8
:1078F00002936B4603CA03C3434614AC0CCB20006F
:107900000C99F8F785FF434606CC06C3189B002B5D
:1079100000D05DE5FC22199B92031B04134020223A
:107920001343429A8B4912683D000A401343429A1E
:1079300013604EE54046EDF709FC337FC4B2002BDF
:1079400000D19EE14223F05C844200D03CE54346F6
:107950001868F7F757FD012342465B423D0053602C
:1079600037E5429B14AC06930D9B9B689B6905937E
:1079700094E618AB07933E9B3CAA0693022305931B
:107980003B3304930023039319AB02936B4603CA62
:1079900003C3434614AC0CCB20000C99F8F738FF16
:1079A000434606CC06C3189B002B00D010E5199B5C
:1079B000409A3D0013600CE5674A1AAD911F2B00F9
:1079C0003000F7F73FFD429B14AC0693059540E766
:1079D00018AB07933E9B3CAA0693012305930533FE
:1079E00004930023039319AB02936B4603CA03C3AA
:1079F000434614AC0CCB20000C99F8F709FF434622
:107A000006CC06C3189B002B00D0E1E4199B409ADA
:107A1000936186E5429B14AC06930D9B9B689B6A21
:107A2000059316E70D9B9A68136A1A93526A1B9284
:107A30001B78002B00D1CBE41378002B00D1C7E4D6
:107A400018AB06933E9B3CAA0593022304931AAB02
:107A5000039319AB02936B4603CA03C3434614ACAA
:107A60000CCB20000C99FEF765FC434606CC06C300
:107A7000189B002B00D0ABE4199B002B00D1A7E48E
:107A80000122429B3D005B781343429A5370A0E46D
:107A9000429B14AC06930D9B9B689B680593D8E6AC
:107AA00018AB07933E9B3CAA0693022305936133D0
:107AB00004930023039319AB02936B4603CA03C3D9
:107AC000434614AC0CCB20000C99F8F7A1FE4346BA
:107AD00006CC06C3189B002B00D079E4199B429A70
:107AE0003D00536012881D4B1A409023DB00134366
:107AF000429A13806DE418AB07933E9B3CAA069311
:107B000002230593393304930023039319AB0293A3
:107B10006B4603CA03C3434614AC0CCB20000C993C
:107B2000F8F776FE434606CC06C3189B002B00D020
:107B30004EE4199B409A3D0053604AE4084A1AAD4E
:107B4000110009393BE7C0460F27000094F8FFFFFA
:107B5000BFFFC0FFDFFFC0FFE68004107FFBFFFF19
:107B6000F180041018AB07933E9B3CAA06930323B5
:107B700005936C33FF3304936E3BFF3B039319ABC8
:107B800002936B4603CA03C3434614AC0CCB2000DC
:107B90000C99F8F73DFE434606CC06C3189B002B14
:107BA00001D0FFF715FC199B409A013BD3610422D9
:107BB000429B3D001B781343429A1370FFF709FC68
:107BC00018AB07933E9B3CAA0693022305936133AF
:107BD00004930023039319AB02936B4603CA03C3B8
:107BE000434614AC0CCB20000C99F8F711FE434629
:107BF00006CC06C3189B002B01D0FFF7E9FB062239
:107C0000429B40465B783CA993431343429A53708E
:107C1000FAF7DAFD002845D0199B442B00DC6433C9
:107C2000409A3D005361FFF7D4FB18AB07933E9B8E
:107C30003CAA0693022305930A3304930B3B039358
:107C400019AB02936B4603CA03C3434614AC0CCB77
:107C500020000C99F8F7DCFD434606CC06C3189BC0
:107C6000002B01D0FFF7B4FB199B409A013B136135
:107C70000822429B3D001B781343429A1370FFF782
:107C8000A8FB25213000F7F7C9FB5DE643461868DD
:107C9000F7F7B8FB012342465B42536053E40127E8
:107CA000FFF731FB4046EDF751FA2A22C1B230000E
:107CB000F7F754FF3038C3B20400092BACD8434661
:107CC00001251868F7F79EFB4346199A6D425D60DF
:107CD00093009B185B001B1940463CA91993FAF7C7
:107CE00073FD00280CD0199B02211B4A9446429A2E
:107CF000634452788A4342994A7091E7F6F790FFBD
:107D00004046EDF723FA2A22C1B23000F7F726FFEA
:107D10003038C2B20400199B092AE5D843461868D6
:107D2000F7F770FB43460A225D60199B53431B190A
:107D30001993D9E74B460027013301D0FFF7A0FA8A
:107D4000FFF7C2FA2D213000F7F768FBFFE42B2183
:107D50003000F7F763FB07E594F8FFFFF0B5DE4668
:107D6000474680B591B0050040480A920B9388467B
:107D7000E2F76EFD1A9B0AACDB6E5A689B6898426C
:107D800000D371E08000805800286DD00023384A6D
:107D900038490DF00FF8002866D083680DAE1B69D6
:107DA00000219B460C223000DBF792F85B460593DE
:107DB0001C9B069604931B9B18AA03931A9B08AF5F
:107DC00002936B4603CA03C3414638000A9A6368AC
:107DD000FFF788F9230003CF03C30A9F30001C99E3
:107DE0000EF076FF6668002F20D0013623D00026E3
:107DF0001898199B002814D00022013328D0B242D1
:107E000005D102221B9B1B6813431B9A13602B0096
:107E100028000A9706CC06C311B0C0BCBB46B046CA
:107E2000F0BD01335A425341DAB2E8E701367342FA
:107E30005E41F6B2DCE7BA68FB689A42D7D33B688A
:107E400038005B6A98470130D1D101260027CFE77F
:107E50008168C3689942D2D303685B6A984701304E
:107E600043425841C2B2CAE7F6F7DAFE543C00205A
:107E700014C804104C9A0410F0B5DE46474680B58D
:107E800091B0050040480A920B938846E2F7E0FC67
:107E90001A9B0AACDB6E5A689B68984200D371E06B
:107EA0008000805800286DD00023384A38490CF0F3
:107EB00081FF002866D083680DAE9B6800219B4639
:107EC0000C223000DBF704F85B4605931C9B0696FA
:107ED00004931B9B18AA03931A9B08AF02936B464B
:107EE00003CA03C3414638000A9A6368FFF7FAF8E9
:107EF000230003CF03C30A9F30001C990EF0E8FE55
:107F00006668002F20D0013623D000261898199BD0
:107F1000002814D00022013328D0B24205D1022219
:107F20001B9B1B6813431B9A13602B0028000A97A6
:107F300006CC06C311B0C0BCBB46B046F0BD013391
:107F40005A425341DAB2E8E7013673425E41F6B273
:107F5000DCE7BA68FB689A42D7D33B6838005B6AB3
:107F600098470130D1D101260027CFE78168C36847
:107F70009942D2D303685B6A984701304342584123
:107F8000C2B2CAE7F6F74CFE543C002014C80410F5
:107F90004C9A0410F0B5DE46454657464E46E0B5CD
:107FA00095B00990C7480F930E92E2F751FC209BC1
:107FB0008000DB6E0EAC5B68C3589846002B01D185
:107FC00000F01EFCC048E2F743FC209B0600DA6E7E
:107FD0008300D568ED182F68002F00D133E33823D4
:107FE0009C46BC44634606933B6A002B03D0BB6AA5
:107FF0005A1E9341DBB2B54D0D9311953B7C002B7E
:1080000000D049E2202112A81295E7F71DFF39237D
:108010009C46BC44634602937B6B0026139300236B
:108020009B4603930B9307930C93A94B0893A94B7F
:108030000A93A94B05931C215A460CAB5B189B5C19
:10804000042B00D9EBE3089A9B00D3589F463B6A68
:10805000002B00D0AEE2BB6A002B00D017E3012357
:108060000D9A5A400492B1E1209BDB689B0500D534
:1080700023E2079B012B00D91FE25B46002B00D1B6
:108080001BE2012B00D16FE3022B00D17DE3129B99
:108090000C3B1B68012B00D9A0E20C9B002B00D0ED
:1080A000B4E2119B0C3B1B68002B17D0039B002BE9
:1080B00000D13EE36B462C229B18197811A8E7F7F4
:1080C000CBFFF968B86811AA0EF0FAFD002805D1B7
:1080D0000422219B1B681343219A1360039B002BEE
:1080E00002D0FB6AB3425BD1229812A9E7F7DAFC0F
:1080F0005CE020001EA9FAF767FB002800D145E2EA
:10810000002304935B46032B00D186E16368256856
:108110009A46002D00D10BE20023994653460133C5
:1081200023D01E981F9B00282DD00022013300D1A0
:1081300004E291452DD02568002D03D0534601332C
:1081400000D10DE25246FF23134042469269D35CB0
:108150001B071ED52568AB68EA68934200D30CE282
:108160000133AB6001235B426360AA68EB689A420B
:1081700000D3C0E201235B429A4600231E98994631
:108180001F9B0028D1D101335A425341DAB29145A5
:10819000D1D101239C46049BE344002B00D04AE745
:1081A0000422219B1B681343219A136020001EA9FF
:1081B000FAF70AFB002800D073E1099B12A806CC4D
:1081C00006C3F7F78FF9119B434A18000C38904209
:1081D00000D085E2099815B0F0BCBB46B246A9466E
:1081E000A046F0BD636825689946002D00D0B4E232
:1081F00001335A425341DBB29A461E981F9B002816
:1082000051D00022013300D1BBE0524551D020684B
:10821000002800D198E04B46013300D1C3E04B4623
:10822000FF21DDB219400A22029810F0D5F800288B
:1082300056D0069BC01A274B1B681B5C9A46129BA4
:108240001A000C3A116889464D1C51688D4203D8BA
:108250009268002A00DC92E0290012A8E7F7F4FDFA
:10826000129B1A000C3A126851469954129B059AB7
:108270000C3B934220D101362568AB68EA689342F3
:1082800047D20133AB6001235B426360AA68EB68AD
:108290009A4249D201235B42994600231E989A468E
:1082A0001F9B0028ADD101335A425341DAB25245E7
:1082B000ADD10123049380E000221D609A604B44FD
:1082C0005A73D8E70C3D0020483C0020403C002079
:1082D000E8C60410201F0020343C00204B46DDB2CD
:1082E0007B7CAB4240D03B7C002BE2D0BB7CAB42E2
:1082F000DFD1039B002B5ED1002E00D116E2F1B23C
:1083000011A8E7F7A9FE25680026AB68EA68934242
:10831000B7D32B6828009B6A984701235B426360B0
:10832000AA68EB689A42B5D32B6828005B6A984725
:10833000431C5A425341DBB29A46013000D159E204
:1083400001235B42994658E7FF214B460A220298D7
:10835000194010F041F80028C0D0069BC01A0A9BB3
:108360001B681B5C9A466AE7039B002B23D1FB6AC0
:10837000002B9EDD01230B96039300267CE74A46E3
:1083800072E78168C368994200D23EE703685B6A7E
:108390009847421C53425A41D2B2013000D034E7D0
:1083A00000231E9331E78368C268934200D37EE1C5
:1083B0001D78290037E7039B0493129B0C3B1B6835
:1083C0005A1E9341049A5B421A40049201239C4630
:1083D000E3445B46042B20D0049B002B00D02AE60C
:1083E000DEE62000ECF7B2FE7B6AC0B21B78834267
:1083F00000D053E1BB6A20680793F7F703F8012325
:108400005B42636002330C9301239C46E3445B466A
:10841000042B00D00FE663460493079B012B47D93A
:10842000049B002B00D1BBE60C9B002B00D0D2E0BC
:10843000FB69984601235B420125994610E04246BC
:10844000525DDBB29A4200D0AAE620688368C26817
:10845000934200D3F3E0013383604B460135636000
:1084600020001EA9FAF7B0F9079B002800D033E1DD
:108470009D4200D10BE6206863680028DFD05A1CBB
:10848000DDD18368C268934200D3A9E142461978DE
:10849000525D9142DFD083E6202111A8E7F7D4FC9A
:1084A000B0E50222219B1B681343219A136084E6E6
:1084B000049B002B00D173E6E9E5BB6900259946D2
:1084C00001235B429A460EE07A69DBB2525D9A4222
:1084D00022D120688368C268934253D201338360FB
:1084E00053460135636020001EA9FAF76DF9002894
:1084F00000D0E8E04D4587D0206863680028E3D0CD
:108500005A1CE1D18368C268934200D35EE17A6964
:108510001978525D9142E1D000230493002D00D0E0
:1085200054E70122209BDB685B0A9A4304924DE7E3
:1085300001335A425341DBB29946F2E58168C36880
:10854000994200D2F5E503685B6A9847421C5342A2
:108550005A41D2B2013000D0EBE500231E93E8E58A
:10856000AB68EA68934200D3D4E041461A7889693F
:108570008A5C120700D5F3E50BE62B6828009B6A9E
:108580009847EFE503689B6A9847A9E72000ECF756
:10859000DDFD4246FF2392690340D35C1B0700D4F4
:1085A000AEE52068F6F72EFF01235B4263600123EE
:1085B0000493A7E520001EA9FAF706F9002800D1C8
:1085C000B9E0BB6A002B62D13B6A002B00D146E5C3
:1085D00001230C9318E77B6A98462BE70022302191
:1085E00012A8E7F773FA002800D156E5129B0C3B5E
:1085F0001B68421C00D1581E0200984200D9E3E0DB
:108600000023002112A8E7F7CBFA46E5129B1A00D7
:108610000C3A9268002A00DBC5E01B78302B00D1B1
:108620003FE52D230022009300212C3B12A8E7F701
:1086300051FB0122129B52420C3B9A6031E50368C8
:108640009B6A984709E74420DAF74EFC7B4B0022EF
:1086500003600023209943608360C3600382436109
:108660008361C361036243628362C36203634363E2
:10867000433382746C31C2540700F7F783FC209BAC
:1086800039003200D86EE2F761F82F68A7E42000C5
:108690001EA9FAF799F8002800D1A2E63B6A002B40
:1086A00000D1DCE4BB6A002B00D0D8E490E703687B
:1086B0005B6A9847FF21C5B20140013000D0B2E5A6
:1086C00000232360AFE54D4500D19DE600230493D0
:1086D000002D00D07AE624E79D4200D060E5D6E484
:1086E000043B1A68511E1960002A00DD72E510A9CA
:1086F000E7F752FA6EE52B6828005B6A9847431C3F
:108700005A425341DBB29946013076D001235B4295
:108710009A4606E52B6828005B6A98470300824664
:10872000013300D00EE5002323600BE50023049302
:1087300043E6F1B2C2E42000ECF708FDFB69C0B2E9
:108740001B78834200D03CE73B6A20680793F6F72A
:1087500059FE01235B42636056E600239A464B466E
:10876000013300D049E591E50D9B002B00D0A4E634
:108770000CAB1B7F032B00D19FE60CAB9B7F012B27
:1087800000D19AE602239B4655E40CABDB7F042B19
:1087900000D192E60D9A002A02D0032B00D18CE67C
:1087A00003239B4647E412A8E7F77EFA129B1A7848
:1087B000302A00D175E40C3B9B68002B00DA30E7CF
:1087C00012A8E7F771FA2CE71A0019E703685B6A49
:1087D00098470300421C00D076E60022226073E630
:1087E00003685B6A98470300421C00D027E600221A
:1087F000226024E600232360A2E50023236085E7AE
:10880000F6F70EFA11A8F6F76DFE0CF04BFC0CF023
:10881000D3FD3B6838005B6898470DF03BFA0123B5
:108820000493D3E50CF0C8FDF7E712A8F6F75AFE5B
:10883000E8E70CF0FBFD0CF035FCC04658A2041034
:10884000F0B5DE4657464E464546E0B595B0099030
:10885000C8480F930E92E1F7FBFF209B8000DB6E70
:108860000EAC5B68C3589B46002B01D100F035FC71
:10887000C148E1F7EDFF209B0600DA6E8300D56862
:10888000ED182F68002F00D155E338239C46BC44D7
:10889000634605933B6A002B03D0BB6A5A1E934183
:1088A000DBB2B64D0D9311953B7C002B00D073E2EB
:1088B000202112A81295E7F7C7FA39239C46BC4439
:1088C000634602937B6B0026139300239846039321
:1088D0000B9306930C93AA4B0893AA4B0A93AA4BAB
:1088E00007931C2142460CAB5B189B5C042B01D9FF
:1088F00000F001FC089A9B00D3589F463B6A002B6E
:1089000000D0D0E2BB6A002B00D038E301230D9ADF
:108910005A400492DAE1209BDB689B0500D545E2D2
:10892000069B012B00D941E24346002B00D13DE2DA
:10893000012B00D185E3022B00D193E3129B0C3B6A
:108940001B68012B00D9C2E20C9B002B00D0D5E2A2
:10895000119B0C3B1B68002B17D0039B002B00D1F5
:1089600054E36B462C229B18197811A8E7F774FB87
:10897000F968B86811AA0EF0A3F9002805D10422FD
:10898000219B1B681343219A1360039B002B02D089
:10899000FB6AB3425BD1229812A9E7F783F85CE047
:1089A00020001EA9F9F710FF002800D167E200237C
:1089B00004934346032B00D1AFE1636825689A46D0
:1089C000002D00D12DE2002399465346013323D0D8
:1089D0001E981F9B00282DD00022013300D126E2D3
:1089E0004A452DD02568002D03D05346013300D1D0
:1089F0002FE25246FF2313405A469269D35C1B076D
:108A00001ED52568AB68EA68934200D32EE2013395
:108A1000AB6001235B426360AA68EB689A4200D3B3
:108A2000D6E201235B429A4600231E9899461F9B7B
:108A30000028D1D101335A425341DAB24A45D1D14B
:108A400001239C46049BE044002B00D049E704220C
:108A5000219B1B681343219A136020001EA9F9F77C
:108A6000B3FE002805D00222219B1B681343219AE4
:108A70001360099B12A806CC06C3F6F733FD11A8B4
:108A8000F6F730FD099815B0F0BCBB46B246A946D2
:108A9000A046F0BD636825689946002D00D0C9E264
:108AA00001335A425341DBB29A461E981F9B00285D
:108AB00051D00022013300D1D4E0924551D020683A
:108AC000002800D1B1E04B46013300D1DCE04B4639
:108AD000FF21DDB219400A2202980FF07DFC002828
:108AE00056D0059BC01A274B1B681B5C9A46129BED
:108AF0001A000C3A116889464D1C51688D4203D802
:108B00009268002A00DCABE0290012A8E7F79CF984
:108B1000129B1A000C3A126851469954129B1A4A39
:108B20000C3B934220D101362568AB68EA6893423A
:108B300060D20133AB6001235B426360AA68EB68DB
:108B40009A4262D201235B42994600231E989A46BC
:108B50001F9B0028ADD101335A425341DAB29245EE
:108B6000ADD101230493A8E000221D609A604B441C
:108B70005A73D8E70C3D0020443C0020403C0020C4
:108B8000FCC60410201F0020343C00204B46DDB200
:108B90007B7CAB4259D03B7C002BE2D0BB7CAB4210
:108BA000DFD1039B002B00D085E0002E00D12AE20C
:108BB000F3B29946119B1A000C3A16685168751C5D
:108BC0008D4202D89268002A66DD290011A8E7F7D5
:108BD0003BF9119B49461A000C3A12689954119BB3
:108BE000079A0C3B93425FD100262568AB68EA6880
:108BF00093429ED32B6828009B6A984701235B42CF
:108C00006360AA68EB689A429CD32B6828005B6A71
:108C10009847431C5A425341DBB29A46013000D177
:108C200055E201235B4299463FE7FF214B460A226A
:108C3000029819400FF0D0FB0028A7D0059BC01A5E
:108C40000A9B1B681B5C9A4651E7039B002B32D1A1
:108C5000FB6A002B85DD01230B960393002663E757
:108C60004A4659E78168C368994200D225E70368FC
:108C70005B6A9847421C53425A41D2B2013000D03D
:108C80001BE700231E9318E78368C268934200D352
:108C900085E11D7829001EE7320049469954119B51
:108CA000079A0C3B93429FD000221D609A609B194B
:108CB0005A73002699E7039B0493129B0C3B1B6895
:108CC0005A1E9341049A5B421A40049201239C4627
:108CD000E0444346042B20D0049B002B00D000E648
:108CE000B5E62000ECF732FA7B6AC0B21B7883420B
:108CF00000D04BE1BB6A20680693F6F783FB0123A3
:108D00005B42636002330C9301239C46E04443467C
:108D1000042B00D0E5E563460493069B012B40D964
:108D2000049B002B00D192E60C9B002B00D0CBE0E3
:108D3000FB69984601235B420125994610E04246B3
:108D4000525DDBB29A4200D081E620688368C26837
:108D5000934200D3EBE0013383604B4601356360FF
:108D600020001EA9F9F730FD069B002800D02BE15A
:108D70009D4200D1E2E5206863680028DFD05A1CDC
:108D8000DDD18368C268934200D396E142461978E8
:108D9000525D9142DFD05AE6202111A8E7F754F83E
:108DA00086E5049B002B00D151E6C7E5BB69002591
:108DB000994601235B429A460EE07A69DBB2525D26
:108DC0009A4222D120688368C268934253D2013309
:108DD000836053460135636020001EA9F9F7F4FC57
:108DE000002800D0E7E04D458ED020686368002859
:108DF000E3D05A1CE1D18368C268934200D352E1A8
:108E00007A691978525D9142E1D000230493002DD4
:108E100000D05BE70122209BDB685B0A9A43049247
:108E200054E701335A425341DBB29946D0E5816899
:108E3000C368994200D2D3E503685B6A9847421C35
:108E400053425A41D2B2013000D0C9E500231E93EB
:108E5000C6E5AB68EA68934200D3C8E059461A7881
:108E600089698A5C120700D5D1E5E9E52B682800FD
:108E70009B6A9847CDE503689B6A9847A9E720005D
:108E8000ECF764F95A46FF2392690340D35C1B0751
:108E900000D48CE52068F6F7B5FA01235B426360E5
:108EA0000123049385E520001EA9F9F78DFC002815
:108EB00000D1ADE0BB6A002B61D13B6A002B00D131
:108EC00024E501230C931FE77B6A984632E70022D2
:108ED000302112A8E6F7FAFD002800D134E5129BF4
:108EE0000C3B1A68431C00D1501E824200D9D8E0C6
:108EF0000023002112A8E6F753FE25E5129B1A0075
:108F00000C3A9268002A00DBBAE01B78302B00D1C3
:108F10001EE52D230022009300212C3B12A8E6F72A
:108F2000D9FE0122129B52420C3B9A6010E5036865
:108F30009B6A984711E74420D9F7D6FF754B00226A
:108F400003600023209943608360C3600382436110
:108F50008361C361036243628362C36203634363E9
:108F6000433382746C31C2540700F6F715FE209B20
:108F700039003200D86EE1F7E9FB2F6885E4200064
:108F80001EA9F9F721FC002800D1AAE63B6A002BB4
:108F900000D1BBE4BB6A002B00D0B7E491E70368C3
:108FA0005B6A9847FF21C5B20140013000D092E5CD
:108FB000002323608FE54D4500D1A5E600230493EF
:108FC000002D00D082E625E79D4200D03FE5B5E4C4
:108FD0002B6828005B6A9847431C5A425341DBB216
:108FE0009946013076D001235B429A46F0E42B6823
:108FF00028005B6A984703008246013300D0F8E4FA
:1090000000232360F5E40023049356E6F1B2ACE4B8
:109010002000ECF79BF8FB69C0B21B78834200D0BC
:1090200048E73B6A20680693F6F7ECF901235B42B8
:10903000636069E600239A464B46013300D034E56D
:109040007CE50D9B002B00D0B0E60CAB1B7F032B07
:1090500000D1ABE60CAB9B7F012B00D1A6E602232F
:1090600098463EE40CABDB7F042B00D19EE60D9AC4
:10907000002A02D0032B00D198E60323984630E45F
:1090800012A8E6F711FE129B1A78302A00D15FE48D
:109090000C3B9B68002B00DA3BE712A8E6F704FEC6
:1090A00037E7020024E703685B6A98470300421C25
:1090B00000D082E6002222607FE603685B6A984760
:1090C0000300421C00D03AE60022226037E600236B
:1090D0002360A6E50023236085E7F5F7A1FD0CF0EA
:1090E0006BF93B6838005B6898470CF0D3FD0CE0E7
:1090F0000CF062F9F9E701230493E7E50CF096F927
:109100000BF0D0FF12A8F6F7EDF911A8F6F7EAF97F
:109110000BF0C8FF68A20410F0B5C64600B58CB0CD
:109120000692079309AA14AB90461B78284A06AC0E
:10913000050009920AAE002B2AD043460493169BE1
:1091400012AA0393159B02936B4681CA81C3300018
:10915000069A6368FEF71EFF2300320003CA03C3AA
:10916000099FE1F7A5F8169A330017990A9038007D
:109170000DF07AFA2B0006CC06C3099B154A18009D
:109180000C38904214D128000CB080BCB846F0BD19
:1091900043460493169B12AA0393159B02936B46B6
:1091A00081CA81C33000069A6368FFF749FBD3E7A1
:1091B000043B1A68511E1960002AE4DC3100E6F70E
:1091C000EBFCE0E74046F6F78DF90BF06BFFC0468D
:1091D000403C0020343C0020F0B54E464546DE467B
:1091E0005746E0B58DB00793050018AB4D481E7883
:1091F000199F89460692E1F72BFBFB6E80005B68A6
:1092000006ACC3589846002B00D183E0464B099327
:10921000002E4FD109AB04931A9B029703936B4620
:1092200016AA03CA03C30AAE49463000069A636809
:10923000FFF706FB2300320003CA03C3099B180093
:109240000C380768002F27D0002239001B98E6F75A
:10925000E7FE099BBB4699461B9BCB441B689A467D
:109260000C3B9B68002B36DA43461B7F012B09D051
:10927000002B37D043461B68DB691A009C462B4BFA
:109280009A4233D1CB4537D03A0049465046D9F7B8
:1092900025FE099B18000C382A0082CC82C2244A81
:1092A00090422DD128000DB0F0BCBB46B246A94675
:1092B000A046F0BD09AB04931A9B029703936B463B
:1092C00016AA03CA03C30AAE49463000069A636869
:1092D000FEF760FEAEE71B98E6F7E6FC1B9B1B68FB
:1092E0009A46C1E74046E7F76FFAC3E753465A4646
:1092F000494640466746B847099B18000C38CBE7FB
:10930000043B1A68511E1960002ACBDC3100E6F7D5
:1093100043FCC7E7F5F784FC09A8F6F7E3F80BF080
:10932000C1FEC0460C3D0020403C00205507011006
:10933000343C00200122244B1968114200D11A60EC
:109340000122224B1968114200D11A600122204BE0
:109350001968114200D11A6001221E4B196811428E
:1093600000D11A6001221C4B1968114200D11A6009
:1093700001221A4B1968114200D11A600122184BC0
:109380001968114200D11A600122164B1968114266
:1093900000D11A600122144B1968114200D11A60E1
:1093A0000122124B1968114200D11A600122104BA0
:1093B0001968114200D11A6001220E4B196811423E
:1093C00000D11A607047C046042F00200C2F0020E7
:1093D000342F00203C2F0020A42E0020A82E002097
:1093E0001C2F0020B42E00202C2F0020242F002022
:1093F000142F0020FC2E002010B50400044B036045
:10940000044B04300360F5F799FD200010BDC04601
:1094100014CD041074C40410036810B50C3B1C6810
:10942000044B04192360044B201D6360F5F786FD8F
:10943000200010BD14CD041074C4041010B5040035
:10944000054B0360054B04300360F5F777FD200002
:10945000D9F752FD200010BD14CD041074C40410BF
:10946000036810B50C3B1C68064B04192360064BBF
:10947000201D6360F5F762FD2000D9F73DFD200057
:1094800010BDC04614CD041074C4041010B50400FF
:10949000044B0360044B04300360F5F74FFD2000DC
:1094A00010BDC04644CD041084C40410036810B538
:1094B0000C3B1C68044B04192360044B201D6360A3
:1094C000F5F73CFD200010BD44CD041084C4041009
:1094D00010B50400054B0360054B04300360F5F73D
:1094E0002DFD2000D9F708FD200010BD44CD04104B
:1094F00084C40410036810B50C3B1C68064B0419A7
:109500002360064B201D6360F5F718FD2000D9F796
:10951000F3FC200010BDC04644CD041084C40410E8
:10952000436870B51A6805000C3A14681C19E368A2
:109530009B040BD50BF0C2FF002807D1A06F0028B9
:1095400004D003689B699847013001D0280070BDA2
:109550000121686803680C3B1B68C0184369194304
:10956000F5F704FCF2E7C046036830B50C3B1B6816
:109570000400C3189B6F83B0002B25D00100684600
:1095800000F060F86B461B78002B09D023680C3B79
:109590001B68E318986F03689B699847013016D0E1
:1095A000019B1A680C3A15685D19EB689B040BD592
:1095B0000BF084FF002807D1A86F002804D00368AF
:1095C0009B69984701300CD0200003B030BD0121C9
:1095D00023680C3B1868201843691943F5F7C6FB4C
:1095E000DEE70121019803680C3B1B68C018436942
:1095F0001943F5F7BBFBE7E70D0001290FD10BF08D
:10960000DBFE236829000C3B18682018F5F7C0FB27
:109610000CF040FB6846FFF783FF0BF043FD0BF0B7
:10962000CBFE236801210C3B18682018F5F7B0FB2E
:109630000BF0FCFEB4E70BF0F9FEEBE70BF0F6FEE7
:10964000E8E7C046002370B503700B6841600C3B2F
:109650001B680400CB18186F0D00596900280BD047
:10966000002903D0CA070DD4200070BDFFF77CFF8E
:109670002B680C3B1B68EB1859690029F2D10123B8
:109680002370F1E7042218001143F5F76FFBEBE7B5
:1096900030B583B004000D0001006846FFF7D2FF2B
:1096A0006B461B78002B0CD023680C3B1B68E3181F
:1096B000986F4369826993421AD21D7043690133DE
:1096C0004361019B1A680C3A15685D19EB689B04AD
:1096D0000BD50BF0F3FE002807D1A86F002804D0AB
:1096E00003689B699847013012D0200003B030BD59
:1096F000036829005B6B98470130E2D101212368A0
:109700000C3B1868201843691943F5F72FFBD8E77D
:109710000121019803680C3B1B68C0184369194379
:10972000F5F724FBE1E76846FFF7FAFE0BF0BAFC19
:109730000D0001290AD10BF03FFE236829000C3BE4
:1097400018682018F5F724FB0CF0A4FA0BF034FE8F
:10975000236801210C3B18682018F5F719FB0BF062
:1097600065FEAEE70BF062FEDDE70BF05FFEDAE7C9
:10977000F0B54546DE4657464E46E0B585B0040096
:109780008846010002A81500FFF75CFF02AB1B78BA
:10979000002B42D023680C3B1F68E3199A681F0016
:1097A0009346954256DAB022D96811408A4620295C
:1097B0006AD05B465E1B7523FB5C002B00D1ACE0DE
:1097C0007423FB5C99460BE04A461A7043690133E7
:1097D00043612368013E0C3B1F68002E53D0E719FC
:1097E000B86F436982699342EED3036849465B6B65
:1097F00098470130EDD1012123680C3B18682018EF
:1098000043691943F5F7B2FA23680C3B1B68E31868
:109810005A69002A3BD000229A60039B1A680C3ACE
:1098200015685D19EB689B040CD50BF047FE00280A
:1098300008D1A86F002805D003689B6998470130BC
:1098400000D180E0200005B0F0BCBB46B246A9467E
:10985000A046F0BD986F2A00036841461B6B9847ED
:1098600023680C3B1B68E3188542D4D001215A6958
:1098700018001143F5F77AFA002223680C3B1B68A5
:10988000E3189A60C9E7E3195A69002AC3D1986FAF
:109890002A00036841461B6B984723681A000C3A5C
:1098A0001268854206D00121A01843691943F5F7D3
:1098B0005DFA236852460C3B1E68A6193300202A25
:1098C000A9D17269002AA6D15B465D1B7523F35CA2
:1098D000002B54D07423F75C0AE01F7043690133F6
:1098E00043612368013D0C3B1E68002D5BD0A61927
:1098F000B06F436982699342EFD3036839005B6BB1
:1099000098470130EDD1012123680C3B18682018DD
:1099100043691943F5F72AFAAEE7FB6F0193002B71
:1099200054D0019A137F002B18D03D23D35C994665
:1099300074234A46FA5401220133FA5423680C3B3B
:109940001F68E7194CE70121039803680C3B1B686B
:10995000C01843691943F5F709FA73E7019B18002A
:109960009946E6F731FF4B4620211B6889469A69E4
:109970002A4B9A42DCD0019890478146D8E7F36F92
:109980009846002B20D01B7F002B0ED03D23424653
:10999000D75C74230122F7540133F25423680C3B43
:1099A0001E68A619A4E7A31935E74046E6F70CFFA1
:1099B00043461B6820279A69184B9A42E9D0202118
:1099C000404690470700E4E7F5F72AF9F5F728F94C
:1099D0000D0001290AD10BF0EFFC236829000C3B94
:1099E00018682018F5F7D4F90CF054F90BF0E4FCE2
:1099F000236801210C3B18682018F5F7C9F90BF012
:109A000015FD0AE70BF012FD02A8FFF789FD0BF028
:109A100049FBF9E70BF00AFDF6E7C046E90601103D
:109A200010B582B06B46D971036804000C3B1B680B
:109A3000C3189B68002B06D06B460122D91DFFF787
:109A400097FE02B010BD6B46D979FFF721FE2000CA
:109A5000F7E7C04670B505000C1E09D0080015F0E8
:109A60002DFD210002002800FFF782FE280070BDB6
:109A7000012103680C3B1868281843691943F5F75E
:109A800075F9F3E7F0B5DE4657464E464546E0B574
:109A90008DB01F0006AB98460100040018001600A8
:109AA000FFF7D0FD43461B78002B36D023680C3BD4
:109AB0001D6880236519EB589946002B00D172E090
:109AC000AB6F1A009A4653425341DBB29B46752353
:109AD000EB5C002B3ED07423E85C52460A925A4657
:109AE0000AAB1A7108AA93464A461268029603976F
:109AF00001900095D5694946524658460B9BA847A8
:109B00005B461B79002B08D0012123680C3B1868A9
:109B1000201843691943F5F729F943465B681A6829
:109B20000C3A15685D19EB689B040BD50BF0C6FC6D
:109B3000002807D1A86F002804D003689B699847C4
:109B4000013025D020000DB0F0BCBB46B246A9467E
:109B5000A046F0BDEB6F0593002B26D0059A137F2E
:109B6000002B07D03D23D05C74230122E85401333D
:109B7000EA54B2E70598E6F727FE059B1E4A1B68E4
:109B800020209B699342EFD0202105989847EBE76E
:109B90000121079803680C3B1B68C01843691943EF
:109BA000F5F7E4F8CEE7F5F73BF8F5F739F80D00EF
:109BB00001290FD10BF000FC236829000C3B186829
:109BC0002018F5F7E5F80CF065F84046FFF7A8FC1B
:109BD0000BF068FA0BF0F0FB236801210C3B1868CE
:109BE0002018F5F7D5F80BF021FC96E70BF01EFCDA
:109BF000EBE70BF01BFCE8E7E9060110436870B5E2
:109C00001A6805000C3A14681C19E3689B040BD50C
:109C10000BF054FC002807D1E06F002804D0036843
:109C20009B699847013001D0280070BD0121686808
:109C300003680C3B1B68C01843691943F5F7EAF841
:109C4000F2E7C046036830B50C3B1B680400C3183C
:109C5000DB6F83B0002B25D00100684600F060F870
:109C60006B461B78002B09D023680C3B1B68E3185C
:109C7000D86F03689B699847013016D0019B1A681A
:109C80000C3A15685D19EB689B040BD50BF016FCBC
:109C9000002807D1E86F002804D003689B69984723
:109CA00001300CD0200003B030BD012123680C3BF3
:109CB0001868201843691943F5F7ACF8DEE701216D
:109CC000019803680C3B1B68C01843691943F5F7FA
:109CD000A1F8E7E70D0001290FD10BF06DFB236818
:109CE00029000C3B18682018F5F7A6F80BF0D2FFF6
:109CF0006846FFF783FF0BF0D5F90BF05DFB236897
:109D000001210C3B18682018F5F796F80BF08EFB34
:109D1000B4E70BF08BFBEBE70BF088FBE8E7C04602
:109D2000002370B503700B6841600C3B1B68040096
:109D3000CB18186F0D00596900280BD0002903D0EB
:109D4000CA070DD4200070BDFFF77CFF2B680C3BC9
:109D50001B68EB1859690029F2D101232370F1E740
:109D6000042218001143F5F755F8EBE77047C04699
:109D70007047C04601225242D3170260436000235D
:109D80008360C3607047C04682B000920193012295
:109D90005242D3170260436000238360C36002B065
:109DA0007047C046002070470020704701204042A5
:109DB0007047C046012040427047C04601204042E3
:109DC0007047C0467047C0467047C04601225242A5
:109DD000D3170260436000238360C3607047C046AE
:109DE00082B00092019301225242D3170260436075
:109DF00000238360C36002B07047C04600207047F4
:109E000000207047012040427047C0460120404278
:109E10007047C046012040427047C04610B504005C
:109E2000034B03601C30E0F7CFFA200010BDC046A2
:109E3000D0CD041010B50400034B03601C30E0F7D4
:109E4000C3FA200010BDC04610CE041010B50400A7
:109E5000044B03601C30E0F7B7FA2000D9F74CF848
:109E6000200010BDD0CD041010B50400044B0360D9
:109E70001C30E0F7A9FA2000D9F73EF8200010BD09
:109E800010CE0410F8B54746CE460E0080B5904679
:109E900007000025002A1ADD164B9946BC6978692F
:109EA000844212D04346241A5B1BA4109C4200DD5E
:109EB0001C00002C04D02200310011F0D7F9786981
:109EC0002D19A400001936197861454504DB2800D6
:109ED000C0BCB946B046F8BD3B6831685B6B4B45CA
:109EE000F5D0380098470130F1D001350436A84547
:109EF000D4DCECE7159E0210F0B54646D6464F4638
:109F00000500C0B590460E000024002A15DD1A4B4E
:109F100099466869AB691F1A834215D043461B1BDB
:109F20009A46BB421EDB3A003100D8F7D7FF6B6977
:109F3000E419DB196B61A04505DC2000E0BCBA46E2
:109F4000B146A846F0BDF6192B6831785B6B4B45DE
:109F5000F3D0280098470130EFD001340136A045F6
:109F6000D7DCEAE71A003100D8F7B8FF6B6944463E
:109F700053446B61E1E7C046BD9D02100368084A87
:109F80005B6A10B50400934202D10120404210BD2B
:109F900098470130F9D0A36801CBA360F7E7C0462A
:109FA000059E02100368084A5B6A10B504009342DC
:109FB00002D10120404210BD98470130F9D0A3687A
:109FC00018780133A360F6E7AD9D0210F8B5454659
:109FD00057464E46DE469046E0B505000F00002687
:109FE000002A17DD224B9A46224B9B46A968EB6854
:109FF0005C1A8B4215D043469B1B9946A34226DB35
:10A0000022003800D8F76AFFAB6836191B19AB601D
:10A0100046452BDB3000F0BCBB46B246A946A04605
:10A02000F8BD3C002B689A6A524519D15B6A5B45C2
:10A03000F0D0280098470130ECD0AB681878013395
:10A04000AB600136671C2070B045CFDCE2E71A0038
:10A050003800D8F743FFAB6846464B44AB60D9E7BE
:10A0600028009047431CD5D0C0B2EAE73C19D9E795
:10A07000A59F0210AD9D0210F8B5454657464E46C5
:10A08000DE469046E0B507000E000025002A1EDDE2
:10A090001F4B99461F4B9A46FC68B968B3468C42E1
:10A0A00013D04346641A5B1BA4109C4200DD1C00C5
:10A0B000002C04D02200300011F0D8F8B968B34663
:10A0C0002D19A4000919A344B960454506DB2800F1
:10A0D000F0BCBB46B246A946A046F8BD3B689A6AAA
:10A0E0004A4511D15B6A5345F1D038009847013099
:10A0F000EDD0BB6801CBBB60431CE8D05E460135A8
:10A1000001C6A845C8DCE2E738009047F4E7C0463E
:10A110007D9F0210059E021010B580240B68E40597
:10A12000A34210D2581C934207D95200934204D242
:10A13000A24205D32000054B0B60D8F7D5FE10BD19
:10A140000A60501CF9E70248F4F792FDFFFFFF3F59
:10A150000881041003000068083310B5984201D04C
:10A16000D8F7CAFE10BDC04630B583B01500040054
:10A170000A0001910F290ED80068002A06D0012A92
:10A1800011D02900D8F7A4FE019A2068002362604C
:10A19000835403B030BD002201A9FFF7BDFF019A2F
:10A1A0002060A260E9E70570019A2068EEE7C046EA
:10A1B000F0B54F464646DE46C0B51F0043680E0068
:10A1C000891882B08946591A88460A9904008A1A61
:10A1D000D21808239B460368834401929B453BD0D9
:10A1E0008268200001A9FFF797FF0500002E05D027
:10A1F0002168012E2DD03200D8F770FE002F09D033
:10A200000A9B002B06D0A819012B27D039000A9AE7
:10A21000D8F764FE4346002B0AD00A9B2168F01849
:10A22000434628184944012B10D04246D8F756FE21
:10A230002068834501D0D8F75FFE019B2560A360AD
:10A2400002B0E0BCBB46B146A846F0BD0B78037037
:10A25000EEE70B780370D1E70F22C2E73B7803707B
:10A26000D8E7C046436870B58E18150004009A1BE5
:10A27000B34209D0002D07D0036858189919012A54
:10A2800008D010F023F96368002122685B1B63602B
:10A29000D15470BD0B7803706368F5E770B50600A4
:10A2A000036882B00836040001919E421FD0826884
:10A2B000019B934201D802B070BD200001A9FFF7B5
:10A2C0002BFF636805005A1C2068002B11D0002A60
:10A2D00007D1864201D0D8F70FFE019B2560A3600D
:10A2E000E9E701002800D8F7F9FD2068F1E70F221F
:10A2F000DEE703782B702068EBE7C046F0B5CE466A
:10A30000474680B583B01D000AAB1B7888462649B6
:10A310009946436851180400C91A8D4241D821005A
:10A320000068AE1A0831F618884234D0A1688E420F
:10A3300023D8414651185F1A8B420BD0AA4209D04C
:10A340000100414448198918012F20D03A0010F02B
:10A35000BDF82068002D07D04044012D1DD02A00F3
:10A360004946D8F7B5FD2068002366608355200074
:10A3700003B0C0BCB946B046F0BD20000023414642
:10A380000095FFF715FF2068002DEDD0E4E70B786E
:10A3900003702068DEE70F21C9E74B460370206891
:10A3A000E2E70248F4F764FCFFFFFF3FC47F0410BC
:10A3B00000B50B00416883B0994206D303D9002150
:10A3C00002684360D15403B000BD00925B1A0022C2
:10A3D000FFF794FFF7E7C046F0B5C64600B5069F05
:10A3E0000E0090461C00079D002F0BD0974253D8BB
:10A3F000012F02D11B780B7004E03A0019003000E5
:10A4000010F064F8002D4AD0474548D04346F01973
:10A41000F118012D02D10B78037002E02A0010F030
:10A4200055F847453BD94346F518E3199D420AD3F1
:10A43000012F02D12378337031E03A00210030003F
:10A4400010F044F82BE0A5420ED84346A41BE21AB4
:10A45000D219B118012F02D10B7833701FE03A00E6
:10A460003000D8F73BFD1AE02D1B012D02D12378D7
:10A47000337004E02A002100300010F027F8701932
:10A48000F1197A1B012A02D10B78037007E0002A28
:10A4900005D0D8F723FD02E0002DB7D1C3E780BC7B
:10A4A000B846F0BDF0B5CE46474680B51F0083B034
:10A4B0002E4B04000A9D4068D31889461B1A9D4202
:10A4C00050D808218C462368AE1AA4443618634538
:10A4D00041D0A1688C46664533D84946591888460C
:10A4E00049465118411ABB4220D900290BD0AA4233
:10A4F00009D04346581913004344012928D00A00C3
:10A5000019000FF0E3FF002D06D0012D26D02A0000
:10A5100039004046D8F7E2FC00222000236866603C
:10A520009A5503B0C0BCB946B046F0BD1B189F4257
:10A53000DBD801913B00414620000095FFF74CFF1E
:10A54000EAE73B00494620000095FFF731FEE3E7CC
:10A550001B780370D7E70F218C46BCE742463B7857
:10A560001370D9E70248F4F783FBC046FFFFFF3FB3
:10A570002081041070B50400230046680068083389
:10A5800082B09519984219D0A368AB420DD3002A26
:10A5900005D08019012A13D0D8F7A0FC2068002329
:10A5A00065604355200002B070BD0B002000009292
:10A5B00031000022FFF7FCFD2068F0E70F23E4E7FD
:10A5C0000B7803702068EAE770B50600746808002D
:10A5D0001D00A34213D8E41A94420AD8002C06D0D6
:10A5E00031684919012C07D02200D8F777FC2000E8
:10A5F00070BD141EFBD0F3E70B780370F7E7230060
:10A600002A0002490248F4F763FBC046987F041011
:10A61000607F0410F0B54F46D6464646C0B50C00E4
:10A62000070084B0884216D0082398460668804404
:10A630000D68B04515D0836899460B0008339D42DC
:10A6400024D005608B680E6083604B46A36065680C
:10A650007B687D60636004B0E0BCBA46B146A84642
:10A66000F0BD43689A46082399468944A94517D006
:10A6700052468E68484641460132D8F72FFC4B4679
:10A680003D602360BE6065687B68E2E74A684046DB
:10A6900029000132D8F722FC434626603B60D4E70C
:10A6A00053464D68002B0ED056460136002D1AD168
:10A6B000320041464846D8F711FC7B6863603B682E
:10A6C0007D601D70C7E70023002DC2D06A1C49467B
:10A6D0004046D8F703FC636852467B60534663608C
:10A6E00023681A70B7E701352A0049466846D8F74B
:10A6F000F5FB320041464846D8F7F0FB2A00694690
:10A700004046D8F7EBFB65687B68A2E703001000C2
:10A710005A6810B5904208D21C6802E0013090429D
:10A7200003D0235C8B42F9D010BD01204042FBE7EF
:10A73000836858697047C046836898697047C04607
:10A740008368586B7047C04610B58368FF249B6BC5
:10A7500082B01800190A1A0C214020400902224038
:10A76000120408431B0E1B061043184302B010BD11
:10A7700010B58368FF24DB6B82B01800190A1A0C2D
:10A780002140204009022240120408431B0E1B06F0
:10A790001043184302B010BD836858697047C04623
:10A7A000836898697047C0468368586B7047C04695
:10A7B00010B58368FF249B6B82B01800190A1A0C2D
:10A7C0002140204009022240120408431B0E1B06B0
:10A7D0001043184302B010BD10B58368FF24DB6B33
:10A7E00082B01800190A1A0C2140204009022240A8
:10A7F000120408431B0E1B061043184302B010BD81
:10A800008368586A7047C0468368986A7047C04634
:10A8100000207047002070477047C046002010B5E8
:10A82000914205D21924E04108C9C0188A42FAD8D9
:10A8300010BDC04610B50400024B0360DFF722FDD7
:10A84000200010BD60D4041010B50400024B03605A
:10A85000DFF718FD200010BD9CD4041010B50400D3
:10A86000024B0360DFF70EFD200010BD9CD50410E5
:10A8700010B50400024B0360DFF704FD200010BD9B
:10A88000B4D5041010B50400024B0360DFF7FAFCE6
:10A89000200010BDCCD4041010B50400024B03609E
:10A8A000DFF7F0FC200010BDCCD5041010B504007B
:10A8B000024B0360DFF7E6FC200010BDE0D504107A
:10A8C00010B50400044B0360DFF7DCFC2000D8F770
:10A8D00013FB200010BDC04660D4041010B5040066
:10A8E000044B0360DFF7CEFC2000D8F705FB200007
:10A8F00010BDC0469CD4041010B50400044B036086
:10A90000DFF7C0FC2000D8F7F7FA200010BDC046E2
:10A910009CD5041010B50400044B0360DFF7B2FCB3
:10A920002000D8F7E9FA200010BDC046B4D50410C5
:10A9300010B50400FFF7A6FF2000D8F7DDFA2000CD
:10A9400010BDC04610B50400044B0360DFF79AFC4D
:10A950002000D8F7D1FA200010BDC046CCD5041095
:10A9600010B50400044B0360DFF78CFC2000D8F71F
:10A97000C3FA200010BDC046E0D5041010B5040095
:10A98000044B036008300BF0CFFE2000DFF77AFCA9
:10A99000200010BD54D5041010B50400FFF7EEFFE1
:10A9A0002000D8F7A9FA200010BDC04610B5040059
:10A9B000044B036008300BF0B7FE2000DFF762FCA9
:10A9C000200010BDE0D304100E4B70B50360056984
:10A9D0000400DFF77FFC854204D0002D02D0280060
:10A9E000D8F78EFAA068002802D003685B68984701
:10A9F00020000C300BF098FE2000DFF743FC200015
:10AA000070BDC046DCD4041010B50400FFF7DCFFB5
:10AA10002000D8F771FA200010BDC0468368C268D4
:10AA200010B5934202D20433836010BD03689B6A61
:10AA30009847FAE7036800B51800084A0C3883B055
:10AA4000904208D0043B1A68511E1960002A02DCAB
:10AA500001A9E5F7B7FB03B000BDC046243C0020C8
:10AA6000F0B5C6460E1AB31005000021180000B557
:10AA70009846E5F753FB4346070004000C37012BCB
:10AA800017D0002B06D10C4B9C420BD1380080BC58
:10AA9000B846F0BD42462900380010F0E7FB064BEF
:10AAA0009C42F3D000234246A3602260A419E360D5
:10AAB000ECE72B68C360E6E7243C0020036800B5A0
:10AAC0001800084A0C3883B0904208D0043B1A683A
:10AAD000511E1960002A02DC01A9E5F75DF803B0F8
:10AAE00000BDC046343C002010B50400064B036096
:10AAF00008300BF019FE2000DFF7C4FB2000D8F768
:10AB0000FBF9200010BDC046E0D30410F0B5C646E6
:10AB1000050000B588421ED0002825D00C1AA710C9
:10AB200000213800E5F7FAFA0C2398460600804425
:10AB3000012F0DD0002F04D03A002900404610F01C
:10AB400095FB0B4B9E4209D1404680BCB846F0BDF8
:10AB50002B68C360F5E7074B9846F5E7002337609D
:10AB6000B3603619F360EFE70348F4F769F8C046BD
:10AB7000243C0020303C0020047F0410F0B5C64681
:10AB800000B58B6804009F6882B0002F29D0380080
:10AB900014F094FC051E02D1134B984611E00021DD
:10ABA00001AAE4F7A7FF0C23984606008044012D74
:10ABB0000ED02A0039004046D8F790F90B4B9E4240
:10ABC00009D143462000236002B080BCB846F0BDE6
:10ABD0003B780373F2E700233560B3607619337373
:10ABE000EFE70348F4F72CF8403C0020343C002009
:10ABF000047F0410F0B5C64600B58B6804009F685A
:10AC000082B0002F29D0380014F058FC051E02D164
:10AC1000134B984611E0002101AAE4F76BFF0C23C7
:10AC2000984606008044012D0ED02A003900404687
:10AC3000D8F754F90B4B9E4209D1434620002360BC
:10AC400002B080BCB846F0BD3B780373F2E7002346
:10AC50003560B36076193373EFE70348F3F7F0FF1D
:10AC6000403C0020343C0020047F0410F0B5C64670
:10AC700000B58B6804009F6882B0002F29D038008F
:10AC800014F01CFC051E02D1134B984611E0002164
:10AC900001AAE4F72FFF0C23984606008044012DFB
:10ACA0000ED02A0039004046D8F718F90B4B9E42C7
:10ACB00009D143462000236002B080BCB846F0BDF5
:10ACC0003B780373F2E700233560B3607619337382
:10ACD000EFE70348F3F7B4FF403C0020343C00208A
:10ACE000047F041030B58B680400DD6983B0002D4B
:10ACF00010D0280012F01CF9810069188D4201D192
:10AD0000064803E0280001AAFFF7AAFE2060200001
:10AD100003B030BD0248F3F793FFC046303C00203B
:10AD2000047F041030B58B680400DD6A83B0002D09
:10AD300010D0280012F0FCF8810069188D4201D172
:10AD4000064803E0280001AAFFF78AFE20602000E1
:10AD500003B030BD0248F3F773FFC046303C00201B
:10AD6000047F041030B58B6804005D6A83B0002D49
:10AD700010D0280012F0DCF8810069188D4201D152
:10AD8000064803E0280001AAFFF76AFE20602000C1
:10AD900003B030BD0248F3F753FFC046303C0020FB
:10ADA000047F041030B58B6804005D6A83B0002D09
:10ADB00010D0280012F0BCF8810069188D4201D132
:10ADC000064803E0280001AAFFF74AFE20602000A1
:10ADD00003B030BD0248F3F733FFC046303C0020DB
:10ADE000047F041030B58B680400DD6A83B0002D49
:10ADF00010D0280012F09CF8810069188D4201D112
:10AE0000064803E0280001AAFFF72AFE2060200080
:10AE100003B030BD0248F3F713FFC046303C0020BA
:10AE2000047F041030B58B680400DD6983B0002D09
:10AE300010D0280012F07CF8810069188D4201D1F1
:10AE4000064803E0280001AAFFF70AFE2060200060
:10AE500003B030BD0248F3F7F3FEC046303C00209B
:10AE6000047F041030B58B6804005D6983B0002D49
:10AE700010D0280012F05CF8810069188D4201D1D1
:10AE8000064803E0280001AAFFF7EAFD2060200041
:10AE900003B030BD0248F3F7D3FEC046303C00207B
:10AEA000047F041030B58B680400DD6983B0002D89
:10AEB00010D0280012F03CF8810069188D4201D1B1
:10AEC000064803E0280001AAFFF7CAFD2060200021
:10AED00003B030BD0248F3F7B3FEC046303C00205B
:10AEE000047F0410F0B5DE4657464E464546E0B5B1
:10AEF00085B081460800110002AA1C00FFF706FE7B
:10AF00000E998246039002AA2000FFF7FFFD0C2253
:10AF1000524252441368934602009B00984684466E
:10AF20000C3A17680400BF0056460190D0440092C6
:10AF3000674403E0A74226D00436043422003100DF
:10AF400048460BF0C9FD051E0FD1300011F0F0FF8F
:10AF500080003618200011F0EBFF80002418B04567
:10AF6000E8D13F1B7B1E9F417D42184C009BA342B2
:10AF70000ED1A34518D1280005B0F0BCBB46B2469F
:10AF8000A946A046F0BD114C009B0125A342F0D07C
:10AF9000019B043B1A68511E1960002AE9DC0098E5
:10AFA00002A9E5F70FF9E4E75346043B1A68511E7E
:10AFB0001960002ADFDC584602A9E5F703F9DAE751
:10AFC00003A8FFF737FD0AF06DF8C046243C0020C7
:10AFD000F0B5C64600B52E4CA544039391AB1D7841
:10AFE000040092AB2B488E9E1F780292DFF730FC54
:10AFF000F36E80005B68C3589846002B46D0264805
:10B00000DFF726FCF36E5A689B6898423ED28000B8
:10B01000805800283AD00023204A214909F0CAFE6E
:10B02000061E33D043461B68252140469B6A98473D
:10B0300000220490002F23D1909B300006920093B1
:10B04000802204AB08A905950CF0A8FA08A811F015
:10B050006FFF6B461F7B0500029E002F07D13368F0
:10B0600002001B6B300008A9984785420CD12000D4
:10B070002660277188239B009D4480BCB846F0BDA4
:10B0800007922A003D00D7E70137F0E7F3F7C8FD44
:10B09000E0FDFFFF103D0020583C002030D104109F
:10B0A0004C9A0410F0B557464E464546DE461C0005
:10B0B000E0B51500524B87B00700894603602100B8
:10B0C000280004AAFFF722FD030082460C3B0293EE
:10B0D0001B68641B9B009A444A4B06000390059032
:10B0E00065109C4200D987E0A800D7F701FF002334
:10B0F0009B46454B040001931AE0396804360B0067
:10B100000C3B1A68501C80465868804502D89868E5
:10B11000002807DD41463800E5F7B2F939680B0031
:10B120000C3B1A68584692005050019A934238D10D
:10B1300032002B00210048460BF0D8FC020085426B
:10B1400013D8451C002C02D02000D7F7D9FE2F4B76
:10B150009D424ED8A800D7F7CBFE32000100040074
:10B160002B0048460BF0C2FC020021003800E5F736
:10B17000EDF9300011F0DCFE80003618B245BCD18C
:10B18000002C02D02000D7F7BBFE1F4B029A9A4238
:10B190000DD1380007B0F0BCBB46B246A946A04668
:10B1A000F0BD424698601A6093005850C0E7039B78
:10B1B000043B1A68511E1960002AEADC029804A9AF
:10B1C000E5F700F8E5E70AF0F7F8002C05D02000D5
:10B1D000D7F796FE01E00AF0EFF80AF05BFD0AF0FF
:10B1E00025F905A8FFF726FC3800FFF723FC09F036
:10B1F00059FF0AF025F8F4E70AF022F8F4E7C04610
:10B20000303C0020FCFFFF3F243C0020FEFFFF1FDE
:10B21000F0B5DE464E4645465746E0B50E00040002
:10B220008DB0D948DFF714FB336880005B68C558E0
:10B23000002D00D1D6E12B68D44A5B69934200D03F
:10B2400043E1AB68DF69002F00D12BE1380011F03A
:10B250006FFE810079188F4200D026E1CC480BABFD
:10B2600098460B900C380768CA4B04979F4200D948
:10B27000E4E1B800D7F73CFE0100029000233A0059
:10B280004046E4F70FFF0B9BC34A18000C38914669
:10B29000904200D04CE12B68C04A9B69934200D099
:10B2A0000EE1AB685F6A002F00D103E1380011F0B6
:10B2B0003FFE810079188F4200D137E1380007AA9C
:10B2C000FFF7CEFB0B900C3803689B46B14B9B45B8
:10B2D00000D9A5E15B469800D7F70AFE010001906E
:10B2E00000235A464046E4F7DDFE0B9B18000C385D
:10B2F000484500D032E12B68A94ADB69934200D06F
:10B30000F2E0AB68DF6A002F00D1D6E0380011F020
:10B310000FFE810079188F4200D105E1380008AA9C
:10B32000FFF79EFB0B900C3807689A4B9F4200D9A1
:10B330008DE1B800D7F7DCFD0100039000233A004F
:10B340004046E4F7AFFE0B9B18000C38484500D090
:10B35000F9E02B68934A1B69934200D0BCE0AB68CC
:10B360009B689A46002B00D13EE1180014F0A6F825
:10B370008146002800D1D4E0002109AAE4F7BAFBF5
:10B380000C2203009446634498464B460590012BDB
:10B3900000D1C2E04A4651464046D7F79FFD824B56
:10B3A000059A9A4200D013E14346069306AB9946AC
:10B3B00043460C3B1B6818009A46D7F799FD804618
:10B3C0000100002352464846E4F744FB43465246F8
:10B3D000A3605346E3600023002A05D043460022C1
:10B3E0009A56D3179B1ADB0F23742B686F499A6800
:10B3F0008A4200D08DE0AA685069DA686C496061C1
:10B400008A4200D081E0AA689069029A6949E261A3
:10B41000049AA0612262019A276362625A46A2627C
:10B42000039AE2621A6A8A426BD1AA68506B5B6A1D
:10B43000614A6063934260D1AB689B6B0A93079348
:10B44000079B5E4A0B93A3632B689B6A934250D180
:10B45000AB68DB6B0B930993099B5948E363089333
:10B46000DFF7F6F9336880005B68C058002800D128
:10B47000B6E0544B196803680A00DD6A23000B32FA
:10B480004033A8476C230122E254069B464A180029
:10B490000C3890426DD10DB0F0BCBB46B246A94607
:10B4A000A046F0BD4848F3F7CBFB38000AAAFFF7E7
:10B4B000D7FAD4E64448F3F7C3FB4348F3F7C0FB9D
:10B4C0002900404698470B98FDE60BAA100029007A
:10B4D000904698470B98C5E606AA290010009146A9
:10B4E0009847069B984663E72900404698470B9883
:10B4F00019E7280098470990AEE728009847079079
:10B500009EE7280090472B6891E7280090472B681A
:10B510007BE7280090472B686FE753461B7803733F
:10B520003DE72A4B98463FE71948FBE61848C9E62D
:10B53000043B1A68511E1960002A00DDABE60AA917
:10B54000E4F740FEA7E6043B1A68511E1960002A82
:10B5500000DDFEE60AA9E4F735FEFAE6043B1A68C8
:10B56000511E1960002A00DDC5E60AA9E4F72AFE8B
:10B57000C1E6043B1A68511E1960002A00DD8AE703
:10B5800008A9E4F709FB86E74C3C0020E5AC021073
:10B59000303C0020FEFFFF1F243C002065AD021060
:10B5A000E5AD0210F5AB0210343C002031A70210CB
:10B5B00039A7021041A7021049A7021071A7021073
:10B5C000103D0020201F0020047F0410403C00207C
:10B5D00000224946059B9A6019604B441A73E3E6C2
:10B5E000F3F71EFBF3F71CFB1C48F3F729FB0023C2
:10B5F0000393019302934846FFF760FA039B002BE5
:10B6000002D00398D7F77CFC019B002B02D0019855
:10B61000D7F776FC029B002B09D10BE0E7E7E6E7C2
:10B6200009F00EFEE7E702E04046FFF703FA029852
:10B63000D7F766FC09F036FDD9E7D8E709F000FE38
:10B640004046FFF7F7F909F02DFDE0E7D9E709F0EB
:10B65000F7FD4046FFF7EEF9D9E7C046047F041036
:10B66000F0B5DE464E4645465746E0B50E000400AE
:10B670008DB0D948DFF7ECF8336880005B68C558B7
:10B68000002D00D1D6E12B68D44A5B69934200D0EB
:10B6900043E1AB68DF69002F00D12BE1380011F0E6
:10B6A00047FC810079188F4200D026E1CC480BABD3
:10B6B00098460B900C380768CA4B04979F4200D9F4
:10B6C000E4E1B800D7F714FC0100029000233A002F
:10B6D0004046E4F7E7FC0B9BC34A18000C38914640
:10B6E000904200D04CE12B68C04A9B69934200D045
:10B6F0000EE1AB685F6A002F00D103E1380011F062
:10B7000017FC810079188F4200D137E1380007AA71
:10B71000FFF7A6F90B900C3803689B46B14B9B458D
:10B7200000D9A5E15B469800D7F7E2FB0100019044
:10B7300000235A464046E4F7B5FC0B9B18000C3832
:10B74000484500D032E12B68A94ADB69934200D01A
:10B75000F2E0AB68DF6A002F00D1D6E0380011F0CC
:10B76000E7FB810079188F4200D105E1380008AA73
:10B77000FFF776F90B900C3807689A4B9F4200D977
:10B780008DE1B800D7F7B4FB0100039000233A0025
:10B790004046E4F787FC0B9B18000C38484500D066
:10B7A000F9E02B68934A1B69934200D0BCE0AB6878
:10B7B0009B689A46002B00D13EE1180013F07EFEF4
:10B7C0008146002800D1D4E0002109AAE4F792F9CB
:10B7D0000C2203009446634498464B460590012B87
:10B7E00000D1C2E04A4651464046D7F777FB824B2C
:10B7F000059A9A4200D013E14346069306AB994658
:10B8000043460C3B1B6818009A46D7F771FB8046ED
:10B810000100002352464846E4F71CF943465246CD
:10B82000A3605346E3600023002A05D0434600226C
:10B830009A56D3179B1ADB0F23742B686F499A68AB
:10B840008A4200D08DE0AA685069DA686C4960616C
:10B850008A4200D081E0AA689069029A6949E2614F
:10B86000049AA0612262019A276362625A46A26228
:10B87000039AE2621A6A8A426BD1AA68506B5B6AC9
:10B88000614A6063934260D1AB689B6B0A930793F4
:10B89000079B5E4A0B93A3632B689B6A934250D12C
:10B8A000AB68DB6B0B930993099B5948E3630893DF
:10B8B000DEF7CEFF336880005B68C058002800D1F7
:10B8C000B6E0544B196803680A00DD6A23000B32A6
:10B8D0004033A8476C230122E254069B464A1800D5
:10B8E0000C3890426DD10DB0F0BCBB46B246A946B3
:10B8F000A046F0BD4848F3F7A3F938000AAAFFF7BD
:10B90000AFF8D4E64448F3F79BF94348F3F798F9C6
:10B910002900404698470B98FDE60BAA1000290025
:10B92000904698470B98C5E606AA29001000914654
:10B930009847069B984663E72900404698470B982E
:10B9400019E7280098470990AEE728009847079024
:10B950009EE7280090472B6891E7280090472B68C6
:10B960007BE7280090472B686FE753461B780373EB
:10B970003DE72A4B98463FE71948FBE61848C9E6D9
:10B98000043B1A68511E1960002A00DDABE60AA9C3
:10B99000E4F718FCA7E6043B1A68511E1960002A58
:10B9A00000DDFEE60AA9E4F70DFCFAE6043B1A689E
:10B9B000511E1960002A00DDC5E60AA9E4F702FC61
:10B9C000C1E6043B1A68511E1960002A00DD8AE7AF
:10B9D00008A9E4F7E1F886E7503C002025AE021004
:10B9E000303C0020FEFFFF1F243C0020A5AD0210CC
:10B9F00025AD02106DAC0210343C002099A7021056
:10BA0000A1A70210A9A70210B1A70210D9A702107E
:10BA1000103D0020201F0020047F0410403C002027
:10BA200000224946059B9A6019604B441A73E3E66D
:10BA3000F3F7F6F8F3F7F4F81C48F3F701F90023ED
:10BA40000393019302934846FFF738F8039B002BBA
:10BA500002D00398D7F754FA019B002B02D001982B
:10BA6000D7F74EFA029B002B09D10BE0E7E7E6E798
:10BA700009F0E6FBE7E702E04046FEF7DBFF02984D
:10BA8000D7F73EFA09F00EFBD9E7D8E709F0D8FB63
:10BA90004046FEF7CFFF09F005FBE0E7D9E709F0E4
:10BAA000CFFB4046FEF7C6FFD9E7C046047F04102F
:10BAB000F0B5DE46454657464E468B46E0B5040097
:10BAC00089B0C848DEF7C4FE5B461B6880005B682F
:10BAD000C558002D00D136E12B68C34A1B6993423B
:10BAE00000D0F1E0AB689B689A46002B00D12EE1B4
:10BAF000180013F0E3FC071E00D0C1E0BB4E05ABFD
:10BB0000059601930C3E3068E060D7F7F1F9060026
:10BB100001000023E2680198E3F79CFFE26800233C
:10BB2000002A04D00022B256D3179B1ADB0F2374CD
:10BB30002B68AF4A5B69934200D0CCE0AB685F6989
:10BB4000002F00D1B6E0380011F0F2F98100791829
:10BB50008F4200D1D6E0380003AAFEF781FF06AB82
:10BB60009A4606900C380068A24BA061984200D912
:10BB700024E18000D7F7BCF980460100002350463D
:10BB8000A269E4F78FFA2B689B4A9B69934200D025
:10BB9000AFE0AB68DF69002F00D18EE0380011F014
:10BBA000C7F9810079188F4200D1A9E0380004AAB2
:10BBB000FEF756FF07AB994607900C3800688D4B8F
:10BBC0002062984200D902E18000D7F791F907007E
:10BBD000010000234846226AE4F764FA2B6887498B
:10BBE0009A688A4200D080E0AA68506ADB68844A7A
:10BBF0006062934200D075E0AB68986AA0628148A9
:10BC0000DEF726FE5B461B6880005B68C558002D8A
:10BC100000D19AE07C4B280019682B680A00DB6A87
:10BC200024329B4623002C33D847784B28001968D0
:10BC30002B680A00DB6A1A329B462300BC33D847C4
:10BC400043466361922301225B00A660E761E254F0
:10BC5000079B6F4C18000C38A04269D1069B180056
:10BC60000C38A0425AD1059B6A4A18000C38904201
:10BC70004AD109B0F0BCBB46B246A946A046F0BDC9
:10BC800007AB1A000021E3F735FF060080460C36AB
:10BC9000012F15D03A0051463000D7F71FF95D4B00
:10BCA000984500D12BE7434600221F6047449A6025
:10BCB0003A7324E75848F2F7C3FF5748F2F7C0FF3A
:10BCC00053461B780373EAE705AA29001000019286
:10BCD0009847059E16E706AA290010009246984745
:10BCE00006983FE72800984788E7280090472B6888
:10BCF0007CE707AA290010009146984707985CE75F
:10BD0000464857E745482AE7043B1A68511E196020
:10BD1000002AAEDC4946E3F73FFFAAE7043B1A6876
:10BD2000511E1960002A9EDC4946E4F74BFA9AE757
:10BD3000043B1A68511E1960002A00DD8EE704A931
:10BD4000E4F740FA8AE7F2F76BFFF2F769FF32484F
:10BD5000F2F776FF040000275046FEF76BFE0198CD
:10BD6000FEF7ACFE200009F027FB002E02D03000C9
:10BD7000D7F7C6F84346002B02D04046D7F7C0F8A5
:10BD8000002F0ED03800D7F7BBF80AE0E2E7002713
:10BD90000400B846E3E700270400B846DFE709F0EF
:10BDA0000BFB09F077FF00270400B8463E00D6E7FA
:10BDB000EDE709F03BFB09F075F9E8E709F040FA17
:10BDC00000270400B846C7E7C4E7F9E7C2E709F06F
:10BDD00037FA040000274846FEF72CFEBCE70400B3
:10BDE000F9E7F6E7A43D00207DAB0210403C0020BF
:10BDF00065AE0210FEFFFF1FA5AE021001A80210E3
:10BE000009A80210103D0020181F00201C1F002050
:10BE1000243C0020343C0020047F0410303C0020EF
:10BE2000F8B504001C48DEF713FD22688300D568CE
:10BE30000700ED182868002800D0F8BD2930FF3031
:10BE4000D7F752F8154A002302609222520043604D
:10BE50008360C360037443618361C36103624362AF
:10BE60008362210083540600FFF722FE20683A0017
:10BE70003100DEF76BFC2868DFE709F09DFA09F076
:10BE800009FF09F099FA336830005B689847F6E7D4
:10BE900009F0CCFA09F006F9A43D0020A8A204108C
:10BEA000531E9A41094B10B5816042600360040043
:10BEB000DEF710FA0021206120000BF0A9FB200022
:10BEC00010BD2000DEF7DEF909F0ECF8DCD4041038
:10BED000F0B5DE46454657464E46E0B585B003937D
:10BEE0001C000E9B01905F489B4615000292DEF7F6
:10BEF000AFFC149B8000DB6E5B68C3589846002B38
:10BF000000D1A7E00F9B9A46002D00D0A4E0A146E7
:10BF100000260027013463425C415B465046E4B290
:10BF2000002B02D0534601333AD0013043425841EE
:10BF3000A04248D0139BBB4245D04946002D02D0B9
:10BF40004B46013353D043461B682A221B6B4046A5
:10BF500098473038C3B2092B35D8B3009B195B0022
:10BF6000C618129B9E4230DCAB68EA68934249D205
:10BF70000433AB600137AB68EA6893424BD21C686C
:10BF8000631C4FD0012301345B42994663425C41FC
:10BF90005B465046E4B2002BC7D053460133C4D1B0
:10BFA0005B465A469B68D268934247D21868431C46
:10BFB0005A1E93415A465B4201301A40434258414F
:10BFC0009346A042B6D1002F2FD10422159B1B68A7
:10BFD0001343159A1360019B4A4618001D605A606E
:10BFE00005B0F0BCBB46B246A946A046F0BDAB6862
:10BFF000EA68934228D219684B1C5A1E93415B424F
:10C000001D40A0E72B6828009B6A9847AB68EA6848
:10C0100001379342B3D32B6828005B6A984704002A
:10C02000631CAFD1A146002574E7119BB342CCDC61
:10C03000129BB342C9DB109B1E60CCE75B461B68BA
:10C0400058465B6A9847B2E72B6828005B6A9847B6
:10C050000100D1E7F2F7E4FD631C00D057E70026AA
:10C06000370088E7103D00204B1E9941074B10B563
:10C07000416003600400DEF71BF9A060200010BDE2
:10C080002000DEF7FFF809F00DF8C04654D5041083
:10C09000F0B54E46DE4645465746E0B51500099ACE
:10C0A00004009346584689460A992A78081A861049
:10C0B000964267DD0026A846B2460027013B08E00D
:10C0C00058460137EA199046EA5D081A86109642EA
:10C0D00011DD56B2002E0EDD9200891ABB42EFD858
:10C0E000012258469446EA199046EA5D081AE2444D
:10C0F00086109642EDDC01235B4253449C467E1E33
:10C100008B453DD000235A46D258E2500433834237
:10C11000F9D1E0185346002B16D04B4608C04346D1
:10C120001B789A46002B0BD000228C58013BDBB2C7
:10C1300084500432002BF8D153469B00C918C01814
:10C140006346013B9C46E8D2002F13D04B4608C003
:10C15000AB5D9C46002B0BD000228F58013BDBB21D
:10C1600087500432002BF8D163469B00C918C018D1
:10C17000013EEBD2F0BCBB46B246A946A046F0BD9C
:10C180002000C7E7594507D0012600237642A8467C
:10C19000B4469A460027B5E72000EBE7F0B583B038
:10C1A000089C08000B9D19000A9B002C1AD0E61A67
:10C1B00000930194130002000998FFF769FF099B9F
:10C1C0002968C71AB6100023BF108A1BB14203D1D9
:10C1D000DB192B6003B0F0BD21000FF047F82B688E
:10C1E0009B1BF5E72C680093A4001C190194130015
:10C1F00002000998FFF74CFF099BC01A8310E8E77B
:10C2000030B50D0083B0099C19002068089B8000A0
:10C21000181801900093079813002A00FFF738FFC1
:10C22000079BC01A8010206003B030BDF0B54E46A9
:10C230004546DE465746E0B591B009931A9B08A9DA
:10C2400099460500D34888460892DEF701FB4B4625
:10C25000DB6E80005B68C658002E00D1B8E1CE4886
:10C26000DEF7F6FA4B46DA6E8300D7688246FF188F
:10C270003C68002C00D148E11C9B1F68236C3A6885
:10C280009A4223D0A36B0B93636A0493A36A03932C
:10C290003B000C3B1B6832689B00526930009246A1
:10C2A00004213A00FB18D047C61BB6101BD14A46E2
:10C2B000002393602B00424603CA03C3280011B039
:10C2C000F0BCBB46B246A946A046F0BDE36B0B935B
:10C2D000E36A0493236B03933B000C3B1B68002B26
:10C2E000D9D00437D7E70CAB9B46AC4B58460693E6
:10C2F0000C93730019000593E4F7C2F8636BF21A0C
:10C300009246002A3BDDE168002B00DA21E100299A
:10C3100000D122E153465B0005930C9B00210C3BAE
:10C320001A68002358460093059BE3F7EDFF0C982D
:10C3300003000C3B9B68002B00DB37E1E368A2683D
:10C340009C4653469B00FB18A169019300976346E6
:10C35000FFF79EFE0C9B05901A000C3A916800298D
:10C3600000DB0DE10599C91A89101268914200D9C4
:10C3700030E100235846521AE3F728FF636B002B85
:10C3800000DDA9E04B46B0220399DB688C461A40D9
:10C3900007920C9A0C3A1268624405929B0500D5EC
:10C3A00085E0069B0DA80D93059B5900E4F768F8FE
:10C3B0004B469F6800230693079B102B05D1059BD6
:10C3C0009C46BC459B415B420693754B0BAE9A461F
:10C3D0003378042B28D852469B00D3589F46039BA2
:10C3E000002B21D0049B0DA81968E4F759F91BE034
:10C3F0004B46DB689B0517D5226AE1690DA8E4F777
:10C40000A5F811E0069B002B74D0059B1B9AF91A26
:10C410000DA8E4F7EBF807E0069B002B04D0F4E747
:10C4200059460DA8E4F754F80136B345D0D1039B23
:10C43000012B42D80D990B000C3B1B689F4249D938
:10C44000079AFB1A202A5AD01B9A002100920DA8A5
:10C450000022E3F759FF0D9943461E79089C002EF0
:10C4600008D123683A0020001B6B98470D99B84209
:10C4700000D0ABE0080043460EAF0E943E71089426
:10C48000484C0C381E71A04200D094E00C9B180060
:10C490000C38A04200D10AE7043B1A68511E19600B
:10C4A000002A00DD03E73900E3F78CFEFFE694463F
:10C4B000236A9C446346059373E71A000499013A82
:10C4C00004310DA8E4F742F80D990B000C3B1B68F2
:10C4D0009F42B5D81F00BFE758466169E4F7E0F80E
:10C4E0005346002B3FDB99005846626B7918E4F7FE
:10C4F0002DF847E71B990DA8E4F7D2F894E7190047
:10C500001B9A0DA8E4F772F8A5E77020D6F7ECFCAB
:10C51000254A0023026049466C2243608360C36061
:10C52000037443618361C361036243628362C362D4
:10C53000036343638363C3636C3183540400FFF775
:10C540008FF84B4621005246D86EDEF7FFF83C6864
:10C5500092E6002912D13200B24639005846E3F77C
:10C5600013FF636B0BE75846626C5942E4F73EF8E1
:10C57000320039005846E3F7E9FF03E7B246CCE65C
:10C580005846E3F7ABFE0C9B059AD11A0C3B1A00F8
:10C590008910EAE6103D0020503C0020303C00208D
:10C5A00048CE0410243C002078A204105846E3F73B
:10C5B00095FE0C98C2E604390B685A1E0A60002BDF
:10C5C00000DD63E73900E3F7FDFD5FE7013651E782
:10C5D000F2F726FB0F4C13000F480A002100F2F778
:10C5E00077FB0DA8FEF726FA5846FEF723FA08F067
:10C5F00059FDF9E708F0E0FE236820005B689847E2
:10C6000009F048FB08F0D8FEFAE708F00FFF08F041
:10C6100049FDC046B8800410607F0410F0B54E4656
:10C620004546DE465746E0B591B009931A9B08A9E6
:10C6300099460500D34888460892DEF709F94B462B
:10C64000DB6E80005B68C658002E00D1B8E1CE4892
:10C65000DEF7FEF84B46DA6E8300D7688246FF1895
:10C660003C68002C00D148E11C9B1F68236C3A6891
:10C670009A4223D0A36B0B93636A0493A36A039338
:10C680003B000C3B1B6832689B00526930009246AD
:10C6900004213A00FB18D047C61BB6101BD14A46EE
:10C6A000002393602B00424603CA03C3280011B045
:10C6B000F0BCBB46B246A946A046F0BDE36B0B9367
:10C6C000E36A0493236B03933B000C3B1B68002B32
:10C6D000D9D00437D7E70CAB9B46AC4B58460693F2
:10C6E0000C93730019000593E3F7CAFE636BF21A0B
:10C6F0009246002A3BDDE168002B00DA21E10029A7
:10C7000000D122E153465B0005930C9B00210C3BBA
:10C710001A68002358460093059BE3F7F5FD0C9833
:10C7200003000C3B9B68002B00DB37E1E368A26849
:10C730009C4653469B00FB18A169019300976346F2
:10C74000FFF7A6FC0C9B05901A000C3A9168002993
:10C7500000DB0DE10599C91A89101268914200D9D0
:10C7600030E100235846521AE3F730FD636B002B8B
:10C7700000DDA9E04B46B0220399DB688C461A40E5
:10C7800007920C9A0C3A1268624405929B0500D5F8
:10C7900085E0069B0DA80D93059B5900E3F770FEFD
:10C7A0004B469F6800230693079B102B05D1059BE2
:10C7B0009C46BC459B415B420693754B0BAE9A462B
:10C7C0003378042B28D852469B00D3589F46039BAE
:10C7D000002B21D0049B0DA81968E3F761FF1BE033
:10C7E0004B46DB689B0517D5226AE1690DA8E3F784
:10C7F000ADFE11E0069B002B74D0059B1B9AF91A25
:10C800000DA8E3F7F3FE07E0069B002B04D0F4E746
:10C8100059460DA8E3F75CFE0136B345D0D1039B22
:10C82000012B42D80D990B000C3B1B689F4249D944
:10C83000079AFB1A202A5AD01B9A002100920DA8B1
:10C840000022E3F761FD0D9943461E79089C002EF6
:10C8500008D123683A0020001B6B98470D99B84215
:10C8600000D0ABE0080043460EAF0E943E71089432
:10C87000484C0C381E71A04200D094E00C9B18006C
:10C880000C38A04200D10AE7043B1A68511E196017
:10C89000002A00DD03E73900E3F794FCFFE6944645
:10C8A000236A9C446346059373E71A000499013A8E
:10C8B00004310DA8E3F74AFE0D990B000C3B1B68F1
:10C8C0009F42B5D81F00BFE758466169E3F7E8FE0D
:10C8D0005346002B3FDB99005846626B7918E3F70B
:10C8E00035FE47E71B990DA8E3F7DAFE94E7190038
:10C8F0001B9A0DA8E3F77AFEA5E77020D6F7F4FAA5
:10C90000254A0023026049466C2243608360C3606D
:10C91000037443618361C361036243628362C362E0
:10C92000036343638363C3636C3183540400FEF782
:10C930006FFC4B4621005246D86EDDF707FF3C687E
:10C9400092E6002912D13200B24639005846E3F788
:10C950001BFD636B0BE75846626C5942E3F746FEDA
:10C96000320039005846E3F7F1FD03E7B246CCE662
:10C970005846E3F7B3FC0C9B059AD11A0C3B1A00FE
:10C980008910EAE6103D00204C3C0020303C00209D
:10C990005CCE0410243C002088A204105846E3F723
:10C9A0009DFC0C98C2E604390B685A1E0A60002BE5
:10C9B00000DD63E73900E3F705FC5FE7013651E787
:10C9C000F2F72EF90F4C13000F480A002100F2F77E
:10C9D0007FF90DA8FEF72EF85846FEF72BF808F061
:10C9E00061FBF9E708F0E8FC236820005B689847E2
:10C9F00009F050F908F0E0FCFAE708F017FD08F03C
:10CA000051FBC046B8800410607F0410F0B5DE46CC
:10CA1000454657464E46E0B58DB004AFBA60FB6060
:10CA2000082240239B18DB191B7888469B4610235D
:10CA3000F96C9B186C310500D819DDF72BFC5B48AD
:10CA4000DDF706FFBB6980005B68C3589946002B81
:10CA500000D199E090B004AEDDF72AFC544BF861A8
:10CA60009A46BB6DFC6D14200293039408240023A6
:10CA700000190093402253463100C019E4F7C2FC6C
:10CA800004003F284EDC08220C239B1800212000C4
:10CA9000DA19E3F771FB0200A2460C3A9268030030
:10CAA000F861B244002A5ADA4A4612683100D46A60
:10CAB00048465246A0475B46002B23D10822142348
:10CAC0009B18DB1902933B6D41460193FB6C2800D8
:10CAD0000093BA68FB68FFF7A1FDFB69354A1800AF
:10CAE0000C38904243D1082210239B18D819DDF747
:10CAF0006BFC2800BD4609B0F0BCBB46B246A94657
:10CB0000A046F0BD082214239B18DB1902933B6D4D
:10CB100041460193FB6C28000093BA68FB68FFF75D
:10CB200085FBDAE769460834E408E400091B8D4612
:10CB3000431C7B6004AEDDF7BBFBBB6DFC6DF86195
:10CB400002930394142000230824009300195346F1
:10CB500031007A68C019E4F755FC040093E7142308
:10CB600008229B18D819E3F7B9FBFB699CE7043B43
:10CB70001A68511E1960002AB5DC08220C239B1884
:10CB8000D919E3F71FFBAEE7F2F74AF8142308229E
:10CB90009B18D819FDF74EFF082210239B18D819AF
:10CBA000DDF712FC08F07EFAF6E7C046103D0020E3
:10CBB000CC800410243C002010B586B0059308AB4F
:10CBC0001B7804000492002B0BD00B9B02930A9B52
:10CBD0000193099B0093059BFFF728FB200006B0FB
:10CBE00010BD0B9B049A02930A9B0193099B00932F
:10CBF000059BFFF713FDF1E7F8B54746CE4680B534
:10CC00009846099E089B15009C1BB023C26807002C
:10CC100089461A40202A56D0102A09D00027002C15
:10CC200042D1F21BBE4247D1C0BCB946B046F8BDA6
:10CC30003848DDF70DFEFB6E80005B68C758002F9B
:10CC400066D03B682D219B6A3800984743461B6895
:10CC500083424BD03B682B219B6A38009847434660
:10CC60001B68834242D03B6830219B6A380098475A
:10CC700043461B688342D1D1012ECFDD3B6878212A
:10CC80009B6A3800984743465B68834234D03B68D0
:10CC900058219B6A3800984743465B6883422BD0F3
:10CCA0003200002C0AD000272200494628000BF051
:10CCB00085FAF21BBE42B7D0A4002D1941462800C8
:10CCC0000EF0D4FAB0E7002E08D1002CACD0B000A2
:10CCD0002200494628180BF071FAA5E732004146B8
:10CCE00028000EF0C3FA002C9ED0F0E704239C46E7
:10CCF000012701C5E04492E743461B6802272B60E9
:10CD000043465B686B6008239C460835E04486E731
:10CD1000F1F786FF103D002030B583B0089D180064
:10CD20002B68140001930092079B069AFFF764FF9B
:10CD30002C6003B030BDC046F0B5DE464E464546D9
:10CD40005746E0B58FB004AF3D6DBA60FB60082276
:10CD50005023804628009B18DB196C301E787960C0
:10CD6000FFF75EF86B6881469B46002B01DA0623CD
:10CD70009B46082110235B183200D919280009F0BE
:10CD800019FF8222EB6852008CB0134004AE93422C
:10CD900000D1B6E0DDF78CFA3A6E7B6E78610292D4
:10CDA00003935B460822009310230C2008249B1851
:10CDB000DA190019130031002D22C019E4F722FB03
:10CDC00038612C2800DD7DE08248DDF741FDEB6E07
:10CDD00080005B68C058002800D1F9E069463A69D4
:10CDE00093000733DB08DB00CB1A9D4604AB9A4661
:10CDF00003683100DC6AB2185346A0473C69002C36
:10CE000000D1DDE022002E2130000BF0E5FA4B4688
:10CE10001B7C002800D1C2E04A46801B526A800079
:10CE200050440260002B00D1C8E06A46E300D31AE8
:10CE30009D4604AB9B46FD2133785A462B3B00268A
:10CE40000B4207D1524608CA013C92465A463C6101
:10CE500008C201364B469B6A49463B600823994607
:10CE60009C46B944CC446346CC68896803935346D6
:10CE700001920293009022003B687868FFF78EF9D8
:10CE80003C6934193C61AA68944200DA6FE00023DF
:10CE90003E7BAB60BD68002E08D12B68220059464E
:10CEA00028001B6B9847844200D08FE043464046E1
:10CEB000BD461D601E710BB0F0BCBB46B246A94614
:10CEC000A046F0BD421C92466A460830C008C00029
:10CED000121A9546DDF7ECF93A6E7B6E7861029294
:10CEE00003935B46082200930C20102304AE9B188A
:10CEF000001952463100DB19C019E4F783FA386192
:10CF000062E7DDF7D5F93B6E7C6E7861082200930D
:10CF100001940C200824102300199B18DA19C41955
:10CF2000130031002D222000E4F76CFA38612C2820
:10CF300000DC49E76A46441C0830C008C000121AE9
:10CF40009546DDF7B5F93A6E7B6E786100920193F4
:10CF5000082210230C209B182200082404AE00197C
:10CF60003100DB19C019E4F74DFA38612CE7694646
:10CF700093000733DB08DB00CB1A9D46082108230A
:10CF80005B18DB1902935B4604AE019300962B00FD
:10CF9000796D7868FFF7C0FEB3463C6977E7002BF0
:10CFA0000CD0022C00DC40E77378392B06D8B2781D
:10CFB000303A092A02D82F2B00D936E7D34662E748
:10CFC0004B461B7C002BF9D000202EE701366DE785
:10CFD000F1F726FE103D002070B50400002088B057
:10CFE00002900D980E9D0F9E01900C980495059649
:10CFF00000902000FFF7A0FE200008B070BDC046E2
:10D00000F0B5DE464E4645465746E0B58FB004AF14
:10D010003D6DBA60FB6008225023804628009B18B3
:10D02000DB196C301E787960FEF7FAFE6B6881467A
:10D030009B46002B01DA06239B46082110235B1830
:10D040003200D919280009F0B5FD8222EB685200A0
:10D050008CB0134004AE934200D1B6E0DDF728F95E
:10D060003A6E7B6E7861029203935B4608220093CE
:10D0700010230C2008249B18DA1900191300310022
:10D080002D22C019E4F7BEF938612C2800DD7DE0BF
:10D090008248DDF7DDFBEB6E80005B68C05800283E
:10D0A00000D1F9E069463A6993000733DB08DB00F9
:10D0B000CB1A9D4604AB9A4603683100DC6AB2186D
:10D0C0005346A0473C69002C00D1DDE022002E2110
:10D0D00030000BF081F94B461B7C002800D1C2E0E8
:10D0E0004A46801B526A800050440260002B00D1E7
:10D0F000C8E06A46E300D31A9D4604AB9B46FD2177
:10D1000033785A462B3B00260B4207D1524608CAB9
:10D11000013C92465A463C6108C201364B469B6A26
:10D1200049463B60082399469C46B944CC44634633
:10D13000CC688968039353460192029300902200C1
:10D140003B687868FFF72AF83C6934193C61AA68A3
:10D15000944200DA6FE000233E7BAB60BD68002E96
:10D1600008D12B682200594628001B6B984784423F
:10D1700000D08FE043464046BD461D601E710BB097
:10D18000F0BCBB46B246A946A046F0BD421C924642
:10D190006A460830C008C000121A9546DDF788F8C4
:10D1A0003A6E7B6E7861029203935B46082200938D
:10D1B0000C20102304AE9B18001952463100DB19D5
:10D1C000C019E4F71FF9386162E7DDF771F83B6ECB
:10D1D0007C6E78610822009301940C2008241023AF
:10D1E00000199B18DA19C419130031002D222000F0
:10D1F000E4F708F938612C2800DC49E76A46441C4A
:10D200000830C008C000121A9546DDF751F83A6E92
:10D210007B6E786100920193082210230C209B18EA
:10D220002200082404AE00193100DB19C019E4F70C
:10D23000E9F838612CE7694693000733DB08DB0027
:10D24000CB1A9D46082108235B18DB1902935B4625
:10D2500004AE019300962B00796D7868FFF75CFDB2
:10D26000B3463C6977E7002B0CD0022C00DC40E78A
:10D270007378392B06D8B278303A092A02D82F2B86
:10D2800000D936E7D34662E74B461B7C002BF9D02A
:10D2900000202EE701366DE7F1F7C2FC103D0020BB
:10D2A00070B504004C2088B002900D980E9D0F9E22
:10D2B00001900C980495059600902000FFF7A0FEC1
:10D2C000200008B070BDC046F0B5C64600B51700D6
:10D2D00006AA127880460C00002A17D0050020000C
:10D2E0000A21D5F7D9F804318900CB59043D200033
:10D2F0000A212B60D5F7D0F826000400092EEED8BD
:10D300004346581B801080BCB846F0BD4A221A40E4
:10D31000402A14D08022D20113405A4253410F2296
:10D3200005000F215B42934314330A002240D218B8
:10D330009200D259043D2A602409F6D1E0E70500A5
:10D34000393A1300234004339B00DB59043D2B6022
:10D35000E408F6D1D4E7C046F0B557464E464546F8
:10D36000DE46E0B58DB004AF7B61BB6C06001800F3
:10D370006C309846B9603A61FEF752FD2C239C460A
:10D3800084446346FB604346DB6894B0994604AB33
:10D390009A464A464A231A400500396D7A60402A67
:10D3A00007D0082A05D0493B9B46002903DC4942A7
:10D3B00001E000239B465B4650460093FA684B46CB
:10D3C0005030FFF781FF1421F861091A2B7C890086
:10D3D00004005144002B4DD15B46002B69D03B6DBE
:10D3E000002B41DB4B461B051ED443469A68A242E4
:10D3F00023DC0023424693603B7D3D699846002B29
:10D4000006D12B68220028001B6B9847A04268D1E8
:10D4100043463000BD463560337109B0F0BCBB46B1
:10D42000B246A946A046F0BD2B6B04390B604346BB
:10D430009A680134FC61A242DBDD68469300073341
:10D44000DB08DB00C31A9D4610200C231B1804AD1B
:10D45000DB19029301910095F96C4346B868FFF718
:10D460005BFC2900FC69C4E7EB6A043901340B60FA
:10D47000FC61BAE76B46C40008341B1B9D4606AB33
:10D480009A46A868AB6AEA68029151469C460C2409
:10D49000102301914146E418E41903940091634676
:10D4A0000100B868FEF7ACFE5B465146FC69002BF4
:10D4B00095D14B469B0598D53B6D002B95D07B684D
:10D4C000402B11D04B465B04DB0FFA6802339B0004
:10D4D0009A580B1F1A60EB6B083902340B60FC6121
:10D4E00083E70123984693E7EB6B043901340B6023
:10D4F000FC617AE710B5040086B00A98029009989A
:10D500000190089800902000FFF726FF200006B049
:10D5100010BDC046F0B54E4645465746DE46E0B51E
:10D52000050010208DB004AF3C18636040231B1829
:10D53000DB191B78BE6C9846F3683A619946DB07A5
:10D540001CD443460293FB6C0096102608380193C6
:10D55000801963683A69C019FFF7FEFEBB693B6139
:10D560003B7F23712B002800BD4606CC06C309B0C3
:10D57000F0BCBB46B246A946A046F0BD30006C30B8
:10D58000FEF74EFC4346002B31D043692279FB6005
:10D59000836993469A463A69B36890469A4531DA68
:10D5A000524669469A1A93000733DB08DB00CB1A10
:10D5B0009D4604AB1800F96CBA607B600AF0FEFD72
:10D5C00000234A46B360B0331340202B2DD05B4676
:10D5D000002B25D14346BE681B68320040461B6BBA
:10D5E00079689847864212D001239B4618E0C369A8
:10D5F0002279FB60036A93469A463A69B36890467B
:10D600009A45CDDB0023B3605B46002B08D143462F
:10D610001B68524640461B6BF96898478245E3D128
:10D6200043463B615B4623719CE75B46002BF7D189
:10D6300043461B68524640461B6BF9689847824533
:10D64000D2D14346BE681B68320040461B6B7968E6
:10D6500098478642E4D0C7E7F0B5DE4657464546D0
:10D660004E46E0B58DB004AF7B61BB6C0600180080
:10D670006C3098463A61B960FEF7D2FB2C239C4689
:10D6800084446346FB604346DB6894B09A4604AB2F
:10D690009B4652464A231A40050013007A60402AEE
:10D6A00038D0083B5A1E9341DBB299464B46584648
:10D6B0000093396D5346FA685030FFF705FE142188
:10D6C000F861091A2B7C890004005944002B3BD1D6
:10D6D0004B46002B57D043469A68A2421DDC0023DC
:10D6E000424693603B7D3D699846002B06D12B68EE
:10D6F000220028001B6B9847A0425CD143463000B3
:10D70000BD463560337109B0F0BCBB46B246A94690
:10D71000A046F0BD00239946C8E76846930007334A
:10D72000DB08DB00C31A9D4610200C231B1804AD38
:10D73000DB19029301910095F96C4346B868FFF735
:10D74000EBFA2900FC69CAE76B46C40008341B1BCE
:10D750009D4606AB9B46A868AB6AEA6802915946AB
:10D760009C460C24102301914146E418E4190394CB
:10D77000009163460100B868FEF742FD4B465946EA
:10D78000FC69002BA7D153469B05A4D53B6D002B0C
:10D79000A1D07B68402B11D053465B04DB0FFA68A5
:10D7A00002339B009A580B1F1A60EB6B0839023446
:10D7B0000B60FC618FE7012398469FE7EB6B043910
:10D7C00001340B60FC6186E710B5040086B00A984E
:10D7D000029009980190089800902000FFF73CFF04
:10D7E000200006B010BDC046F0B5CE46474680B515
:10D7F00089B0109E04001700180004920593124A85
:10D80000F36804AD98461A4082239B001343F360EB
:10D8100006AB9946129B3A000293119B0096019326
:10D8200003004846FFF718FF069B200004934B4671
:10D830001B792B714346F360230006CD06C309B064
:10D84000C0BCB946B046F0BDB5BFFFFFF0B5C64697
:10D8500000B51D0008AB1B7880461400069F002B06
:10D8600019D00600200029000A220023D4F752FE16
:10D8700004329200D359043E2200336004002B008E
:10D880000D00002BEED1092AECD84346981B8010DE
:10D8900080BCB846F0BD4A23079A1340402B1AD0EB
:10D8A0008022079BD2011A4053425A410F2306009F
:10D8B0000F2152429A43143223000B409B189B00C5
:10D8C000DB59043E336024092B071C4323002D0938
:10D8D0002B43F1D1D9E7060007222300134004337C
:10D8E0009B00DB59043E3360E4086B071C432300B4
:10D8F000ED082B43F1D1C8E7F0B5DE4657464E465A
:10D900004546E0B58FB004AFFB613B6D060098461D
:10D910004046BC6DFB6D6C309A46F960BA61BC60E4
:10D92000FEF77EFA2C239C46844463463B614346C3
:10D93000DB68A8B0994604AB9B4649464A23194088
:10D940000500220053467960402907D0082905D0F8
:10D95000002B00DC9EE00121796101E0002179616A
:10D96000796958460291494601913969A030009180
:10D97000FFF76CFF28217862091A2B7C89000400CC
:10D980005944002B4ED17B69002B6AD05346002BA3
:10D9900042DB4B461B051FD443469A68A24224DC57
:10D9A0000023424693603B7FBD699846002B07D118
:10D9B0002B68220028001B6B9847A04200D076E01D
:10D9C00043463000BD46356033710BB0F0BCBB46FA
:10D9D000B246A946A046F0BD2B6B04390B60434606
:10D9E0009A6801347C62A242DADD6846930007330C
:10D9F000DB08DB00C31A9D4618200C231B1804AD5E
:10DA0000DB19029301910095796D4346F868FFF7A1
:10DA100083F929007C6AC3E7EB6A043901340B609F
:10DA20007C62B9E76B46C40008341B1B9D4606ABFD
:10DA30009B46A868AB6AEA68029159469C460C244A
:10DA4000182301914146E418E419039400916346B8
:10DA50000100F868FEF7D4FB7B6959467C6A002B0D
:10DA600094D14B469B0597D55246BB68134393D040
:10DA70007B68402B1ED04B465B04DB0F3A690233B8
:10DA80009B009A580B1F1A60EB6B083902340B602D
:10DA90007C6281E7002B02D1002C00D05BE71900EB
:10DAA0001000002342428B410121796158E7012394
:10DAB000984685E7EB6B043901340B607C626BE7B9
:10DAC00070B5040086B00B980C9D0D9E01900A98CD
:10DAD0000295039600902000FFF70EFF200006B08D
:10DAE00070BDC046F0B5DE46574645464E46E0B5E9
:10DAF0008FB004AFFB613B6D060098464046BB6D9E
:10DB00006C307B61FB6DBA613B61B960FEF788F9EF
:10DB10002C239C4684446346FB604346DB68A8B0E4
:10DB20009A4604AB9B4652464A231A40050013000E
:10DB30007A60402A3BD0083B5A1E9341DBB299469B
:10DB40004B460293534658460193FB68A03000931E
:10DB50003B697A69FFF77AFE28217862091A2B7CE3
:10DB6000890004005944002B3BD14B46002B57D071
:10DB700043469A68A2421DDC0023424693603B7FE5
:10DB8000BD699846002B06D12B68220028001B6B2C
:10DB90009847A0425DD143463000BD4635603371A1
:10DBA0000BB0F0BCBB46B246A946A046F0BD002370
:10DBB0009946C5E7684693000733DB08DB00C31AC4
:10DBC0009D4618200C231B1804ADDB19029301910C
:10DBD0000095796D4346B868FFF79EF829007C6A86
:10DBE000CAE76B46C40008341B1B9D4606AB9B4628
:10DBF000A868AB6AEA68029159469C460C2418232F
:10DC000001914146E418E419039400916346010030
:10DC1000B868FEF7F5FA4B4659467C6A002BA7D147
:10DC200053469B05A4D57B693A691343A0D07B6812
:10DC3000402B11D053465B04DB0FFA6802339B0084
:10DC40009A580B1F1A60EB6B083902340B607C6228
:10DC50008EE7012398469EE7EB6B043901340B6095
:10DC60007C6285E770B5040086B00B980C9D0D9E14
:10DC700001900A980295039600902000FFF732FF6A
:10DC8000200006B070BDC04670B54368040000684F
:10DC90000D00002801D05A1C11D001335A425341C3
:10DCA0002868DCB26B68002801D05A1C11D0581CBF
:10DCB00043425841001B43425841C0B270BD836883
:10DCC000C268934214D21B685A1CE6D1002222601B
:10DCD000E3E78368C268934205D21B685A1CE6D109
:10DCE00000222A60E3E703685B6A98470300F5E7D0
:10DCF00003685B6A98470300E6E7C04610B5040076
:10DD000023684068002B01D0421C00D010BD9A68E7
:10DD1000D9688A4205D21068431CF7D100232360DA
:10DD2000F4E71A681800526A9047F5E7F0B5DE4646
:10DD3000454657464E46E0B58DB006901898089275
:10DD40006C3009931A9EFEF76BF808AD070016A910
:10DD50002800FFF799FF0190002800D16FE2002210
:10DD60000024924693463B7CC94A07920B92002BB3
:10DD700000D05DE292235B00FB5C0593002B00D09A
:10DD80009BE0019B002B00D0BFE30293C14B0093AB
:10DD90002300303B092B54D8E3B29B4633681A006A
:10DDA0000C3A116888464C1C51688C4203D8926822
:10DDB000002A00DC44E10BAB210030009946E2F779
:10DDC00043F833681A000C3A1268594699540122F4
:10DDD00033689346009A0C3B934200D086E12C684E
:10DDE000A368E268934200D365E10121043349420C
:10DDF000A36069609A4200D86BE11C68631C00D183
:10DE000071E1013463425C411698179BE4B200282B
:10DE100002D05A1C00D12EE101335A425341A34291
:10DE200000D1B6E02868002809D08368C268934210
:10DE300000D350E31C68631CAAD100232B6001248B
:10DE400064427B6AA34200D1B9E282235B00FB58A3
:10DE5000A34205D08E235B00FB58A34200D098E07C
:10DE6000029B002B00D094E05B46002B00D190E099
:10DE70000BAB652130009946E2F7EEF82868FCF715
:10DE8000CDFD012328005B4216A96B60FFF7FCFE65
:10DE9000029000287DD12800FFF730FFC023FB58F7
:10DEA0000400834200D1B4E1BC23FB582D219842E9
:10DEB00000D1AFE15B4602936AE7019B002B00D0E3
:10DEC00023E3CC339C46BC446346002204933B7C52
:10DED0000292013A90466F4A0392002B03D0BA6A2D
:10DEE000A24200D17AE07B6AA34200D0AAE00BAB49
:10DEF00099460B9B019A0C3B1B68002A00D066E2F6
:10DF0000029A002A00D062E2002B04D05346484611
:10DF1000D9B2E2F7A1F833681A000C3A11680091FF
:10DF20004C1C51688C4203D89268002A00DC3BE10B
:10DF300021003000E1F788FF33681A000C3A1168BD
:10DF40002E225A543368039A0C3B934200D034E19A
:10DF5000059B01932C68A368E268934258D241461E
:10DF60000433A360696093425ED21C68631C64D072
:10DF7000013463425C411698179BE4B2002802D03A
:10DF80005A1C00D104E101335A425341A34200D04C
:10DF900082E00B9E34000C3C2368002B0FD0019BC9
:10DFA000002B00D15DE20BAB99464A46F968B86890
:10DFB00008F086FE002802D10423199A1360354B1D
:10DFC000069A03CD03C29C4200D06EE206980DB0C3
:10DFD000F0BCBB46B246A946A046F0BD019B002B53
:10DFE00000D0F4E1029B002B00D0F0E15346002B5F
:10DFF00000D1A7E2D9B20BAB18009946E2F72CF892
:10E0000000232C689A460193E268A3689342A6D342
:10E0100023680BAA20009B6A914698474346E26812
:10E020006B60A3689342A0D323680BAA20005B6AAD
:10E03000914698470400631C9AD100232B6097E710
:10E040004246C2E6049B0A2221001800994610F0BD
:10E0500095FB002850D04B46C11A891030310BABCC
:10E060003000C9B29946E1F7F7FF01239C46059BB2
:10E07000E2449B466EE78368C268934200D3B0E1F6
:10E080001B685A1C00D0C7E600221692C4E6C046A0
:10E09000403C0020343C00202868002800D194E057
:10E0A0008368C268934200D341E21C68631C00D1BC
:10E0B000CEE13B7C11E723680BAA20009B6A9146C6
:10E0C000984701235B426B60E268A3689A4200D9DB
:10E0D00093E623680BAA20005B6A914698470400E8
:10E0E000631C00D08DE600232B608AE600221C60B2
:10E0F0009A6043445A7372E682235B00FB58A34242
:10E1000005D08E235B00FB58A34200D041E70BAB48
:10E1100099460B9B029A0C3B1B68002A00D038E7FB
:10E120005A46002A00D134E7002B03D0019B002B74
:10E1300000D13EE165213000E1F78EFF2868836859
:10E14000C268934200D3A0E10433836043462800B1
:10E1500016A96B60FFF798FD0290002800D018E721
:10E1600028686C68002802D0631C00D140E1C023FD
:10E17000F9583B7CA1422CD0BC22BA58A24245D1CE
:10E18000002B2ED17B6A9C4200D165E12D2137E026
:10E190008368C268934200D393E11B685A1C00D085
:10E1A000F1E600221692EEE62E2200995A543368C8
:10E1B000039A0C3B934200D1CAE6009900228C4698
:10E1C0009A601C6063445A73C2E601243B7C64423B
:10E1D00083E6002B05D17B6AA34200D13CE12B21D1
:10E1E0000EE0BA6AA24200D14CE17B6AA34200D1A0
:10E1F00048E1091B4B4259410123494299432D31C2
:10E200003000E1F729FF5B460293A3E65A460292EB
:10E2100063E62B210BAB30009946E1F71DFF5B460F
:10E220000293DCE5B2468B464E46C44B07930B93F4
:10E230000BAB202118009946E1F706FE9AE528006D
:10E24000FFF75CFDC023F9583B7C04001800A14295
:10E2500000D123E1BC22BA58A24200D1D4E000226E
:10E260009346B14659465E46CC329046B44A009237
:10E27000002B02D0BA6AA242D4D07A6AA24200D15C
:10E2800093E04246BA58A24200D08EE0002929D03D
:10E290002B6801369A4652469B68D268934250D208
:10E2A000514604338B60012149426960934256D242
:10E2B0001868431C5AD0013043425841C3B21698E3
:10E2C0009A46179B002801D05A1C61D001335A424C
:10E2D000534153454DD10122B2463B7C4E469346B5
:10E2E000019241E54B461B681A000C3A11688B46B7
:10E2F000012159448A4651688A4503D891685A4693
:10E30000002908DD51464846E1F79EFD4B461B6853
:10E310001A000C3A1268302199544B461B68009A37
:10E320000C3B9342B4D0002251469A6019605B4482
:10E330005A732B6801369A4652469B68D2689342BC
:10E34000AED353461B6850469B6A984701235B42F5
:10E3500052466B605346D2689B689342A8D353469B
:10E360001B6850465B6A9847431CA4D100232B606E
:10E37000A1E72868002815D08368C268934200D3BB
:10E38000CAE01C68631C00D1A2E001213B7C6FE75E
:10E390008368C26893427CD21B685A1C96D10022C3
:10E3A000169293E701246442EFE7B2468B464E464D
:10E3B000DAE453464846D9B2E1F74EFEBAE6019B8D
:10E3C000002B00D041E5029B002B00D18AE00B9E80
:10E3D0000BAA34000C3C23689146002B00D0E4E5E6
:10E3E000EDE503680BAA5B6A91469847030048E68F
:10E3F0008368C268934200D382E01C68631C00D02B
:10E40000B5E600232B60B2E6002B74D0BA6AA242B4
:10E4100025D07B6AA34222D0091B4B4259410123DC
:10E42000494299432D313000E1F716FE0898FCF778
:10E43000F5FA012328005B4216A96B60FFF724FC64
:10E4400000286ED000223B7C9346924601908BE4DC
:10E4500000232B603B7C40E55A46029244E50300D2
:10E46000FDE60BAB9946029B002B00D09DE5534681
:10E47000D9B20BAB18009946E1F7EEFD0B9E3400C4
:10E480000C3C92E55B4602932AE503689B6A984739
:10E490005CE603685B6A984703007EE7002BB5D112
:10E4A0007A6A2B21A242BED1D9E6043E33685A1EB5
:10E4B0003260002B00DD89E520000AA9E1F76CFB42
:10E4C00084E503680BAA5B6A91469847030065E6FA
:10E4D00000232B6059E703680BAA5B6A91469847B3
:10E4E0000400A8E4013301932E210BAB30009946C0
:10E4F000E1F7B2FD73E47A6A2D21944293D1AEE63E
:10E5000003685B6A9847040078E70B9E34000C3C74
:10E510002368002BABD152E503685B6A984704007F
:10E5200030E72800FFF7EAFB3B7C040097E603682E
:10E530000BAA5B6A914698470400B7E5403C00206F
:10E54000343C00203268114B11000C3988680028D7
:10E550000BDD994210D1079A32600B9E00213400E6
:10E560000C3C2268002A84D12AE59942F5D0504615
:10E57000886008601070F0E7043A01381060EAE73C
:10E580004846FCF79BFA06F08DFDC046343C00205F
:10E59000F0B54746CE4680B58DB00993179B06006F
:10E5A00098460AAB99463E4B0F004846202108ACDE
:10E5B00008920A93E1F748FC4B46049343460393C1
:10E5C000169B14AA02936B4603CA03C306AD390017
:10E5D0002800089A6368FFF7A9FB230006CD06C34D
:10E5E000089F0A9DDBF764FE0B900BAB42462800A8
:10E5F000189907F0A3FF6368002F01D05A1C24D09C
:10E6000001335A4253411498DDB2159B002801D0C2
:10E610005A1C25D001335A425341AB4205D14346DF
:10E6200002221B681343424613603300089706CC4E
:10E6300006C30A9B1B4A18000C38904216D13000C2
:10E640000DB0C0BCB946B046F0BDBB68FA68934295
:10E650001BD21B685A1C511E8A4152421740CFE7F9
:10E660008368C26893420BD21B68D3E7043B1A68E5
:10E67000511E1960002AE2DC0BA9E1F78DFADEE7F2
:10E6800003685B6A98470300C4E73B6838005B6A2D
:10E6900098470300DEE74846FCF710FA06F002FD53
:10E6A000403C0020343C0020F0B54746CE4680B5C3
:10E6B0008DB00993179B060098460AAB99463E4BCE
:10E6C0000F004846202108AC08920A93E1F7BCFBF2
:10E6D0004B46049343460393169B14AA02936B463E
:10E6E00003CA03C306AD39002800089A6368FFF720
:10E6F0001DFB230006CD06C3089F0A9DDBF7D8FD4E
:10E700000B900BAB42462800189907F05DFF636839
:10E71000002F01D05A1C24D001335A42534114987F
:10E72000DDB2159B002801D05A1C25D001335A4276
:10E730005341AB4205D1434602221B681343424674
:10E7400013603300089706CC06C30A9B1B4A1800C7
:10E750000C38904216D130000DB0C0BCB946B0465E
:10E76000F0BDBB68FA6893421BD21B685A1C511E4D
:10E770008A4152421740CFE78368C26893420BD266
:10E780001B68D3E7043B1A68511E1960002AE2DCBB
:10E790000BA9E1F701FADEE703685B6A984703001B
:10E7A000C4E73B6838005B6A98470300DEE74846E9
:10E7B000FCF784F906F076FC403C0020343C002055
:10E7C000F0B54746CE4680B58DB00993179B06003D
:10E7D00098460AAB99463E4B0F004846202108ACAC
:10E7E00008920A93E1F730FB4B46049343460393A8
:10E7F000169B14AA02936B4603CA03C306AD3900E5
:10E800002800089A6368FFF791FA230006CD06C333
:10E81000089F0A9DDBF74CFD0B900BAB424628008E
:10E82000189907F021FF6368002F01D05A1C24D0EB
:10E8300001335A4253411498DDB2159B002801D090
:10E840005A1C25D001335A425341AB4205D14346AD
:10E8500002221B681343424613603300089706CC1C
:10E8600006C30A9B1B4A18000C38904216D1300090
:10E870000DB0C0BCB946B046F0BDBB68FA68934263
:10E880001BD21B685A1C511E8A4152421740CFE7C7
:10E890008368C26893420BD21B68D3E7043B1A68B3
:10E8A000511E1960002AE2DC0BA9E1F775F9DEE7D9
:10E8B00003685B6A98470300C4E73B6838005B6AFB
:10E8C00098470300DEE74846FCF7F8F806F0EAFB55
:10E8D000403C0020343C0020F0B55746DE464E4612
:10E8E0004546E0B58FB01A9C069020006C300A9225
:10E8F0000B93FDF795FA4A23E2680AAF1A40050028
:10E9000091461300402A00D18AE2083B5A1E9341E7
:10E9100005225B4293431033380018A90093FFF798
:10E92000B3F9041E00D084E23800FFF7E7F9BC23F6
:10E93000EA580600131A59424B41DBB20793824250
:10E9400004D0C023EB58834200D088E22B7C002BFC
:10E9500000D006E16A6AB24211D00A98FCF75EF86C
:10E96000012338005B4218A97B60FFF78DF900286E
:10E9700000D078E23800FFF7C1F906002B7C0022B6
:10E9800093469046CC3292460194002B03D0AA6A5B
:10E99000B24200D175E26A6AB24200D155E25246F3
:10E9A000AA58B24200D105E15A46002A00D122E11C
:10E9B000C422AA58B24204D0C822AA58B24200D0F7
:10E9C00069E24A46002A00D1D2E0009A102A00D01B
:10E9D00074E200239B4698463C68A368E268934231
:10E9E00000D3D0E0012104334942A36079609A4208
:10E9F00000D8D4E01C68631C00D1D8E00134634225
:10EA00005C411898199BE4B2002802D05A1C00D12E
:10EA10002AE101335A425341A34200D0D9E00124F4
:10EA20002B7C009A102A00D1EAE0009A0192BA4A9F
:10EA30000D92002B00D0EAE0B84A079B944663444D
:10EA4000180000990393D3F727FD922302905B00EF
:10EA5000EB5C0893002B00D064E1002399469A46B2
:10EA6000002C45D1019B013C30330493019B0A2BC0
:10EA700000D9E7E02F2E00D810E1049BB34200D864
:10EA80000CE1303E029B534500D2C7E05146009B4B
:10EA9000B2465943039B8A449A1B8A4292414B4691
:10EAA00052421343994601239C463E68E044B368B2
:10EAB000F268934200D3B9E00433B3607C609342C0
:10EAC00000D3FFE11E68731C00D1D7E10136734209
:10EAD0005E411898199BF6B2002802D05A1C00D14A
:10EAE0000EE101335A425341B34200D0C8E0012441
:10EAF0000D9A002013000C3B19680490002900D0E7
:10EB0000D6E04146002905D15946002902D11968AD
:10EB100000292BD00499002928D14946002900D189
:10EB200095E17E480799844661441C980160042160
:10EB30001B980160002C05D002201B990968014335
:10EB40001B980160069911CF11C175498B4200D005
:10EB5000A8E106980FB0F0BCBB46B246A946A04655
:10EB6000F0BDAA6AB24200D0F4E608E70021DCE773
:10EB700000233C6898469B4610330093E268A368E4
:10EB8000934200D22EE7236820009B6A9847012316
:10EB90005B427B60E268A3689A4200D92AE7236857
:10EBA00020005B6A98470400631C00D026E700231E
:10EBB0003B6023E75A46002A4AD0009A0A2A00D02E
:10EBC000F6E64B46002B00D13AE101239C46E04497
:10EBD00002E73868002800D181E08368C268934268
:10EBE00000D385E11E68731C00D158E15A462B7C86
:10EBF000002A00D0C9E6009A0024102A00D014E7A9
:10EC000016220192444A0D92002B00D114E70DAB5D
:10EC1000202118000593E1F717F90DE701233E685D
:10EC20009946F268B368934200D245E733680DAA6B
:10EC300030009B6A0592984701235B427B60F26833
:10EC4000B3683CE73300303B092B52D81E0019E76C
:10EC50004B46002B46D0009B082B00D1D1E001236E
:10EC60009C469B46E044B7E68368C268934200D363
:10EC7000FFE01B685A1C00D0CBE600221892C8E6C1
:10EC8000386800280AD08368C268934200D328E11C
:10EC90001E68731C00D0E9E600233B600D9A00203B
:10ECA00013000C3B196800240490002900D128E7C8
:10ECB0004346D9B20DAB18001E000593E1F7CCF91D
:10ECC0003200E968A86807F0FBFF0D9A13000C3BBF
:10ECD000002800D015E704211B98016011E70126E8
:10ECE000764283E70023984601339B46073300931F
:10ECF00072E63300613B052B00D98AE0573EC1E63E
:10ED00008368C268934200D3E4E01B685A1C00D0B9
:10ED1000E7E600221892E4E6403C0020FFFFFF7F78
:10ED2000343C0020002C00D0E7E0CC239C46AC44CF
:10ED300063460993002399469A462B7C0493002B43
:10ED400002D0AB6AB34245D06B6AB342A6D0019BF6
:10ED5000002BA3D0099C1A00310020000FF00EFDFB
:10ED600000289BD0001B83103C2800DD063B029A44
:10ED700052454BD35146009A48465143039A9A460E
:10ED8000D21A8A429241012352429C461043814644
:10ED90008A44E04438688368C26893422BD20433C3
:10EDA000836001235B427B6038000DAB18A905939B
:10EDB000FEF76AFF041E00D09AE60DAB38000593FB
:10EDC000FEF79CFF2B7C06000493002BBCD0AB6AA3
:10EDD000B342B9D14346002B00D192E0D9B20DAB7A
:10EDE00018000593E1F738F9002338689846C2689F
:10EDF00083689342D3D303680DAA9B6A0592984710
:10EE0000CFE70023984601339B46E5E5089B9946EA
:10EE1000C0E73300413B052B00D93FE7373E31E6E1
:10EE20000823380018A90093FEF72EFF041E00D116
:10EE30007AE500222B7C0026904693460792F0E567
:10EE40000023984608330093C6E5019CE9E507983E
:10EE50005146002800D049421C9801606AE6002211
:10EE60002B7C07928BE500220400934690462B7C76
:10EE7000D7E503685B6A98470300FBE600233B6025
:10EE800024E6009A019C102A00D0CEE5244B0D9375
:10EE900016230193BBE60122019C9346C1E50023A2
:10EEA0003B60A3E6043A1168481E1060002900DDAB
:10EEB0004FE618000CA9E0F76FFE4AE60122019C1C
:10EEC0009346B2E533680DAA30005B6A0592984715
:10EED0000600F8E503680DAA5B6A059298470300EF
:10EEE00014E703680DAA5B6A059298470600D0E60E
:10EEF00003685B6A9847060075E600239A469946C0
:10EF0000F6E50D9A002413000C3B1968002900D186
:10EF1000FAE5CDE60598FBF7D1FD06F0C3F8C0464B
:10EF2000403C0020F0B54E465746DE464546E0B52B
:10EF300001278FB004001A980B93C3680AAE0A9297
:10EF40003B4228D101235B420D9308AB98460DABA1
:10EF500004931B9B029003936B4618AA21CA21C3FA
:10EF600040460A9A7368FFF7B7FC3300404606C86C
:10EF700006C30D9B012B00D92CE11C9A3B4013705A
:10EF80002300200006CE06C30FB0F0BCBB46B2463D
:10EF9000A946A046F0BD6C30FCF742FF026A8246EB
:10EFA00053425A418369D5B25A425341DBB2984623
:10EFB000002399460123A3460793002D00D0A7E024
:10EFC00001230693776830683C00002802D07B1C40
:10EFD00000D19FE0013463425C411898199BE4B270
:10EFE000002802D05A1C00D1A0E001335A425341FC
:10EFF000A34200D1ABE03068002802D07B1C00D1D6
:10F00000BEE0002D30D0079B002B17D04346002BCD
:10F0100000D1C0E0069B002B00D0EEE053465C46DA
:10F020001A6A914500D1EAE0002300221C990A7077
:10F03000002B15D006231B9A1360A1E74346002B33
:10F0400000D005E153464A465B699200D358BB4263
:10F0500000D1BBE05C46002D00D004E11C9B1D707C
:10F0600004231B9A13608BE752464B46D2699B00E0
:10F07000D258BA42E2D14546002D08D152465269D3
:10F08000D3589F4200D1D0E00023013506930123DD
:10F090009C463068E1448368C268934200D38DE0A7
:10F0A0000433836001235B427360002D04D1069B0F
:10F0B000002B0AD15C46B7E753461A6A069B002B21
:10F0C00015D14A457ED85C46ABE753464A469B6914
:10F0D0009A426D41EBB298460023079343460125BF
:10F0E000002B00D16CE75C460023C34633E00023CD
:10F0F00049461D0091425D4152469269EDB29142EE
:10F100005B41DBB2984601230793002D00D157E7FE
:10F110000795E3E78368C268934200D389E01C68DF
:10F12000631C00D056E70023336053E78368C2684E
:10F13000934200D382E01B685A1C00D055E700229E
:10F14000013318925A425341A34200D053E7069B21
:10F150005C469B460123079A002A00D087E05A4666
:10F16000002A00D161E7524692694A4500D05CE727
:10F170004A46002A00D158E701221C990A7050E043
:10F180008368C26893425ED21F687B1C00D038E758
:10F190000023336035E753464A465B699200D358F3
:10F1A0009F4200D03AE701239C463068079D836860
:10F1B000C2680695E144934200D271E703689B6AF6
:10F1C00098476FE7A84607950025FBE60123002531
:10F1D00006935CE71C9B1B9A1F700423300013608E
:10F1E00018A9FEF751FD002800D1C9E602221B9B99
:10F1F0001B6813431B9A1360C2E6069D47E7002273
:10F20000002393464A46002A00D10EE700221C99AB
:10F210000A705A46002A04D0524692694A4500D1E3
:10F220001EE71B9A5B001360AAE6012301250693E3
:10F230002DE703685B6A9847040071E703685B6A1F
:10F240009847030078E703685B6A984707009CE7E4
:10F25000069B5C469B465A460023002A83D15A46A9
:10F260001C9B1A70FCE642461C9B1A70F8E652463C
:10F27000126A914500D072E7C4E7C046F0B589B084
:10F28000040012980EAD049011980390109802900B
:10F290006846C0CDC0C02000FFF71EFB200009B0AB
:10F2A000F0BDC046F0B55746DE464E464546E0B591
:10F2B0008FB01A9C069020006C300A920B93FCF7DA
:10F2C000AFFD4A23E2680AAF1A40050091461300D9
:10F2D000402A00D192E2083B5A1E934105225B422C
:10F2E00093431033380018A90193FEF7CDFC041E98
:10F2F00000D08CE23800FEF701FDBC23EA5806007E
:10F30000131A59424B41DBB20993824204D0C02305
:10F31000EB58834200D093E22B7C002B00D005E118
:10F320006A6AB24211D00A98FBF778FB01233800D1
:10F330005B4218A97B60FEF7A7FC002800D083E29F
:10F340003800FEF7DBFC06002B7C0022934690463B
:10F35000CC3292460294002B03D0AA6AB24200D16A
:10F3600080E26A6AB24200D15DE25246AA58B242D5
:10F3700000D109E15A46002A00D126E1C422AA5848
:10F38000B24204D0C822AA58B24200D074E24A461F
:10F39000002A00D1D6E0019A102A00D07FE2002393
:10F3A0009B4698463C68A368E268934200D3D4E049
:10F3B000012104334942A36079609A4200D8D8E021
:10F3C0001C68631C00D1DCE0013463425C41189886
:10F3D000199BE4B2002802D05A1C00D12EE101335F
:10F3E0005A425341A34200D0DDE001242B7C019A14
:10F3F000102A00D1EEE0019A0292BC4A0D92002B35
:10F4000000D0EEE00199BA48D3F71EF883B2039317
:10F4100092235B00EB5C0793002B00D06CE1002390
:10F4200099469A46002C4AD1029BB14C3033049342
:10F43000029B0A2B00D9EFE02F2E00D818E1049B85
:10F44000B34200D814E1303E039B9A4500D9CFE087
:10F450005346019A012153439BB2A01B834200DC17
:10F4600000219B199BB29A4601234A469C463E685E
:10F470000A43D2B29146B368F268E044934200D3A3
:10F48000BEE0012104334942B3607960934200D366
:10F4900009E21E68731C00D1E1E1013673425E414E
:10F4A0001898199BF6B2002802D05A1C00D111E11D
:10F4B00001335A425341B34200D0CBE001240D9AAC
:10F4C000002013000C3B19680490002900D0D9E0FB
:10F4D0004146002905D15946002902D11968002961
:10F4E00029D00499002926D14946002900D19CE160
:10F4F00001211C98494201801B9805310160002CB4
:10F5000005D002201B99096801431B9801600699E8
:10F5100011CF11C177498B4200D0B4E106980FB0EA
:10F52000F0BCBB46B246A946A046F0BDAA6AB242AC
:10F5300000D0F5E609E700211C9801801B980431F2
:10F540000160DCE700233C6898469B46103301933A
:10F55000E268A368934200D22AE7236820009B6AEE
:10F56000984701235B427B60E268A3689A4200D916
:10F5700026E7236820005B6A98470400631C00D0DC
:10F5800022E700233B601FE75A46002A4AD0019A2F
:10F590000A2A00D0F2E64B46002B00D13EE10123BF
:10F5A0009C46E044FEE63868002800D181E083688C
:10F5B000C268934200D38CE11E68731C00D15FE1E6
:10F5C0005A462B7C002A00D0C5E6019A0024102A56
:10F5D00000D010E716220292444A0D92002B00D16F
:10F5E00010E70DAB202118000593E0F72DFC09E78B
:10F5F00001233E689946F268B368934200D240E71F
:10F6000033680DAA30009B6A0592984701235B423C
:10F610007B60F268B36839E73200303A092A52D881
:10F62000160011E74B46002B46D0019B082B00D15A
:10F63000D5E001239C469B46E044B3E68368C2685C
:10F64000934200D306E11B685A1C00D0C7E6002293
:10F650001892C4E6386800280AD08368C2689342CA
:10F6600000D32FE11E68731C00D0E1E600233B604D
:10F670000D9A002013000C3B196800240490002907
:10F6800000D125E74346D9B20DAB18001E00059303
:10F69000E0F7E2FC3200E968A86807F011FB0D9A78
:10F6A00013000C3B002800D012E704211B980160D6
:10F6B0000EE70126764283E70023984601339B46F6
:10F6C000073301936EE63300613B052B00D98EE0D2
:10F6D000573EB9E68368C268934200D3EBE01B68EB
:10F6E0005A1C00D0E4E600221892E1E6403C0020DB
:10F6F000FFFF0000343C0020002C00D0EEE0CC23C3
:10F700009C46AC4463460893002399469A462B7C5A
:10F710000493002B02D0AB6AB34249D06B6AB34268
:10F72000A6D0029B002BA3D0089C1A003100200019
:10F730000FF024F800289BD0001B82103C2800DD2D
:10F74000063A039B53454FD3534601996C484B43AC
:10F750009BB20121801A834200DC00219B1848469D
:10F760009BB29A46012308439C46C1B28946E044B5
:10F7700038688368C26893422BD2043383600123C4
:10F780005B427B6038000DAB18A90593FEF77CFA4D
:10F79000041E00D093E60DAB38000593FEF7AEFAD9
:10F7A0002B7C06000493002BB8D0AB6AB342B5D1D2
:10F7B0004346002B00D195E0D9B20DAB180005935C
:10F7C000E0F74AFC002338689846C2688368934291
:10F7D000D3D303680DAA9B6A05929847CFE700230D
:10F7E000984601339B46DDE5079B9946C0E7330009
:10F7F000413B052B00D93BE7373E25E6082338007F
:10F8000018A90193FEF740FA041E00D172E5002208
:10F810002B7C0026904693460992E8E50023984603
:10F8200008330193BEE5029CE1E50999002903D064
:10F830005146494289B28A4650461C9908805EE684
:10F8400000222B7C099280E500220400934690461A
:10F850002B7CCCE503685B6A98470300F4E6002341
:10F860003B601AE6019A029C102A00D0C3E5254BA2
:10F870000D9316230293B4E60122029C9346B6E54B
:10F8800000233B609CE6043A1168481E1060002982
:10F8900000DD43E618000CA9E0F77EF93EE6012200
:10F8A000029C9346A7E533680DAA30005B6A059277
:10F8B00098470600EEE503680DAA5B6A0592984733
:10F8C00003000DE703680DAA5B6A059298470600DE
:10F8D000C9E603685B6A984706006EE600239A460D
:10F8E0009946ECE50D9A002413000C3B1968002999
:10F8F00000D1F0E5C6E60598FBF7E0F805F0D2FB8D
:10F90000FFFF0000403C0020F0B589B004001298D1
:10F910000EAD049011980390109802906846C0CDE7
:10F92000C0C02000FFF7BEFC200009B0F0BDC046FB
:10F93000F0B55746DE464E464546E0B58DB0189CBC
:10F94000049020006C3008920993FCF769FA4A236E
:10F95000E26808AF1A40050091461300402A00D122
:10F960007DE2083B5A1E934105225C4294431034C9
:10F97000380016A90094FEF787F9041E00D077E23C
:10F980003800FEF7BBF9BC23EA580600131A5942A7
:10F990004B41DBB20793824204D0C023EB58834231
:10F9A00000D07DE22B7C002B00D0FBE06A6AB242E3
:10F9B00011D00898FBF732F8012338005B4216A9F2
:10F9C0007B60FEF761F9002800D06DE23800FEF799
:10F9D00095F906002B7C0022A24690469346002B08
:10F9E00003D0AA6AB24200D16CE26A6AB24200D184
:10F9F0004AE2CC22AA58B24200D101E14246002A92
:10FA000000D11DE1C422AA58B24204D0C822AA588B
:10FA1000B24200D060E24A46002A00D1CEE0009A0D
:10FA2000102A00D06BE2002398469B463C68A368EE
:10FA3000E268934200D3CCE0012104334942A36041
:10FA400079609A4200D8D0E01C68631C00D1D4E0F1
:10FA5000013463425C411698179BE4B2002802D03F
:10FA60005A1C00D125E101335A425341A34200D030
:10FA7000D5E001242B7C009A102A00D1E5E0009A01
:10FA80000192B74A0B92002B00D0E5E001200099CB
:10FA90004042D2F701FD922302905B00EB5C05939C
:10FAA000002B00D060E100239946002C00D045E2F5
:10FAB0009A46019C3034019B0A2B00D9E7E02F2E97
:10FAC00000D810E1B44200D80DE1303E029B9A45C7
:10FAD00000D9C8E05146F243009BB24659438A42DE
:10FAE00092414B4652421343994601239C463E683D
:10FAF0008A44B368F268E344934200D3BBE0012137
:10FB000004334942B3607960934200D3FBE11E683D
:10FB1000731C00D1D3E1013673425E411698179BE6
:10FB2000F6B2002802D05A1C00D10CE101335A422F
:10FB30005341B34200D0C8E001260B9A00241300C1
:10FB40000C3B1968002900D0D6E05946002905D1A0
:10FB50004146002902D11968002928D0002C26D15D
:10FB60004946002900D191E101211A9849420160DA
:10FB7000199805310160002E05D0022019990968F5
:10FB8000014319980160049911CF11C175498B4245
:10FB900000D0A8E104980DB0F0BCBB46B246A9461F
:10FBA000A046F0BDAA6AB24200D0FFE613E70021EA
:10FBB0001A980160199804310160DCE700233C6861
:10FBC0009B46984610330093E268A368934200D2A4
:10FBD00032E7236820009B6A984701235B427B60E1
:10FBE000E268A3689A4200D92EE7236820005B6A86
:10FBF00098470400631C00D02AE700233B6027E7F6
:10FC00004246002A49D0009A0A2A00D0FAE64B461A
:10FC1000002B00D133E101239C46E34406E738681A
:10FC200000287FD08368C268934200D381E11E68B8
:10FC3000731C00D154E142462B7C002A00D0CEE652
:10FC4000009A0024102A00D019E716220192444A93
:10FC50000B92002B00D119E70BAB20211800039366
:10FC6000E0F7F2F812E701233E689946F268B368BC
:10FC7000934200D243E733680BAA30009B6A039299
:10FC8000984701235B427B60F268B3683CE733002E
:10FC9000303B092B50D81E0018E74B46002B44D0B0
:10FCA000009B082B00D1CBE001239C469846E344FF
:10FCB000BCE68368C268934200D3FBE01B685A1C11
:10FCC00000D0D0E600221692CDE6386800280AD08F
:10FCD0008368C268934200D324E11E68731C00D07D
:10FCE000E9E600233B600B9A002613000C3B1968E1
:10FCF0000024002900D128E75B46D9B20BAB1800DD
:10FD00000393E0F7A9F9039AE968A86806F0D8FF19
:10FD10000B9A13000C3B002800D016E70421199819
:10FD2000016012E70126764285E700239B460133F6
:10FD300098460733009379E63300613B052B00D9E1
:10FD400086E0573EC2E68368C268934200D3E2E091
:10FD50001B685A1C00D0E9E600221692E6E6C0466F
:10FD6000403C0020343C0020002C00D0E9E0CC23B3
:10FD70009C46AC446346069300232C7C99469A46E5
:10FD8000002C02D0AB6AB34243D06B6AB342AAD014
:10FD9000019B002BA7D0069C1A00310020000EF01A
:10FDA000EDFC00289FD0001B83103C2800DD063BA3
:10FDB000029A524549D35146009A48465143DA4384
:10FDC0008A4292419A46012352429C461043814600
:10FDD0008A44E34438688368C26893422AD2043371
:10FDE000836001235B427B6038000BAB16A9039351
:10FDF000FDF74AFF061E00D09FE60BAB38000393C9
:10FE0000FDF77CFF2C7C0600002CBED0AB6AB34211
:10FE1000BBD15B46002B00D198E0D9B20BAB1800E8
:10FE20000393E0F719F9002338689B46C26883689A
:10FE30009342D4D303680BAA9B6A03929847D0E7F6
:10FE400000239B4601339846F0E5059B9946C1E7A0
:10FE50003300413B052B00D945E7373E36E6082302
:10FE6000380016A90093FDF70FFF041E00D187E5A7
:10FE700000222B7C0026934690460792FBE5002348
:10FE80009B4608330093D1E55446F4E507990029D1
:10FE900002D0514649428A4650461A9908606AE69D
:10FEA00000222B7C079296E50022040090469346A0
:10FEB0002B7CE0E503685B6A98470300FFE60023BC
:10FEC0003B6028E6009A5446102A00D0D7E5264B1E
:10FED0000B9316230193BFE6012254469046CAE5D0
:10FEE00000233B60A7E6043A1168481E1060002911
:10FEF00000DD4FE618000AA9DFF74EFE4AE60122B0
:10FF000054469046BBE533680BAA30005B6A039207
:10FF100098470600FCE503680BAA5B6A03929847C2
:10FF2000030016E703680BAA5B6A03929847060072
:10FF3000D4E603685B6A9847060079E626009A468D
:10FF4000FBE5002326009A469946F6E50B9A002623
:10FF500013000C3B1968002900D1F9E5CCE60398A1
:10FF6000FAF7ACFD05F09EF8403C0020F0B589B0F2
:10FF7000040012980EAD049011980390109802900E
:10FF80006846C0CDC0C02000FFF7D2FC200009B0F9
:10FF9000F0BDC046F0B55746DE464E464546E0B594
:10FFA0008DB0189C049020006C3008920993FBF7E8
:10FFB00037FF4A23E26808AF1A4005009146130054
:10FFC000402A00D17DE2083B5A1E934105225C4243
:10FFD00094431034380016A90094FDF755FE041E12
:10FFE00000D077E23800FDF789FEBC23EA5806000E
:10FFF000131A59424B41DBB20793824204D0C0230B
:020000041003E7
:10000000EB58834200D07DE22B7C002B00D0FBE03C
:100010006A6AB24211D00898FAF700FD012338004D
:100020005B4216A97B60FDF72FFE002800D06DE231
:100030003800FDF763FE06002B7C0022A2469046A6
:100040009346002B03D0AA6AB24200D16CE26A6ADE
:10005000B24200D14AE2CC22AA58B24200D101E118
:100060004246002A00D11DE1C422AA58B24204D05F
:10007000C822AA58B24200D060E24A46002A00D103
:10008000CEE0009A102A00D06BE2002398469B46EF
:100090003C68A368E268934200D3CCE001210433BA
:1000A0004942A36079609A4200D8D0E01C68631C82
:1000B00000D1D4E0013463425C411698179BE4B24E
:1000C000002802D05A1C00D125E101335A42534185
:1000D000A34200D0D5E001242B7C009A102A00D145
:1000E000E5E0009A0192B74A0B92002B00D0E5E0C0
:1000F000012000994042D2F7CFF9922302905B0091
:10010000EB5C0593002B00D060E100239946002CA6
:1001100000D045E29A46019C3034019B0A2B00D95D
:10012000E7E02F2E00D810E1B44200D80DE1303EB8
:10013000029B9A4500D9C8E05146F243009BB24663
:1001400059438A4292414B465242134399460123F6
:100150009C463E688A44B368F268E344934200D305
:10016000BBE0012104334942B3607960934200D37C
:10017000FBE11E68731C00D1D3E1013673425E417E
:100180001698179BF6B2002802D05A1C00D10CE139
:1001900001335A425341B34200D0C8E001260B9AC2
:1001A000002413000C3B1968002900D0D6E0594602
:1001B000002905D14146002902D11968002928D01B
:1001C000002C26D14946002900D191E101211A983D
:1001D00049420160199805310160002E05D00220C6
:1001E00019990968014319980160049911CF11C147
:1001F00075498B4200D0A8E104980DB0F0BCBB4615
:10020000B246A946A046F0BDAA6AB24200D0FFE6B7
:1002100013E700211A980160199804310160DCE7A6
:1002200000233C689B46984610330093E268A3681D
:10023000934200D232E7236820009B6A984701234B
:100240005B427B60E268A3689A4200D92EE723688C
:1002500020005B6A98470400631C00D02AE7002353
:100260003B6027E74246002A49D0009A0A2A00D07C
:10027000FAE64B46002B00D133E101239C46E344D0
:1002800006E7386800287FD08368C268934200D3AD
:1002900081E11E68731C00D154E142462B7C002A88
:1002A00000D0CEE6009A0024102A00D019E71622CA
:1002B0000192444A0B92002B00D119E70BAB20218D
:1002C00018000393DFF7C0FD12E701233E6899464B
:1002D000F268B368934200D243E733680BAA300058
:1002E0009B6A0392984701235B427B60F268B36884
:1002F0003CE73300303B092B50D81E0018E74B4633
:10030000002B44D0009B082B00D1CBE001239C465E
:100310009846E344BCE68368C268934200D3FBE09E
:100320001B685A1C00D0D0E600221692CDE6386831
:1003300000280AD08368C268934200D324E11E6873
:10034000731C00D0E9E600233B600B9A00261300E3
:100350000C3B19680024002900D128E75B46D9B27C
:100360000BAB18000393DFF777FE039AE968A868E0
:1003700006F0A6FC0B9A13000C3B002800D016E7F1
:1003800004211998016012E70126764285E70023CF
:100390009B46013398460733009379E63300613B6F
:1003A000052B00D986E0573EC2E68368C2689342B7
:1003B00000D3E2E01B685A1C00D0E9E60022169246
:1003C000E6E6C046403C0020343C0020002C00D033
:1003D000E9E0CC239C46AC446346069300232C7C86
:1003E00099469A46002C02D0AB6AB34243D06B6A5E
:1003F000B342AAD0019B002BA7D0069C1A00310063
:1004000020000EF0BBF900289FD0001B83103C2871
:1004100000DD063B029A524549D35146009A4846B0
:100420005143DA438A4292419A46012352429C4602
:10043000104381468A44E34438688368C268934223
:100440002AD20433836001235B427B6038000BAB0C
:1004500016A90393FDF718FC061E00D09FE60BAB10
:1004600038000393FDF74AFC2C7C0600002CBED01C
:10047000AB6AB342BBD15B46002B00D198E0D9B246
:100480000BAB18000393DFF7E7FD002338689B46AA
:10049000C26883689342D4D303680BAA9B6A039211
:1004A0009847D0E700239B4601339846F0E5059B2B
:1004B0009946C1E73300413B052B00D945E7373E5C
:1004C00036E60823380016A90093FDF7DDFB041E6D
:1004D00000D187E500222B7C0026934690460792A8
:1004E000FBE500239B4608330093D1E55446F4E531
:1004F0000799002902D0514649428A4650461A9926
:1005000008606AE600222B7C079296E50022040030
:10051000904693462B7CE0E503685B6A98470300AE
:10052000FFE600233B6028E6009A5446102A00D0DC
:10053000D7E5264B0B9316230193BFE601225446C1
:100540009046CAE500233B60A7E6043A1168481EBE
:100550001060002900DD4FE618000AA9DFF71CFB38
:100560004AE6012254469046BBE533680BAA3000A8
:100570005B6A039298470600FCE503680BAA5B6A76
:1005800003929847030016E703680BAA5B6A03927D
:1005900098470600D4E603685B6A9847060079E648
:1005A00026009A46FBE5002326009A469946F6E582
:1005B0000B9A002613000C3B1968002900D1F9E5BD
:1005C000CCE60398FAF77AFA04F06CFD403C002080
:1005D000F0B589B0040012980EAD04901198039004
:1005E000109802906846C0CDC0C02000FFF7D2FC32
:1005F000200009B0F0BDC046F0B5D6464F4646468D
:10060000C0B58CB0169F09939A46FB6894469846ED
:1006100008924A2342469A43130008221343FB6080
:100620000BAB0493179B894603936B4606AE029768
:1006300014AA050008AC03CA03C3624649465346E0
:100640003000FFF7A7FC230006CE06C343460B9AF3
:10065000FB60189B28001A602B0006CC06C30CB068
:10066000E0BCBA46B146A846F0BDC046F0B5454626
:10067000DE4657464E46E0B595B0209E0A903000C3
:100680006C3011931092FBF7CBFB4A23F76810AD47
:100690001F4004003B000097402F00D1CFE2083BF1
:1006A0005A1E934105225B4293439B4610239C466E
:1006B00028001EA9E344FDF7E7FA071E00D0C7E2B1
:1006C0002800FDF71BFBBC23E2580600131A594211
:1006D0004B41DBB20B93824204D0C023E3588342E8
:1006E00000D0DFE2237C002B00D02DE1626AB24211
:1006F00011D01098FAF792F9012328005B421EA945
:100700006B60FDF7C1FA002800D0D3E22800FDF7A6
:10071000F5FA0600237C002290460492CC329246E1
:10072000083A91460597002B03D0A26AB24200D145
:10073000D1E2626AB24200D1A2E25246A258B2426B
:1007400000D139E14246002A00D156E14A46A2587A
:10075000B24204D0C822A258B24200D0C5E2009AE8
:10076000002A00D106E15A46102A00D0D0E2002328
:10077000984604932F68BB68FA68934200D304E15B
:10078000012104334942BB6069609A4200D808E104
:100790001F687B1C00D10CE101377B425F411E9832
:1007A0001F9BFFB2002802D05A1C00D169E101331F
:1007B0005A425341BB4200D00DE10127237C5A46E7
:1007C000102A00D11EE15A460592CB4A1392002B03
:1007D00000D01EE101200023C8490B9A40421218A4
:1007E0004B4119005B461000DB175A4609930690EF
:1007F0000791D1F78FFE92230E9008915B00E35C86
:100800000F93002B00D093E100239A46002F00D0D5
:100810009DE20023002200920193059B30330C934C
:10082000059B0A2B00D90FE12F2E00D843E10C9B2A
:10083000B34200D83FE130235B429946B144089966
:10084000009A019B8B4200D9EAE004D113000E9A72
:10085000934200D9E4E0009A019B58460999D2F7E7
:10086000EDF94B460293DB1703930600069A079BAC
:100870000F0002980399121A8B4101219F4201D85F
:1008800067D0002153460B43DBB29A46029A039B82
:1008900092197B4100920193049B2F6801330493CA
:1008A000FA68BB68934200D3C2E001210433494295
:1008B000BB606960934200D335E21F687B1C00D1A6
:1008C00006E201377B425F411E981F9BFFB2002862
:1008D00002D05A1C00D11FE101335A425341BB429E
:1008E00000D0DAE00126139A002713000C3B1968A8
:1008F0009C46002900D0E8E0049B002B2CD1434605
:10090000002B29D163461968002925D10020002138
:10091000229B186059600421219B1960002E04D08D
:100920000220219B1968014319600A9B744911CD6B
:1009300011C38C4500D0DFE10A9815B0F0BCBB466E
:10094000B246A946A046F0BDA26AB24200D0CDE6AA
:10095000E1E6964296D894E7002FD7D15346002B74
:1009600000D18FE10B9B002B00D19FE18021002063
:100970000906CDE700232F689846049310339B4661
:10098000FA68BB68934200D2FAE63B6838009B6A7B
:10099000984701235B426B60FA68BB689A4200D9B2
:1009A000F6E63B6838005B6A984707007B1C00D07E
:1009B000F2E600232B60EFE64246002A54D05A4666
:1009C0000A2A00D0C2E6009B002B00D147E1049B1D
:1009D00001330493CEE62868002800D192E08368B2
:1009E000C268934200D3ADE11E68731C00D180E160
:1009F0004246237C002A00D095E65A460027102A5A
:100A000000D0E0E6162205923B4A1392002B00D15B
:100A1000E0E613AB202118009946DFF715FAD9E676
:100A200001232F689A46FA68BB68934200D23CE7DC
:100A30003B6813AA38009B6A9146984701235B42A2
:100A40006B60FA68BB6835E73300303B9946092B89
:100A500000D8F4E63300613B052B00D9E5E05723CD
:100A60005B429946B144EAE6009B002B4DD05B46C1
:100A7000082B00D1D4E0049B013304930123984652
:100A800078E68368C268934200D31CE11B685A1C55
:100A900000D08CE600221E9289E6286800280AD041
:100AA0008368C268934200D345E11E68731C00D07E
:100AB000B6E600232B60139A002613000C3B19683E
:100AC0009C460027002900D116E76B46197C13AB22
:100AD00018009946DFF7C0FA4A46E168A06806F0B8
:100AE000EFF8139A13000C3B9C46002800D003E754
:100AF0000421219B1960FFE6403C0020FFFFFF7F9F
:100B0000343C00200126764272E70023049301332F
:100B1000984607339B462DE68368C268934200D30C
:100B2000FAE01B685A1C00D0D6E600221E92D3E6DB
:100B3000002F00D011E1CC239C46A44463460293CD
:100B4000002300229A46002300920193277C002F65
:100B500003D0A36AB34200D186E0636AB342AAD04D
:100B6000059B002BA7D03100029E1A0030000DF02B
:100B700005FE00289FD0801B86103C2800DD063E25
:100B80000899009A019B8B4204D81DD113000E9A3C
:100B9000934219D90F9B9A4628688368C26893428A
:100BA00038D20433836001235B426B60280013ABAF
:100BB0001EA99946FDF768F8061E00D093E62800A6
:100BC000FDF79CF80600C1E7009A019B5846099979
:100BD000D2F734F8F3170D930C960C9E0D9F069ADE
:100BE000079B921BBB410126994201D868D0002681
:100BF00053463343DBB29A460C9A0D9B12184B4175
:100C000000920193049B286801330493C2688368AF
:100C10009342C6D3036813AA9B6A91469847C2E7DA
:100C20000023049301339846A4E53300413B052B90
:100C300000D940E737235B429946B144FFE50823DA
:100C400028001EA99B46FDF71FF8071E00D137E5B7
:100C50000022237C002690460B920492AFE50023ED
:100C6000049308339B4685E5049B002B7DD0D9B2C5
:100C700013AB18009946DFF7EFF9002304938BE7D5
:100C8000059F9CE50B9B002B06D0009B019C00213F
:100C90005842A1410090019100980199229B18604F
:100CA00059603BE60022237C0B9234E50120364953
:100CB00040422DE60022237C9046070004927EE508
:100CC000904295D893E703685B6A98470300DEE695
:100CD00000232B60F5E55A46059F102A00D072E5E7
:100CE0002A4B13931623059393E60122059F904602
:100CF00065E500232B607BE6043A1168481E10600E
:100D0000002900DD18E6604612A9DEF745FF13E66C
:100D10000122059F904656E5036813AA5B6A914637
:100D200098470300FEE63B6813AA38005B6A9146C9
:100D300098470700C2E5036813AA5B6A9146984783
:100D40000600B3E603685B6A984706004DE600229A
:100D500000233E0000920193C5E50023002200928B
:100D6000019300233E009A46BDE5139A0026130026
:100D70000C3B19689C46002900D1C0E5A5E6484611
:100D8000F9F79CFE04F08EF9FFFFFF7F403C002046
:100D9000F0B589B0040012980EAD0490119803903C
:100DA000109802906846C0CDC0C02000FFF75EFCDE
:100DB000200009B0F0BDC046F0B55746DE464546B6
:100DC0004E46E0B593B01E9C0A9020006C300E9207
:100DD0000F93FBF725F84A23E2680EAF1A4005008F
:100DE00092461300402A00D1B0E2083B5A1E9341BC
:100DF00005225B429343994610239C4638001CA968
:100E0000E144FCF741FF041E00D0A8E23800FCF7E3
:100E100075FFBC23EA580600131A59424B41DBB256
:100E20000D93824204D0C023EB58834200D0C0E22D
:100E30002B7C002B00D020E16A6AB24211D00E98C0
:100E4000F9F7ECFD012338005B421CA97B60FCF73D
:100E50001BFF002800D0B0E23800FCF74FFF06006F
:100E60002B7C0022904693460094002B03D0AA6A64
:100E7000B24200D1B2E26A6AB24200D187E2CC2229
:100E8000AA58B24200D126E14246002A00D143E1ED
:100E9000C422AA58B24204D0C822AA58B24200D0F2
:100EA000A6E25246002A00D1F3E04A46102A00D0BA
:100EB000B1E2002398469B463C68A368E2689342EF
:100EC00000D3F1E0012104334942A36079609A42E2
:100ED00000D8F5E01C68631C00D1F9E001346342DE
:100EE0005C411C981D9BE4B2002802D05A1C00D122
:100EF0004BE101335A425341A34200D0FAE00124AE
:100F00002B7C4A46102A00D10BE14A460492CA4A79
:100F10001192002B00D00BE14B464A46DB17012013
:100F20004042C1170693D1F7F5FA92230B90059131
:100F30005B00EB5C0C93002B00D081E100239A4610
:100F4000002C00D086E20023002400930194049B2F
:100F500030330893049B0A2B00D904E12F2E00D8CC
:100F60002DE1089BB34200D829E1303E059A009B51
:100F7000019C944200D9E2E003D10B9A934200D93C
:100F8000DDE0009A019B48460699D1F757FE0B0019
:100F9000F11702960391020002980399C443C843D3
:100FA0000121834201D86DD0002150460843C1B2CF
:100FB0008A46029803998018594101239C463C684F
:100FC00000900191A368E268E344934200D3BEE03D
:100FD000012104334942A3607960934200D31EE2A9
:100FE0001C68631C00D1F6E1013463425C411C982B
:100FF0001D9BE4B2002802D05A1C00D110E101333D
:101000005A425341A34200D0CBE00126119A00245A
:1010100013000C3B1968002900D0D9E0594600297B
:1010200005D14146002902D1196800292ED0002C93
:101030002CD15146002900D1ABE101204042C1171B
:10104000209C2060616004211F980160002E05D063
:1010500002201F99096801431F9801600A9911CF66
:1010600011C176498B4200D0C9E10A9813B0F0BC97
:10107000BB46B246A946A046F0BDAA6AB24200D01D
:10108000DAE6EEE6A24200D98FE78DE700200021E4
:10109000D6E700233C689B46984610339946E268A1
:1010A000A368934200D20DE7236820009B6A98470B
:1010B00001235B427B60E268A3689A4200D909E79A
:1010C000236820005B6A98470400631C00D005E792
:1010D00000233B6002E74246002A4AD04A460A2AD9
:1010E00000D0D5E65346002B00D13FE101239C46BA
:1010F000E344E1E63868002800D180E08368C268F4
:10110000934200D3A1E11E68731C00D174E14246F2
:101110002B7C002A00D0A8E64A460024102A00D0E2
:10112000F3E616220492444A1192002B00D1F3E612
:1011300011AB202118000793DEF786FEECE60123B1
:101140003C689A46E268A368934200D240E723686D
:1011500011AA20009B6A0792984701235B427B609B
:10116000E268A36839E73400303C092C51D82600E6
:10117000FCE65346002B45D04B46082B00D1D9E066
:1011800001239C469846E34496E68368C2689342EE
:1011900000D31BE11B685A1C00D0AAE600221C9257
:1011A000A7E6386800280AD08368C268934200D353
:1011B00044E11E68731C00D0CCE600233B60119A0A
:1011C000002613000C3B19680024002900D125E7F4
:1011D0005B46D9B211AB180099460793DEF73CFF86
:1011E0004A46E968A86805F06BFD119A13000C3BAC
:1011F000002800D012E704211F9801600EE70126A5
:10120000764284E700239B4601339846073399468C
:1012100052E63300613B052B00D990E0573EA5E62E
:101220008368C268934200D301E11B685A1C00D056
:10123000E5E600221C92E2E6403C0020343C00201F
:10124000002C00D00CE1CC239C46AC4463460293B6
:10125000002300249A460023009301942C7C002C48
:1012600003D0AB6AB34200D185E06B6AB342A6D02B
:10127000049B002BA3D0029C1A00310020000DF02B
:101280007DFA00289BD0001B84103C2800DD063C22
:101290000599009A019B8B4204D81FD113000B9A29
:1012A00093421BD90C9B9A4638688368C268934264
:1012B0003AD20433836001235B427B60380011AB78
:1012C0001CA90793FCF7E0FC061E00D09EE611ABBC
:1012D00038000793FCF712FD0600BFE7009A019B58
:1012E00048460699D1F7AAFC0B00E117089409912A
:1012F000020008980999C443C8430121834201D8D8
:1013000061D0002150460843C1B28A460898099925
:101310008018594101239C46009001913868E344AC
:101320008368C2689342C4D3036811AA9B6A079278
:101330009847C0E700239B4601339846BCE533003D
:10134000413B052B00D93AE7373E0FE6082338002A
:101350001CA99946FCF798FC041E00D156E5002212
:101360002B7C0026934690460D92CAE500239B46AF
:1013700008339946A0E55B46002B78D0D9B211AB73
:1013800018000793DEF768FE00239B468CE7009C5D
:10139000B7E50D99002906D0009C019D002160420F
:1013A000A9410090019100980199209C2060616002
:1013B0004CE600222B7C0D9253E50022040090465F
:1013C00093462B7C9DE5A2429CD89AE703685B6A12
:1013D00098470300DFE600233B6005E64A46009C91
:1013E000102A00D091E5294B1193162304939FE610
:1013F0000122009C904684E500233B6087E6043A86
:101400001168481E1060002900DD2EE6180010A9A2
:10141000DEF7C2FB29E60122009C904675E52368B1
:1014200011AA20005B6A079298470400D9E5036877
:1014300011AA5B6A079298470300F7E6036811AAAE
:101440005B6A079298470600B4E603685B6A9847B0
:10145000060059E626000023002400930194D5E5F8
:101460000023260000249A4600930194CEE5119AA9
:10147000002613000C3B1968002900D1D1E5A7E62E
:101480000798F9F71BFB03F00DFEC046403C002017
:10149000F0B589B0040012980EAD04901198039035
:1014A000109802906846C0CDC0C02000FFF784FCB1
:1014B000200009B0F0BDC046F0B5DE4657464E46A6
:1014C0004546E0B58FB00B930023060068489A4666
:1014D0000D9389461B9F0A92D9F7BAF91A9B80008F
:1014E000DB6E0AAC5B68C3589B46002B00D1BDE0A5
:1014F0000DAB07931A9B18AA069302230593613339
:101500000493534603930CAB02936B4603CA03C385
:1015100008AD4946280063680A9AFAF7D9FC230007
:1015200003CD03C30D9B002B27D004223B680A9DEB
:1015300013433B606368002D01D05A1C51D0013326
:101540005A4253411898DDB2199B002801D05A1C09
:1015500051D001335A425341AB4203D102223B687E
:1015600013433B603300300006CC06C30FB0F0BC21
:10157000BB46B246A946A046F0BD200018A9FCF71C
:1015800083FB00283DD00C9A442A04DD63680A9D41
:101590001C994A61CFE764320C92F7E72000FCF710
:1015A000ADFB5B461B6801001B6B2A22584698471F
:1015B00030235B42994681444B46DBB2092B42D82B
:1015C0000A9D2800F9F72AFA43460C9A63609300B3
:1015D0009B18284A5B0094464B441C9A63440C9326
:1015E0005361AB68EA6893423AD21B685A1CA6D191
:1015F00000220A92A3E78368C26893422BD21B6839
:10160000A7E72000FCF77AFB5B461B6801001B6B19
:101610002A22584698473038C3B20500092BB2D861
:101620000A98F9F7FBF901230C9A5B42984663602C
:1016300093009B185B005B19200018A90C93FCF722
:1016400023FB0028AAD00B490C9A8C46624463689D
:101650000A9D0C929CE703685B6A9847030078E751
:101660002B6828005B6A98470300BFE7EDF7D8FABC
:10167000103D002094F8FFFF3021F0B5DE465746BC
:101680004E4645468946E0B58FB000AFB9443A634F
:101690004A46F860BB485360D9F7DAF87B6F8000A0
:1016A000DB6E5B68C3589B46002B00D1D4E26A46D0
:1016B0003B6F4846DB00D31A9D463022FB62302345
:1016C0009B18D919FCF7E0FA002812D00422BB6F4E
:1016D0001B681343BA6F13604A46BD46FB6803CAD2
:1016E00003C3F8680FB0F0BCBB46B246A946A0469B
:1016F000F0BD4846FCF702FB5B461B680100040096
:101700001B6A584698475B461B68B8629B69210074
:10171000584698473B6F002BD8D0FA6A002694466B
:101720009B006344B0465D46FC6E3B62786204E019
:101730003B6F01360434B34227D023682800196870
:101740002B681B6A9847BB6A834208D0236828002D
:1017500019682B689B6998477B6A8342E8D14346A6
:101760009B009A463B6A206853449B460BF0E0FB83
:101770005B461860012352469C46FB6AE0449E503B
:101780003B6F01360434B342D7D17E604646AB4648
:10179000012E00D862E23B6AAA4604CB9C46002395
:1017A000BB61B3007B61634616003B617A6934001C
:1017B0009446396A3B6961441A68944200D914001E
:1017C00004338B42F8D1BB690133BB614B461868C7
:1017D0008368C268934200D3D6E004330122836059
:1017E0004B4652425A60BB69A34200D1D7E0BB6965
:1017F000A3427BD24B4611CB2500002802D0631CAC
:1018000000D195E001356B425D41386E7B6EEDB2E3
:10181000002801D05A1C5AD001335A425341AB42DE
:1018200064D04B461D68002D02D0631C00D18CE0B3
:1018300053461B68210050461B6A9847B8625346BE
:101840001B6821009B69504698474346F861002B6E
:1018500000D13BE7BB6900259B0056467B6218E040
:10186000336830009B6921689847FB69834224D024
:1018700001235B429C46E044434659469A00FB6A7A
:101880007A619B580B60396A8B5852468B5045459C
:1018900016D2AB009A46FB6AFA6E53449B461B680D
:1018A00030009B009C587B6A9C46336864441B6AEA
:1018B00021689847BB6A9842D2D101354545E8D3A3
:1018C0004346B246012B11D93B6A1E686EE7836816
:1018D000C268934200D3F1E01B685A1C9CD10022DD
:1018E00001333A665A425341AB429AD14646D346F7
:1018F000012E00D0EAE6386BF9F790F801234A464A
:101900005B425360FB6AFA6E1B68BC697B629B009A
:101910009E583B6A01341B68FB62A34200D9E3E096
:10192000FB6AA34200D0D1E6BB6E7A6A1A60D3E6A6
:101930008368C268934200D3D1E01D686B1C00D05D
:1019400060E700234A4613605CE7AB68EA689342AD
:1019500000D3BEE01C68631C00D1A1E053461B68A5
:1019600021001B6A50469847AB68EA68B862934208
:1019700000D3A8E01C68631C00D060E700234A463F
:1019800013605CE7103D002003689B6A98470122C2
:101990004B4652425A60BB69A34200D027E730232E
:1019A00031329B184846D919FCF76EF9F8610028C6
:1019B00000D080E04846FCF7A1F953461B680100BF
:1019C0001B6A50469847B8624846FCF797F9534659
:1019D0001B6801009B6950469847BB6983469B0082
:1019E0007B6253460025A2461C00BE60FB6AAA002B
:1019F0009B58F96E9B005E583B6A9B58534511D922
:101A00007B6A20009C46236866441B6A31689847BD
:101A1000BB6A834248D02368200031689B6998479D
:101A2000834541D001354545E0D1230054469A46CF
:101A3000BE68F96933008B460022A4464146386AE5
:101A40007E6904E001328A4212D293001B58644638
:101A5000E31A1C00634263415B45F3D1FC6A013920
:101A60008E00A5599300E5508459C4508A42ECD3A6
:101A7000FB69644688467E61002B00D1F1E0434655
:101A8000396A0C68012B00D8B1E6B4463B69614461
:101A90001A68944200D9140004338B42F8D1A6E6A8
:101AA00000234A461360C3E6230054469A460123A6
:101AB000BE68FB61BDE70023FB61BAE703685B6AB0
:101AC0009847030009E72B6828005B6A98470400E1
:101AD00051E72B6828005B6A984704003BE70368DE
:101AE0005B6A9847050029E77B6E3D6BBB62A300EC
:101AF000F61840E001335A425341AB4200D10FE7A0
:101B00005B461B68584631681B6A98473D6B8046A8
:101B1000002D02D0534601334CD05B461B68514622
:101B200058461B6A9847404515D05B461B68584687
:101B300031689B6998478046002D02D05346013397
:101B40004DD05B461B68514658469B6998474045B7
:101B500000D0E5E63D6BAB68EA6893424BD20433B4
:101B6000AB6001234A465B425360FB6A0134043692
:101B7000A34200D1D8E6AB68EA6893425FD2186806
:101B8000431C3DD001235B429A46451C6B425D419C
:101B9000BA6A386E1300EDB20028ABD00132A9D179
:101BA0008368C268934245D21B685A1CA2D10022A6
:101BB0003A669FE7AB68EA68934235D219684B1CD6
:101BC00021D05B461B6858461B6A98474045C2D0E7
:101BD0005B461B68584631689B6998478046AB68EE
:101BE000EA68934230D21B689A4653460133A8D123
:101BF00000233B63A5E72B6828009B6A9847B0E762
:101C000000233B63BEE700233B635B461B685846EB
:101C10001B6A984740451DD05B461B685846316893
:101C20009B69984780468CE72B6828005B6A984739
:101C30000100C4E703685B6A98470300B5E72B68B7
:101C400028005B6A98479BE72B6828005B6A9847E7
:101C50008246CAE700257EE7ECF7E2FF0023BB617E
:101C600046E6D34602291DD0012900D02EE5FB6AA5
:101C70001A6893007A62FA6E9E583B6A1B68FB6290
:101C80009C4200D34CE67B6E3D6BBB624B46586872
:101C9000A3008246F618002D00D176E7431C00D041
:101CA00073E768E77968CB0700D50FE5F86A4B085A
:101CB000026841689A4204D2D3188B4200D005E5ED
:101CC000D7E7D21A8A4200D000E5F96A0A603A6A78
:101CD000536813600A68CCE7F0B5DE4657464E46B7
:101CE0004546E0B587B000AF3860AC487B613A61EB
:101CF000D8F7AEFD7B6D8000DB6E5B68C3589946FC
:101D0000002B00D142E16A463B6DDB00D31A9D46B1
:101D1000102230239B18D919303BF818E846FBF7FE
:101D2000B3FF002800D1CCE07B6C3D6978697B6013
:101D3000002D00D0F4E0814600260024013043420B
:101D400058417A68C3B2386C9A461300002802D012
:101D5000013200D171E001335A425341534553D00F
:101D60003869002803D04B46013300D171E0002CC4
:101D70004FD00020B3009B460022FE60B86005E013
:101D8000BB6801320133BB60A2421CD29300E91848
:101D900008688446F8686045F2D2434418688000B9
:101DA00084466646F86C30585E468059484529D0CE
:101DB000013CA00084464046664680591860AB59F5
:101DC0000B60A242E2D3B868FE6884421CD03B6933
:101DD00099464A469B68D268934248D24A460433A1
:101DE000936001235B427B6101364B464A469B6808
:101DF000D26893424AD21868431C4ED001235B42FA
:101E000099469BE70132BFE7012C49D12B689E42DE
:101E10004ED00422BB6D1B681343BA6D13601022B1
:101E2000BD463B68BA1803CA03C3386807B0F0BCA4
:101E3000BB46B246A946A046F0BD8368C26893423D
:101E400000D399E01B685A1C00D084E700223A6452
:101E500081E78368C268934200D392E01B68994689
:101E60004B46013300D082E700233B617FE74B46BE
:101E70001B6848469B6A984701235B424A467B6140
:101E80004B46D2689B6801369342B4D34B461B68DD
:101E900048465B6A9847431CB0D100233B61ADE7DD
:101EA000022CB6D12B689E4202D06B689E42B0D104
:101EB00043463A6D1B68934200DB9B1ABA6C136071
:101EC000ADE71023F818FBF719FF3B6D05005B0029
:101ED0009A4600D128E7FB6C002400269B4609E0C7
:101EE0004B461B6848469B699847854208D0013499
:101EF00054450CD05A46A300D3581968A942EFD1D3
:101F00004246B3009C50013401365445F2D13D693C
:101F1000002E0CD17B6C78697B60002D00D10AE724
:101F2000431C35D0002581462E002C0006E72800F2
:101F3000F8F774FD01236A465B427B61B300073307
:101F4000DB08DB00D31A9D46FB6CEA460024AB4657
:101F5000994643464A46A5005B5901349B00985870
:101F60000AF0E6FF53465851A642F2D17B6CD9469F
:101F7000554601267B6038E703685B6A9847030093
:101F800061E703685B6A9847814669E7ECF748FEBA
:101F9000A94600252E002C0027E7C046103D002052
:101FA000F0B5DE46454657464E46E0B5A1B00500C1
:101FB00059480E920F930891D8F74AFC2C9B0EAC0F
:101FC000DB6E5A689B68984200D3A2E0800080587C
:101FD000002800D19DE00023504A514902F0EAFE5A
:101FE000002800D195E08368DF6B9E6B0A97DF6C59
:101FF0000996BB461F6D1E6CBA465F6DD86AB9461E
:102000009F6D196BB846DF6D5A6BBC460B961F6E01
:102010005E6C9B6C189712935B4613935346149314
:102020004B4615934346169363460A9F1793099BA5
:1020300019901A911B921D971C930B9B2AAA1E9311
:102040000023119311AB06932C9B1F960593072336
:10205000049312AB039310AB02936B4603CA03C302
:102060000CAF38000E9A63680899FFF735FE23001D
:1020700006CF06C3119B0E9F002B2BD004222D9B55
:102080001B6813432D9A13606068002F01D0431C16
:1020900024D0013043425841C6B22A982B9B0028D5
:1020A00001D05A1C25D001335A425341B34205D1C5
:1020B00002222D9B1B6813432D9A13602B002800CE
:1020C0000E9706CC06C321B0F0BCBB46B246A9466B
:1020D000A046F0BD109B2E9A9361D5E7BB68FA68C5
:1020E00093420CD21868431C5A1E93415B421F4016
:1020F000CFE78368C268934206D21B68D3E73B6888
:1021000038005B6A9847EEE703685B6A984703000C
:10211000C9E7ECF785FDC046583C002030D10410DB
:102120004C9A0410F0B5DE46454657464E46E0B59B
:10213000B7B0089075481A921B938846D8F788FB69
:10214000429B1AACDB6E5A689B68984200D3DBE076
:1021500080008058002800D1D6E000236C4A6D49E9
:1021600002F028FE002800D1CEE0836894275A6E42
:10217000D86E14929A6F1D6F0D9280225E6F099037
:10218000985804320A959D5804320C969E58043291
:102190009A58996E139290221091D96F0F900E91C8
:1021A000995808329858043211959D580432AA461D
:1021B0009D580432A9469D58043212969E58043206
:1021C000B44615910B9016959E58043217969E585A
:1021D00004329D58043298580432995804329A585F
:1021E000DB59574620974F461E930B9B21971F9311
:1021F000169B67462293179B2596249300230C9EDB
:10220000269527900A9D0998289129921099149A49
:102210002B912A922C902D9523972E961D931DABD2
:102220000693429B0D9A05930C2304931EAB0393D4
:102230001CAB02936B460E990F98119D129E2F9224
:102240003091139A15993190329533963492359195
:1022500040AA03CA03C318AD414628001A9A63680E
:10226000FFF73AFD230006CD06C31D9B1A9E002BE7
:102270002BD00422439B1B681343439A136060686E
:10228000002E01D0431C24D0013043425841C5B236
:102290004098419B002801D05A1C25D001335A4256
:1022A0005341AB4205D10222439B1B681343439A1F
:1022B0001360089F1A9606CC06C7089837B0F0BC82
:1022C000BB46B246A946A046F0BD1C9B449A13618A
:1022D000D5E7B368F26893420CD21868431C5A1EC3
:1022E00093415B421E40CFE78368C268934206D2A7
:1022F0001B68D3E7336830005B6A9847EEE70368F2
:102300005B6A98470300C9E7ECF78AFC583C002059
:1023100030D104104C9A0410F0B54546DE465746BD
:102320004E46E0B5BBB08046CC481E921F930A9142
:10233000D8F78EFA469B1EADDB6E5A689B689842B2
:1023400001D300F086FE80008058002801D100F003
:1023500080FE0023C24AC34902F02CFD0C900028E5
:1023600001D100F076FEC048D8F772FA469B800093
:10237000DB6E5B68C3589A46002B01D100F069FE02
:1023800049980AF0D5FD00232093459B1E9E9B464D
:10239000002399464346B0460B934346449F6C68DE
:1023A00056460990BA462700002B01D0631C62D024
:1023B000013463425C4153465846E4B2002B03D0DB
:1023C0005B46013300D100E1209B01309846434237
:1023D0005841A04200D10CE1099B4B4500D808E1CF
:1023E0004346002B00D026E14B469C00499B00222F
:1023F0009C4633686444300021681B6B984725284D
:1024000047D033680821300022689B68984700282D
:1024100079D1336821681B6A30009847070028008B
:10242000FBF76CFC336801001B6A30009847874259
:1024300046D0336821689B69300098470400280023
:10244000FBF75CFC336801009B69300098478442CD
:1024500036D00422209B134320932B686C68984647
:10246000449B9A4601239C4643462700E144002BA7
:102470009ED0631C9CD1434642469B68D2689342DF
:1024800000D308E11C68631C00D1DCE001277F4217
:102490008EE7336800221B6B300061689847434623
:1024A000219345281AD04F2818D001239C4625385F
:1024B000C0B2E14454281ED86C4B80001B589F4684
:1024C0002B6818009846F8F7A9FA01235B426B6065
:1024D000449B9A4601239C46E144CCE702239C4658
:1024E000336800223000A1681B6BE144984725380F
:1024F000C0B25428E0D90422209B134320932B68B8
:102500003C009846ACE72B689846449B9A46434665
:10251000002B00D0C6E03C0001377B425F415346B0
:102520005846FFB2002B02D05B46013333D0013056
:1025300043425841B84295D043462200002B01D077
:10254000631C35D03368082130009B689847002809
:1025500088D0434642469B68D268934262D2424644
:102560000433936001235B426B60434642469B68A1
:10257000D26893426AD21F687B1C5FD001377B42CE
:102580005F410124534658466442FFB2002BCED02F
:102590005B460133CBD1534652469B68D268934287
:1025A00066D21868431CC2D100239A464493BEE702
:1025B000434642469B68D26893425FD21A68531CD6
:1025C000C0D1002398462B60BCE7534652469B6817
:1025D000D268934259D21868431C00D0F4E6002315
:1025E0004493209B0130984643425841A04200D07A
:1025F000F2E646460B9B9846002E02D1099B4B45BE
:1026000005D00422479B1B681343479A1360434637
:1026100003CD03C340463BB0F0BCBB46B246A9461F
:10262000A046F0BD43461B6840469B6A984701237D
:102630005B426B6099E70B9B9846E2E700233C0006
:1026400098462B6068E700232B601FE743461B6812
:1026500040465B6A984707008EE7C046583C00201A
:1026600030D104104C9A0410103D002070CE04109C
:1026700053461B6850465B6A984793E743461B687E
:1026800040465B6A9847020099E753461B685046EC
:102690005B6A9847A0E743461B6840465B6A9847D9
:1026A0000400F0E67B1C00D035E75EE70C9B9B68DE
:1026B0009A6E1C6F94465A6FDF6E90469A6F9246E0
:1026C000DA6F0D92802299580432985804329A5841
:1026D0000E9110928C22995804320F90985804321F
:1026E0009A5811911392982299580432129098583E
:1026F00004329A5814911692A422995804321590D3
:10270000985804329A58179118901992B0229958F3
:102710000432985804321B90985804321A919958F0
:1027200004329A585B6E259444462293634626945D
:10273000544623930D9B279428930E9B249729930B
:102740000F9B1CAC2A93109B2B93119B2C93129BD9
:102750002D93139B2E93149B2F93159B3093169BB5
:1027600037903193179B38913293189B399233935A
:10277000199B44AA34931A9B35931B9B369320AB29
:102780000693469B05931823049322AB039321AB36
:1027900002936B4603CA03C320002A686B680A9938
:1027A000FEF76AFF2B0006CC06C3209B002B00D04F
:1027B00053E60C212198CFF747FE489B19614A9BAD
:1027C0001A88E54B1A408123DB0013434A9A6C6850
:1027D00013802B68984643E62800FBF78FFA33688E
:1027E0000200082130009B689847002800D0E5E3EC
:1027F00020AB0793469B44AA0693022305931D33FF
:1028000004931E3B039321AB02936B4603CA03C39D
:102810001CAC20002A686B680A99F9F759FB2B0059
:1028200006CC06C3209B002B00D016E6219B489ABD
:10283000D3604A9B1A88C94B1A408223C4E70C9B79
:102840009B681A6B186C90465A6B596C94469A6C3C
:10285000DC6B0D92DA6C9F6B92461A6D0E925A6D7C
:102860000F929A6D1092DA6D11921A6EDB6A1292C3
:10287000229343462393634624930D9B27902993E9
:1028800053462A9320AB2891269425970E9A0693B7
:10289000469B2B9205930E23049322AB039321AB0B
:1028A00002936B460F9A1CAC2C92109A2D92119A9F
:1028B0002E92129A2F9244AA03CA03C320002A68B8
:1028C0006B680A99FEF7D8FE2B0006CC06C3209B46
:1028D000002B00D0C1E507212198CFF7B5FD0222DA
:1028E000489B99614A9B1B7813434A9A13702B6843
:1028F0006C689846B4E5012464420EE02800FBF7BA
:10290000FDF933680200082130009B6898470028D1
:1029100009D02868F8F782F86C60280044A9FBF712
:10292000B3F90028EAD02B686C689846459B9B4613
:1029300096E520AB0793469B44AA06930223059392
:102940000A3304930B3B039321AB02936B4603CAF8
:1029500003C31CAC20002A686B680A99F9F7B8FA1F
:102960002B0006CC06C3209B002B00D075E50C2164
:102970002198CFF769FD0122489B99604A9B1B78FB
:102980001343B2E720AB0793469B44AA0693022366
:102990000593153304930023039321AB02936B46F5
:1029A00003CA03C31CAC20002A686B680A99F9F7B4
:1029B0008FFA2B0006CC06C3209B002B00D04CE5E1
:1029C000219B489A936001224A9B1B7893438CE792
:1029D000634A3368110022AFDC6A30003B000939DA
:1029E000A0474A9B1CAC06930597489B44AA0493B6
:1029F00020AB0393469B02936B4603CA03C320009C
:102A00002A686B680A99FFF787FC2B0006CC06C37F
:102A1000209B002B00D020E54A9B5B7804221343C7
:102A20004A9A53702B686C68984619E52800FBF7A2
:102A300065F933680200012130009B68984700283F
:102A400000D04AE20422209B6C68134320932B6839
:102A5000984605E520AB0793469B44AA06930423BA
:102A60000593404B1CAC04930023039321AB0293CA
:102A70006B4603CA03C320002A686B680A99F9F7FA
:102A800027FA2B0006CC06C3209B002B00D0E4E4E1
:102A9000354A219B9446489A6344536106224A9BD7
:102AA0005B789343BAE720AB0793469B44AA06930F
:102AB00002230593333304930023039321AB029342
:102AC0006B4603CA03C31CAC20002A686B680A99D2
:102AD000F9F7FEF92B0006CC06C3209B002B00D093
:102AE000BBE4FC22219B92031B04134040221343AE
:102AF0004A9A1E4912680A4013434A9A13602B6887
:102B00006C689846ACE420AB0793469B44AA0693B6
:102B100002230593333304930023039321AB0293E1
:102B20006B4603CA03C31CAC20002A686B680A9971
:102B3000F9F7CEF92B0006CC06C3209B002B00D062
:102B40008BE4FC22219B92031B041340202213439D
:102B50004A9A07491268CEE7F7FBFFFFEFFBFFFF3A
:102B6000DD8004100F27000094F8FFFFBFFFC0FFB7
:102B7000DFFFC0FF4A9B1CAC06930C9B9B681B6944
:102B80000593489B44AA049320AB0393469B02936E
:102B90006B4603CA03C320002A686B680A99FFF7D3
:102BA000BBFB2B0006CC06C32B686C68984657E429
:102BB00020AB0793469B44AA0693022305936133F7
:102BC00004930023039321AB02936B4603CA03C310
:102BD0001CAC20002A686B680A99F9F779F92B0078
:102BE00006CC06C3209B002B00D036E406224A9B6D
:102BF00028005B7844A9934313434A9A5370FBF728
:102C000043F8002800D1E0E1219B442B00DC643331
:102C1000489A536187E620AB0793469B44AA0693E4
:102C2000022305930A3304930B3B039321AB0293D6
:102C30006B4603CA03C31CAC20002A686B680A9960
:102C4000F9F746F92B0006CC06C3209B002B01D0D8
:102C5000FFF703FC219B489A013B136108224A9B22
:102C60001B78134341E620AB0793469B44AA069387
:102C7000032305936C33FF3304936E3BFF3B0393B5
:102C800021AB02936B4603CA03C31CAC20002A6825
:102C90006B680A99F9F71CF92B0006CC06C3209B38
:102CA000002B01D0FFF7D9FB219B489A013BD36150
:102CB00004224A9B1B78134317E64A9B1CAC0693DD
:102CC0000C9B9B689B685BE720AB0793469B44AAE1
:102CD000069302230593613304930023039321ABEE
:102CE00002936B4603CA03C31CAC20002A686B68BE
:102CF0000A99F9F7EDF82B0006CC06C3209B002BB0
:102D000001D0FFF7AAFB219B4A9A5360D24B12884D
:102D10001A40902358E520AB0793469B44AA06939C
:102D200002230593393304930023039321AB0293C9
:102D30006B4603CA03C31CAC20002A686B680A995F
:102D4000F9F7C6F82B0006CC06C3209B002B01D058
:102D5000FFF783FB219B489A6C6853602B68984669
:102D6000FFF77EFBBD4A22AF1100093933683000FE
:102D7000DC6A3B00A0474A9B1CAC0693059700E722
:102D800020AB0793469B44AA0693022305933B334B
:102D900004930023039321AB02936B4603CA03C33E
:102DA0001CAC20002A686B680A99F9F791F82B008F
:102DB00006CC06C3209B002B01D0FFF74EFB219BC6
:102DC000489A13602B686C689846FFF749FBA44A41
:102DD00022AF911FCAE70C9B9A68136A2293526A2A
:102DE0001B682392002B01D1FFF789FB1368002B8E
:102DF00001D1FFF784FB20AB0693469B44AA0593C1
:102E00000223049322AB039321AB02936B4603CAC4
:102E100003C31CAC20002A686B680A99FEF72CFCDF
:102E20002B0006CC06C3209B002B01D0FFF715FB1F
:102E3000219B002B01D1FFF710FB4A9B01225B78FD
:102E4000EDE520AB0793469B44AA06930123059327
:102E5000053304930023039321AB02936B4603CA0B
:102E600003C31CAC20002A686B680A99F9F730F894
:102E70002B0006CC06C3209B002B01D0FFF7EDFAF8
:102E8000219B489A936102224A9B1B7813432CE5AD
:102E90004A9B1CAC06930C9B9B689B6A70E62800BF
:102EA000FAF72CFF33680400252130009B6A98470D
:102EB000844200D0C6E501242B686442180098467D
:102EC000F7F7ACFD6C60FFF7CBFA4A9B1CAC06939E
:102ED0000C9B9B689B69059387E520AB0693469BFB
:102EE00022AC05930E2304935E4B029403936B462E
:102EF00044AA03CA03C31CAF38000A992A686B6846
:102F0000FEF7BAFB2B003A0003CA03C3280044A90A
:102F1000FAF7BAFE002800D005E5209B229A134359
:102F200000D000E52800FAF7E9FE336880462D213D
:102F300030009B6A984780450BD02800FAF7DEFEE8
:102F4000336880462B2130009B6A9847804500D02B
:102F5000E9E420AB0793469B029406930223059372
:102F6000984615330493002303939A466B4644AA6C
:102F700003CA03C30A9938002A686B688B46F8F7BE
:102F8000A7FF3A002B0003CA03C320AB0793469B5D
:102F900002940693434605933933049353460393AF
:102FA0006B4644AA03CA03C3594638002A686B68B3
:102FB000F8F78EFF2B0006CF06C3B4E42868F7F7B6
:102FC0002DFD01235B426B6012E42800FAF796FEA8
:102FD000336801001B6B2A22300098473038C3B297
:102FE0000400092B00D90FE601272868F7F716FD22
:102FF000219A7F4293009B185B001B19280044A96B
:103000006F602193FAF740FE00280AD0219B02212D
:10301000154A94464A9A634452788A434A994A70B8
:10302000F6E52800FAF76AFE336801001B6B2A22D6
:10303000300098473038C3B20400092BE6D828681E
:10304000F7F7ECFC0A22219B6F6053431B19219375
:10305000DDE7EBF7E5FDC0467FFBFFFFF1800410E5
:10306000E6800410241F002094F8FFFFF0B54746C7
:10307000DE4680B591B007003F480A920B93884620
:10308000D7F7E6FB1A9B0AACDB6E5A689B6898423E
:1030900000D36FE08000805800286BD00023374AAF
:1030A000374901F087FE002864D083680DAD1B69A5
:1030B00000219B460C222800CFF70AFF5B460593B0
:1030C0001C9B069504931B9B18AA03931A9B08AE9E
:1030D00002936B4603CA03C3414630000A9A6368F1
:1030E000FFF71AF9230003CE03C30A9E28001C9998
:1030F00003F0EEFD6368002E01D05A1C24D001338A
:103100005A4253411898DDB2199B002801D05A1C2D
:1031100014D001335A425341AB4205D102221B9BCA
:103120001B6813431B9A13603B0038000A9606CCB9
:1031300006C311B0C0BCBB46B046F0BD8368C268D0
:1031400093420CD21B68E4E7B368F26893420BD257
:103150001B685A1C511E8A4152421640CFE7036831
:103160005B6A98470300D4E7336830005B6A98478E
:103170000300EEE7EBF754FD583C002030D104107B
:103180004C9A0410F0B54746DE4680B591B0070072
:103190003F480A920B938846D7F75AFB1A9B0AAC12
:1031A000DB6E5A689B68984200D36FE080008058BD
:1031B00000286BD00023374A374901F0FBFD002877
:1031C00064D083680DAD9B6800219B460C222800CB
:1031D000CFF77EFE5B4605931C9B069504931B9BD5
:1031E00018AA03931A9B08AE02936B4603CA03C343
:1031F000414630000A9A6368FFF78EF8230003CE39
:1032000003C30A9E28001C9903F062FD6368002E28
:1032100001D05A1C24D001335A4253411898DDB2D0
:10322000199B002801D05A1C14D001335A42534133
:10323000AB4205D102221B9B1B6813431B9A1360F0
:103240003B0038000A9606CC06C311B0C0BCBB4692
:10325000B046F0BD8368C26893420CD21B68E4E7B5
:10326000B368F26893420BD21B685A1C511E8A4104
:1032700052421640CFE703685B6A98470300D4E7E1
:10328000336830005B6A98470300EEE7EBF7C8FC51
:10329000583C002030D104104C9A0410F0B5DE46A2
:1032A00057464E464546E0B597B00B90CF48119330
:1032B0001092D7F7CDFA229B8000DB6E10AC5B68D2
:1032C000C3580793002B01D100F060FCC848D7F722
:1032D000BFFA229B0700DA6E8300D568ED182E68CE
:1032E000002E00D180E340239C46B44463460693FD
:1032F000B36A002B03D0336B5A1E9341DBB2BD4D32
:103300000F931395337C002B00D056E2202114A894
:103310001495DCF799FD44239C46B444634603931B
:10332000F36B002515930023049305930D930893E5
:103330000E93B14B0A93B14B0C93B14B09931C21E3
:10334000049A0EAB5B189B5C042B01D900F03CFC8B
:103350000A9A9B00D3589F46B36A002B00D0F7E22D
:10336000336B002B00D063E301230F9A5A4092463F
:10337000A0E1229BDB689B0500D52FE2089B012B77
:1033800000D92BE2049B002B00D127E2012B00D1B6
:10339000B3E3049B022B00D1C1E3149B0C3B1B68DD
:1033A000012B00D9E8E20E9B002B00D0FCE2139B1E
:1033B0000C3B1B68002B17D0059B002B00D188E32A
:1033C0006B4634229B18197813A8DCF745FEF16888
:1033D000B06813AA03F074FC002805D10422239BD3
:1033E0001B681343239A1360059B002B03D0736B58
:1033F000AB4200D067E1249814A9DCF753FB68E1E5
:10340000200020A9FAF740FC002800D18BE200231D
:103410009A46049B032B00D192E1606823688146A1
:103420009B46002B01D0431C2FD001304342584112
:10343000C3B220989846219B002802D05A1C00D184
:1034400010E201335A425341434500D11BE2206848
:10345000002803D04B46013300D118E207984A46B2
:10346000036808219B689847002800D10BE2236875
:103470009B465A469B68D268934200D315E25A464F
:103480000433936001235B4263605B465A469B684A
:10349000D268934200D30EE31868431C00D1D6E2F1
:1034A00001235B429946C0E7606827688146002F88
:1034B00001D0431C4ED0013043425841C3B2209842
:1034C0009846219B002802D05A1C00D1B6E0013357
:1034D0005A425341434500D1C1E02068002800D141
:1034E00090E04B46013300D1BCE00A2249460398E4
:1034F0000BF044F9002841D0069BC01A3F4B8010C6
:103500001B681B5C9A46149B1A000C3A1768791CBE
:1035100088465168884503D89268002A00DC8BE011
:10352000414614A8DCF790FC149B1A000C3A126870
:1035300051469954149B324A0C3B934217D10135A2
:103540002768BB68FA6893424AD20433BB60012300
:103550005B426360BB68FA68934200D37FE21868FD
:10356000431C00D1D2E101235B429946A3E700222C
:1035700041469A601960DB195A73E0E773694B455D
:103580004FD0337C002B6AD0B3694B4567D1059B84
:10359000002B00D083E0002D00D192E2EBB29946DF
:1035A000139B1A000C3A176851687D1C8D4202D893
:1035B0009268002A64DD290013A8DCF745FC139B00
:1035C00049461A000C3A12689954139B099A0C3B0D
:1035D00093425DD100252768BB68FA689342B4D353
:1035E0003B6838009B6A9847B1E7C046103D002011
:1035F000503C0020403C0020C4CF0410201F00207D
:10360000343C00200A22494603980BF0B7F8002802
:10361000B4D0069BC01A0C9B80101B681B5C9A469A
:1036200071E7059B002B3AD1736B002B17DD01234B
:103630000D950593002583E73A0079E78368C26812
:10364000934200D306E21B685A1C00D03FE70022D9
:10365000013320925A425341434500D03DE70123B4
:103660009A461EE08368C268934200D3FCE11B685F
:1036700099464B46013300D037E70023236034E7F7
:103680003A0049469954139B099A0C3B9342A1D0A6
:1036900000221D609A60DB1900255A739BE7059B89
:1036A0009A46149B0C3B1B685A1E934152465B4240
:1036B0001A409246049B01330493042B40D0534696
:1036C000002B00D03BE60422239B1B681343239A64
:1036D0001360200020A9FAF7D7FA002800D071E083
:1036E0000B9B06CC06C3149BBE4C18000C38A042A2
:1036F00000D0C2E1139B18000C38A04200D0CAE1F0
:103700000B9817B0F0BCBB46B246A946A046F0BD28
:103710002000FAF7F3FA736A1B68834200D01EE1B7
:10372000B36A20680893F7F779F901235B42636075
:10373000049B01330493042B00D000E6033B9A461C
:10374000089B012B45D95346002BBCD00E9B002B68
:1037500000D00EE1736A984601235B420127994627
:103760000FE04146BA008A589A42ACD1206883687B
:10377000C268934200D330E1043383604B46013783
:103780006360200020A9FAF77FFA089B002800D088
:103790006FE19F4200D100E6206863680028E0D016
:1037A0005A1CDED18368C268934200D3E9E11B68EA
:1037B0005A1CD6D100222260D3E7202113A8DCF7BF
:1037C00043FBA3E50222239B1B681343239A136048
:1037D00086E75346002B00D175E7DEE5336A606863
:1037E0009B462368824698460027002B00D0CFE1F5
:1037F000013043425841C3B220989846219B00288B
:1038000001D05A1C57D001335A425341434561D02D
:10381000BB458DD02068002802D05346013368D0C4
:10382000F369BA00D358534557D1236898464246A6
:103830009B68D26893426CD2424604339360012362
:103840005B4263600137434642469B68D2689342BD
:1038500000D38BE11868431C00D119E101235B42BE
:103860009A46C5E78368C268934200D31EE11B688D
:103870005A1C00D0E5E50022013320925A42534100
:10388000434500D0E3E5049B0133049317E78368C5
:10389000C268934200D317E11B6899464B46013337
:1038A00000D0DBE500232360D8E55B461B68584663
:1038B0009B6A9847E6E58368C268934200D350E16B
:1038C0001B685A1C9FD10022013320925A42534157
:1038D00043459DD1BB4500D12AE700239A46002FDE
:1038E00000D0E7E60122229BDB685B0A9A439246FE
:1038F000E0E68368C268934200D33DE11B689A46C4
:10390000534601338CD10023236089E700232360D1
:1039100029E643461B6840469B6A984701235B4261
:10392000636001378FE72000FAF7E8F90200079893
:10393000082103689B689847002800D167E5206844
:10394000F7F76CF801235B42636001239A4660E558
:10395000200020A9FAF798F9002800D1D8E6336BA7
:10396000002B65D1B36A002B00D1FDE401230E9337
:10397000DEE6F36A9846EFE60022302114A8DCF771
:10398000A5F8002800D10EE5149B0C3B1B68421CD7
:1039900000D1581E0200984200D9E0E00023002127
:1039A00014A8DCF7FDF8FEE4149B1A000C3A9268A8
:1039B000002A00DBC2E01B78302B00D1F7E42D2376
:1039C0000022009300212C3B14A8DCF783F901228C
:1039D000149B52420C3B9A60E9E403689B6A984747
:1039E000CCE6C046343C00207020CFF77DFA784A00
:1039F000002302606C22229943608360C3600374D9
:103A000043618361C361036243628362C362036390
:103A100043638363C3636C3183540600F7F720FE6E
:103A2000229B31003A00D86ED6F790FE2E685AE4F9
:103A3000200020A9FAF728F900284CD0B36A002BFF
:103A400000D191E4336B002B00D08DE48EE700238E
:103A5000236025E503685B6A98470300F4E53B684B
:103A600038005B6A98477BE503685B6A9847814644
:103A7000FFE59F4200D026E68FE4043B1A68511E02
:103A80001960002A00DD35E612A9DCF785F831E679
:103A900000232360E2E6043B1A68511E1960002AE5
:103AA00000DD2DE614A9DCF777F829E603685B6AE8
:103AB00098470300DCE65B461B6858465B6A9847FC
:103AC000EBE400239A46ECE503685B6A984781467D
:103AD000E4E6E9B278E42000FAF710F9F36A1B682B
:103AE0008342ABD1336B20680893F6F797FF01232D
:103AF0005B42636002330E931AE60F9B002B00D0EB
:103B00006CE60EAB1B7F032B00D167E60EAB9B7FF1
:103B1000012B00D162E602230493FFF710FC0EABE9
:103B2000DB7F042B00D159E60F9A002A02D0032B29
:103B300000D153E603230493FFF701FC14A8DCF73C
:103B4000B3F8149B1A78302A00D130E40C3B9B6800
:103B5000002B00DA33E714A8DCF7A6F82FE71A00E9
:103B60001CE703685B6A98470300AAE643461B68A4
:103B700040465B6A98476EE603685B6A98478246F0
:103B8000BEE603685B6A9847030011E6EBF748F866
:103B9000431C00D02CE656E614A8F6F78FFF13A8B6
:103BA000F6F78CFF01F07EFA01F006FC3368300076
:103BB0005B68984702F06EF801F0FEFBFAE701F04F
:103BC00035FC01F06FFAEAE701239A4672E5C04638
:103BD00078A20410F0B5DE464E4657464546E0B59D
:103BE00095B00990CD480F930E92D6F731FE209BE9
:103BF0008000DB6E0EAC5B68C3589946002B01D188
:103C000000F01FFCC648D6F723FE209B0600DA6EA4
:103C10008300D568ED182F68002F00D151E34023B1
:103C20009C46BC4463460593BB6A002B03D03B6BA8
:103C30005A1E9341DBB2BB4D0D9311953B7C002B7B
:103C400000D079E2202112A81295DCF7FDF8442378
:103C50009C46BC4463460393FB6B002613930023EE
:103C6000984604930B9306930C93AF4B0893AF4B7A
:103C70000A93AF4B07931C2142460CAB5B189B5C2D
:103C8000042B01D900F0F7FB089A9B00D3589F46FC
:103C9000BB6A002B00D0CBE23B6B002B00D034E39F
:103CA00001230D9A5A409346E2E1209BDB689B0575
:103CB00000D552E2069B012B00D94EE24346002B71
:103CC00000D14AE2012B00D17FE3022B00D18DE32A
:103CD000129B0C3B1B68012B00D9BDE20C9B002BF7
:103CE00000D0D1E2119B0C3B1B68002B17D0049B2A
:103CF000002B00D152E36B462C229B18197811A897
:103D0000DCF7AAF9F968B86811AA02F0D9FF00280F
:103D100005D10422219B1B681343219A1360049B45
:103D2000002B02D07B6BB3426ED1229812A9DBF735
:103D3000B9FE6FE020001EA9F9F7A6FF002800D108
:103D400060E200239B464346032B00D1B5E1606847
:103D500025688246002D01D0431C29D0451C6B42AA
:103D60005D411E981F9BEDB2002801D05A1C35D032
:103D700001335A425341AB423FD02068002803D060
:103D80005346013300D117E24B461B6852460821C7
:103D900048469B68984700282FD02568AB68EA689A
:103DA000934200D316E20433AB6001235B426360AD
:103DB000AB68EA68934200D3DEE21868431C00D186
:103DC000B3E20123451C5B429A466B425D411E985B
:103DD0001F9BEDB20028CBD05A1CC9D18368C268A2
:103DE000934200D3CDE21B685A1CC1D1002201339B
:103DF0001E925A425341AB42BFD101239C465B46BF
:103E0000E044002B00D036E70422219B1B681343BB
:103E1000219A136020001EA9F9F736FF002800D070
:103E20008FE1099B06CC06C3129B414C18000C384D
:103E3000A04200D095E2119B18000C38A04200D09F
:103E400084E2099815B0F0BCBB46B246A946A0462C
:103E5000F0BD606825688246002D00D0B1E2451CA7
:103E60006B425D411E981F9BEDB2002802D05A1C88
:103E700000D1C1E001335A425341AB4200D1CCE002
:103E80002068002800D19BE05346013300D1C7E0F1
:103E90000A22514603980AF071FC00284AD0059B7B
:103EA000C01A224B80101B681B5C9B46129B1A0099
:103EB0000C3A11688A464D1C51688D4203D89268AD
:103EC000002A00DC96E0290012A8DBF7BDFF129B58
:103ED0001A000C3A126859469954129B144A0C3B2A
:103EE000934215D101362568AB68EA68934253D2F4
:103EF0000433AB6001235B426360AB68EA689342C2
:103F000055D21868431C58D001235B429A46A6E755
:103F100000221D609A6053445A73E3E7103D00206D
:103F20004C3C0020403C0020D8CF0410201F002033
:103F3000343C00207B69534551D03B7C002B6CD036
:103F4000BB69534569D1049B002B00D085E0002E4E
:103F500000D11BE2F3B29A46119B1A000C3A166884
:103F60005168751C8D4202D89268002A66DD2900CE
:103F700011A8DBF769FF119B51461A000C3A126831
:103F80009954119B079A0C3B93425FD100262568F8
:103F9000AB68EA689342ABD32B6828009B6A9847CA
:103FA00001235B426360EA68AB689342A9D32B6844
:103FB00028005B6A9847431CA6D100232360A3E72F
:103FC0000A22514603980AF0D9FB0028B2D0059B7B
:103FD000C01A0A9B80101B681B5C9B4666E7049B0B
:103FE000002B3AD17B6B002B17DD01230B9604933A
:103FF000002678E752466EE78368C268934200D392
:1040000096E11B685A1C00D034E7002201331E924F
:104010005A425341AB4200D032E701239B461EE097
:104020008368C268934200D387E11B689A4653466F
:10403000013300D02CE70023236029E732005146EA
:104040009954119B079A0C3B93429FD000221D600C
:104050009A609B195A73002699E7049B9B46129B12
:104060000C3B1B685A1E93415A465B421A409346CA
:1040700001239C46E0444346042B1ED05B46002BA4
:1040800000D0F8E5C0E62000F9F738FEFB6A1B68AF
:10409000834200D040E13B6B20680693F6F7BEFCFC
:1040A00001235B42636002330C9301239C46E0448E
:1040B0004346042B00D0DEE5E346069B012B47D99F
:1040C0005B46002B00D19FE60C9B002B00D0C0E08C
:1040D0007B6A984601235B420125994610E04146E0
:1040E000AA008A589A4200D08EE620688368C26887
:1040F000934200D3E1E0043383604B4601356360B3
:1041000020001EA9F9F7C0FD069B002800D019E188
:104110009D4200D1DCE5206863680028DFD05A1C8E
:10412000DDD18368C268934200D385E11B685A1CC5
:10413000D5D100222260D2E7202111A8DBF784FE2E
:1041400080E50222219B1B681343219A136068E6D5
:104150005B46002B00D157E6BAE53B6A00259A463C
:1041600001235B429B460EE0FA69A9008A589A42F5
:104170003CD120688368C268934230D204338360A4
:104180005B460135636020001EA9F9F77DFD00281C
:1041900029D1554589D0206863680028E4D05A1C8D
:1041A000E2D18368C268934200D340E11B685A1C85
:1041B000DAD100222260D7E78368C268934200D335
:1041C000E7E01B689A465346013300D0DCE5002344
:1041D0002360D9E52B6828009B6A9847E5E50368CA
:1041E0009B6A9847CCE7554500D15EE700239B4684
:1041F000002D00D03CE70122209BDB685B0A9A433C
:10420000934635E72000F9F779FD4B461B6802001D
:10421000082148469B689847002800D191E520680E
:10422000F6F7FCFB01235B42636001239B468AE5B2
:1042300020001EA9F9F728FD002800D1B0E03B6B53
:10424000002B62D1BB6A002B00D129E501230C931E
:104250002BE7FB6A98463DE70022302112A8DBF7E6
:1042600035FC002800D139E5129B0C3B1B68421C31
:1042700000D1581E0200984200D9D6E00023002148
:1042800012A8DBF78DFC29E5129B1A000C3A926804
:10429000002A00DBB8E01B78302B00D122E52D236B
:1042A0000022009300212C3B12A8DBF713FD012212
:1042B000129B52420C3B9A6014E503689B6A984734
:1042C0001BE77020CEF710FE6C4A002302606C22C0
:1042D000209943608360C360037443618361C36159
:1042E000036243628362C362036343638363C363A2
:1042F0006C3183540700F6F78BFF209B39003200A6
:10430000D86ED6F723FA2F6889E420001EA9F9F7A2
:10431000BBFC002800D1B6E6BB6A002B00D1BFE48D
:104320003B6B002B00D0BBE490E70023236048E503
:1043300003685B6A9847030064E603685B6A984712
:10434000824674E69D4200D05EE5C1E4043B1A68F3
:10435000511E1960002A00DD73E512A9DBF71CFC71
:104360006FE5043B1A68511E1960002A00DD62E502
:1043700010A9DBF711FC5EE52B6828005B6A984703
:104380001CE503685B6A984703002DE500239B4604
:1043900065E603685B6A9847824614E7F1B2AEE4CB
:1043A0002000F9F7ABFC7B6A1B68834200D046E72C
:1043B000BB6A20680693F6F731FB01235B4263601A
:1043C00073E6431C00D04AE597E50D9B002B00D017
:1043D000C3E60CAB1B7F032B00D1BEE60CAB9B7F6F
:1043E000012B00D1B9E60223984644E40CABDB7FF5
:1043F000042B00D1B1E60D9A002A02D0032B00D184
:10440000ABE60323984636E412A8DBF74DFC129B7B
:104410001A78302A00D165E40C3B9B68002B00DA47
:104420003DE712A8DBF740FC39E71A0026E70368EE
:104430005B6A98470300BAE603685B6A9847030023
:1044400075E6EAF7EDFB12A8F6F738FB11A8F6F7C8
:1044500035FB00F027FE00F0AFFF3B6838005B68DB
:10446000984701F017FC00F0A7FFFAE700F0DEFF25
:1044700000F018FEEAE701239B46F9E588A2041044
:10448000F0B5C64600B58CB00692079309AA14ABE6
:1044900090461B78284A06AC050009920AAE002B0C
:1044A0002AD043460493169B12AA0393159B0293AA
:1044B0006B4681CA81C33000069A6368FEF7EEFE40
:1044C0002300320003CA03C3099FD5F7F1FE169AF1
:1044D000330017990A90380002F0C6F82B0006CC7A
:1044E00006C3099B154A18000C38904214D12800C5
:1044F0000CB080BCB846F0BD43460493169B12AA8C
:104500000393159B02936B4681CA81C33000069AC0
:104510006368FFF75FFBD3E7043B1A68511E19601D
:10452000002AE4DC3100DBF737FBE0E74046F6F732
:10453000C5FA00F0B7FDC046403C0020343C0020E6
:10454000F0B54F464646D646C0B58CB00793050039
:1045500016AB3E481E78179F88460692D6F778F924
:10456000FB6E80005B6806ACC3589946002B65D093
:10457000374B0993002E40D109AB0493189B029747
:1045800003936B4614AA03CA03C30AAE4146300024
:10459000069A6368FFF71EFB2300320003CA03C3B9
:1045A000099B18000C380768002F19D00022390029
:1045B0001998DCF759F8099B9846199B47441B68E2
:1045C0001A000C3A9268002A28DA4A4612684146D4
:1045D000D26A484692463A00D047099B18000C38E8
:1045E0002A0082CC82C21B4A90421DD128000CB006
:1045F000E0BCBA46B146A846F0BD09AB0493189B8F
:10460000029703936B4614AA03CA03C30AAE41463A
:104610003000069A6368FEF741FEBDE71998DBF7A4
:104620005DFE199B1B68D0E7043B1A68511E196098
:10463000002ADBDC3100DBF7AFFAD7E7EAF7F0FA64
:1046400009A8F6F73BFA00F02DFDC046103D00200A
:10465000403C0020343C00200122244B19681142C8
:1046600000D11A600122224B1968114200D11A6050
:104670000122204B1968114200D11A6001221E4B01
:104680001968114200D11A6001221C4B19681142AD
:1046900000D11A6001221A4B1968114200D11A6028
:1046A0000122184B1968114200D11A600122164BE1
:1046B0001968114200D11A600122144B1968114285
:1046C00000D11A600122124B1968114200D11A6000
:1046D0000122104B1968114200D11A6001220E4BC1
:1046E0001968114200D11A607047C046082F002097
:1046F000102F0020382F0020402F0020AC2E00204B
:10470000B02E0020202F0020B82E0020302F0020B7
:10471000282F0020182F0020002F00208023086859
:1047200010B55B05984213D2904209D952009042CD
:1047300006D29A4209D38020074BC0050B6001E0E6
:1047400001308000CEF7D0FB10BD0A60501CF8E7A6
:104750000248EAF78DFAC046FFFFFF0F08810410F8
:1047600003000068083310B5984201D0CEF7C4FBAF
:1047700010BDC04630B583B0150004000A00019199
:1047800003290FD80068002A06D0012A12D0290078
:1047900003F014FD019A2068002362609200135018
:1047A00003B030BD002201A9FFF7B8FF019A2060D5
:1047B000A260E8E70560019AEEE7C046F0B54F4613
:1047C000DE464646C0B5984643688F1882B00D0055
:1047D000D91B89460A9904008A1AD21808239B46D5
:1047E0000368834401929B4541D08268200001A95F
:1047F000FFF794FF0600002D05D02168012D33D06E
:104800002A0006F033FD4346002B0AD00A9B002BFA
:1048100007D0A8003018012B2BD041460A9A06F089
:1048200025FD4B462068002B0ED00A9BB9009C4604
:104830004B466544AD0075194118012B11D04A460D
:10484000280006F013FD2068834501D0CEF754FB05
:10485000019B2660A36002B0E0BCBB46B146A846FF
:10486000F0BD0B682B60EFE70B680360CBE703221A
:10487000BCE743461B680360D3E7C04670B506003B
:10488000036882B00836040001919E421FD08268FE
:10489000019B934201D802B070BD200001A9FFF72F
:1048A0003DFF636805005A1C2068002B11D0002AC8
:1048B00007D1864201D0CEF71FFB019B2560A36084
:1048C000E9E70100280006F0D1FC2068F1E70322A7
:1048D000DEE703682B60ECE7F0B5C64600B51F00C5
:1048E000274B88464168D318040082B05B1A9F4268
:1048F00043D80368BD1A08306D18834238D0A068C9
:10490000854228D8404610180E1A81420ED0BA426D
:104910000CD04146890059189200B800081889182F
:104920003200012E21D005F029FE2368002F09D086
:10493000424696009819012F1CD03A00089903F0BE
:104940003DFC2368002220006560AD00EA5002B003
:1049500080BCB846F0BD0023414620000097FFF719
:104960002DFF2368002FEDD0E2E70A680260DDE743
:104970000320C5E7089A0260E4E70248EAF778F9FD
:10498000FFFFFF0FC47F041000B50B00416883B028
:10499000994207D304D90021026843609B009950D3
:1049A00003B000BD00925B1A0022FFF795FFF7E706
:1049B000F8B5CE46474680B5089F0E0091461C00CC
:1049C000099D002F0BD097425FD8012F02D11B68A1
:1049D0000B6004E03A001900300005F0CFFD002D17
:1049E00056D04F4554D04B46B80099003018711836
:1049F000012D02D10B68036002E02A0005F0BEFD24
:104A00004F4545D9BB0098464B469D004346751916
:104A1000E3189D420AD3012F02D12368336037E0A7
:104A20003A002100300005F0A9FD31E0A54210D880
:104A30004B46A11B8910C919C91A89007118012F89
:104A400002D10B68336023E03A00300006F00EFC20
:104A50001EE02D1BAB109946042D02D12368336054
:104A600004E01A002100300005F088FD31004B46BB
:104A700070194144FA1A012A02D10B68036007E059
:104A8000002A05D006F0F2FB02E0002DABD1B9E719
:104A9000C0BCB946B046F8BDF0B54746CE4680B575
:104AA000984683B02C4B47680A9ED3180400DB1B42
:104AB0009E424ED80368B51A0830ED19834241D0A2
:104AC000A068854235D88800814651189944791AE2
:104AD000434522D900290CD0B2420AD092001300DB
:104AE000B00048444B44012929D00A00190005F0C0
:104AF00045FD002E06D0012E26D032004146484604
:104B000006F0B4FB0022200023686560AD00EA5087
:104B100003B0C0BCB946B046F0BDBF00DB19984534
:104B2000D8D801914346494620000096FFF740FF40
:104B3000E8E7434620000096FFF740FEE2E71B68E7
:104B40000360D6E70320BCE743464A461B68136070
:104B5000D8E70248EAF78CF8FFFFFF0F2081041026
:104B600070B50400230040682668083382B0151829
:104B70009E421BD0A368AB420FD3002A06D0800010
:104B80003018012A14D006F071FB2668002320009B
:104B90006560AD00AB5102B070BD0B00009201002A
:104BA00000222000FFF70AFE2668EFE70323E2E772
:104BB0000B680360EAE7C04670B506007468080039
:104BC0001D00A34214D8E41A94420BD8002C07D03D
:104BD0003168AD004919012C07D0220006F046FBD0
:104BE000200070BD141EFBD0F2E70B680360F7E7EE
:104BF00023002A0001490248EAF76AF8987F041066
:104C0000607F0410030010B50800190008F020F8B8
:104C100010BDC046004870473C81041010B5040028
:104C2000024B036000F052FC200010BD24D604109B
:104C300010B50400044B036000F048FC2000042180
:104C4000CEF762F9200010BD24D60410004870474A
:104C50004C81041010B50400024B0360FFF7DEFF27
:104C6000200010BD60D6041010B50400044B036092
:104C7000FFF7D4FF20000421CEF746F9200010BD35
:104C800060D60410004870476881041010B5040015
:104C9000024B036000F01AFC200010BD8CD60410FB
:104CA00010B50400044B036000F010FC2000042148
:104CB000CEF72AF9200010BD8CD60410002330B5A1
:104CC0001400102285B000930193039303680292AD
:104CD0009D6922686B46A8476B461A790623002017
:104CE0001340062B02D1009B0130236005B030BD7C
:104CF000009B05209A1A53425A41524210400130FB
:104D00007047C04610B50400024B036001F0CCF8B8
:104D1000200010BDD0D6041010B50400044B036071
:104D200001F0C2F820000821CEF7EEF8200010BDF7
:104D3000D0D6041070B516001D00069A049B04001E
:104D400093420ED02900200001F0B2F8002806D0CE
:104D5000079B049A1E711A600123079A9371002021
:104D600070BD059901F0A4F80028EBD0079B5E7197
:104D7000F5E7C04670B515001C0001F099F8002851
:104D800004D00823E360023B2560237170BDC04658
:104D9000F8B505000C0017001E0001F089F8002886
:104DA00007D1032E05D823683A00290020005B694B
:104DB0009847F8BDF0B546464F46D646C0B5040004
:104DC000894690461E0088B0002838D0006805AF9C
:104DD0000838436802689A460023A518069305938D
:104DE0001033BB602B68083B5B68534527D1002E0E
:104DF00002DB5242B24231D053464A461B6801920E
:104E0000039702940095DD6906224346310050461F
:104E1000A847059D2A1E12D00623B9799A460B4051
:104E2000062B0DD078793B79574603403B40062B43
:104E300006D005230340042B01D0002907D000250C
:104E4000280008B0E0BCBA46B146A846F0BD002E26
:104E50000BDBAD19AC42F2D11500F1E741465046EB
:104E600001F026F80028C7D0EAE7B31CE7D0434694
:104E70001B6800941C6A31004B464046A0475346CD
:104E80000340062BDBD1059A1500D9E770B5194C04
:104E9000083863680668002B20D08519AB421DD8FE
:104EA0005A6821D00434002A06D10DE051681C1D37
:104EB0001300002907D00A009542F7D803D12A68C9
:104EC000B6186A685A6023681A689918884208D028
:104ED0005B68066043602368586001E0436060607F
:104EE00070BD92191A60FBE71B6842609B19036052
:104EF0006060F5E75C300020020030B50832083011
:104F000000D3082207230F49073248689A43043127
:104F1000002804D10EE0011D406800280AD0036873
:104F20009A42F8D845689C1A072C04D803602B00D5
:104F30000B60083030BD83185D6008681C6002603B
:104F4000F6E7C0465C30002070B580300500CDF734
:104F500079FF041E07D0802200212000CDF7B8FF82
:104F60002000803070BD2800FFF7C6FF041EF2D17C
:104F700000F016FE074B80389A68DB6810B5D3182E
:104F8000984201D2824202D3CDF78AFF10BDFFF7CB
:104F90007DFFFBE75C300020F0B5CE46474600259C
:104FA00080B53B4E89B03B487560B560F56003F055
:104FB000F9F808230293384B04000393092305935F
:104FC000364B049506930423079300283FD0344DB5
:104FD000237828003A3B5A425341E4180F2221001B
:104FE00007F04EFE002802D1E37B2E2B16D02000C6
:104FF0003A2104F0A7FB041EEAD1079C402C24DCD4
:10500000049B002B00D106333E335C43A400F460C4
:1050100020D109B0C0BCB946B046F0BD08AB994636
:10502000103402AF3B6878689846002B05D01A0010
:10503000210007F025FE002803D14346E35C3D2B09
:1050400013D00C37B945EDD1D1E74024D8E78824F7
:10505000E400F4602000CDF7F5FEB060002815D024
:105060000023706004604360D3E74046013020189D
:10507000002201A905F008F8019C23783A2B01D001
:10508000002BB4D10028B2DBB860B0E7F060C0E715
:105090005C300020788104108C8104109881041009
:1050A000A48104101EB400F093F81EBC10F02CFF75
:1050B000F0B5C64600B51E0003780C0082B0472B41
:1050C0001FD00020284D2B6801909B68280098472E
:1050D00001239846002804D0019B1B6801930223FA
:1050E0009846236829001F692000012301AAB847B8
:1050F000002826D100239846404602B080BCB8461E
:10510000F0BD43784E2BDCD18378552BD9D1C378B1
:10511000432BD6D10379462B1BD0432BD1D14379D6
:105120002B2BCED183792B2BCBD1C279012AC8D896
:10513000002301930300203B1D68012A04D058304E
:10514000C1E7019B3360D7E72B00783B28001D683F
:10515000B9E743794F2BB4D18379522BB1D1C079C0
:10516000024D0028AFD0ACE778D704104CD704101C
:1051700010B5040000F0C2F922002378203A472B32
:1051800005D08368002B20D18260012010BD637898
:105190004E2BF6D1A378552BF3D1E378432BF0D1E6
:1051A0002379432BEDD163792B2BEAD1A3792B2BD8
:1051B000E7D1E379012BE4D8D3690133D361012B23
:1051C000E3D1836893618260DFE700F0E9FCC046C9
:1051D00010B500F093F90300806800282DD020223C
:1051E000825C472A03D000229A60203010BD263A04
:1051F000825C4E2AF7D12C3A825C552AF3D1323A9E
:10520000825C432AEFD11F3A825C432AEBD11E3ADB
:10521000825C2B2AE7D1053A825C2B2AE3D1043A3F
:10522000825C012ADFD8C269013AC261002ADCD15E
:1052300082699A6000238361D7E700F0B1FCC04621
:10524000042010B5FFF780FE024B034A03490360B8
:1052500000F006FD60D60410554C03104CD6041027
:10526000027803000020472A00D070475A784E2A5F
:10527000FBD19A78552AF8D1DA78432AF5D11A79F0
:10528000432AF2D15A792B2AEFD19A792B2AECD1E1
:10529000DB792A3A9A424041C0B2E6E710B5041ED3
:1052A00006D000F089F82000FFF7DAFF002801D1CE
:1052B00000F076FC203CE06800F06AFCF0B5DE46C9
:1052C00057464E464546E0B585B00700FFF7C8FF94
:1052D000041E0BD03B00203B9A68DC68BB6A9146F9
:1052E0009A467B6B002698463D6B04E0814601267A
:1052F000804605008246380000F05EF8002E01D09E
:1053000000F05AFC484600F053FC00F055F8002E1F
:1053100001D000F045FC00F0EDF827220368995C0D
:105320001A007832012900D11A68AD080292AA0049
:10533000019200222033454691469846CA4521DD18
:105340002F68002F00D07F1900223900404602ABA1
:10535000FFF7AEFE002801D000F09CFC3B680390F4
:105360001B6938009B461149012303AAD84700282E
:1053700000D1300001239C46019BE1449C4606007D
:105380006544DBE7002E08D00420FFF7DDFD084B65
:10539000084A0649036000F063FC200000F0F8FBB7
:1053A00000F044F800F042F8FFF77CFE20D704102C
:1053B00088D70410D154031070B5040000F09EF893
:1053C000220023780568203A472B04D0002D2BD1EA
:1053D0000260280070BD63784E2BF7D1A378552B5F
:1053E000F4D1E378432BF1D12379432BEED16379C8
:1053F0002B2BEBD1A3792B2BE8D1E379012BE5D82B
:105400005369002B0DDB013353614368013B43605B
:10541000954201D0156102602000656A10F08CFD94
:10542000D7E70121CB1AEFE700F0BAFB10B500F087
:1054300061F80368002B09D020229A5C472A06D025
:10544000002220330260180010F03EFD10BD263A05
:105450009A5C4E2AF4D12C3A9A5C552AF0D1323A11
:105460009A5C432AECD11F3A9A5C432AE8D11E3A4F
:105470009A5C2B2AE4D1053A9A5C2B2AE0D1043AB3
:105480009A5C012ADCD85A69002A08DB511E012ADD
:105490000CD04A1C01D05961D8E700F081FB511CA7
:1054A0000132F8D11A6902605961CFE71A692033D5
:1054B0000260180010F008FDC8E7C04610B500F003
:1054C0001DF84068431E9841C0B210BD7047C046E9
:1054D0007047C04600487047B481041000487047C8
:1054E000C481041010B504000421CDF70DFD200087
:1054F00010BDC046004870474C2F00200048704740
:105500004C2F0020F0B5D64646464F468A46C0B5D9
:105510000600502824D00F2404400C2C00D96FE042
:105520003848A40000598746547810782402044370
:10553000907800042043D47824060443101D002CE6
:1055400008D070253540102D00D1924676B25444D3
:10555000002E0ADB1C60E0BCBA46B146A846F0BD8E
:10556000D01C0322904310C8F4E72468F2E7547873
:10557000107824020443907800042043D478240651
:10558000044310000830DAE754781078240204430A
:10559000901CD4E754781078240204432404241483
:1055A000901CCCE77F211500002400278846404648
:1055B000297801350840B840044348B2073700282D
:1055C000F5DB28001F2FBAD84D06B8D50125BD4000
:1055D0006D422C43B5E700218C467F311500002435
:1055E0008846474661462878013507408F400721A5
:1055F000894640B23C43CC440028F2DB28009EE7B9
:1056000005F02CFE94D70410030010B50800FF2B02
:1056100010D070221340302B13D004D8202B07D188
:1056200010F012FC07E0402B06D110F095FC02E0D0
:10563000202B04D8002010BD0020502BFBD005F0FB
:105640000DFE10F049FCF6E7F8B505000E00140059
:105650000020002D02D0280010F07EFC2060771C76
:105660003678FF2E28D160603B78781CFF2B32D033
:105670001023002500217F26237532000378013096
:105680001A408A405BB215430731002BF5DB451900
:10569000E560002200257F26037801306375310024
:1056A00003780130194091405BB20D430732002B63
:1056B000F5DB45192561F8BD29003000FFF7A4FF8F
:1056C0003A000100231D3000FFF71CFF07003B7864
:1056D000781CFF2BCCD100252375D9E7F0B55746B0
:1056E0004546DE464E460023E0B597B00C930333A3
:1056F0000F0090460340012B00D1AEE0022B0ED1EB
:105700004146380010F0D0FB002800D0A3E008206C
:1057100017B0F0BCBB46B246A946A046F0BD002B70
:1057200000D033E208331C0004400342E8D10125D5
:1057300010AB0393039B0C220021009340460023EF
:10574000109710F0A9FB404610F076FC049000285A
:10575000D6D02C43039D04992A0040460594FFF7B8
:1057600073FF2B7D4146040018000693FFF74CFFA2
:105770000FABA8600F22079000939B4600210023E7
:10578000404610F001FC01220F9B9343013B9946D8
:105790002B699A469C4242D2109B6E7D02933B003D
:1057A0007F2527004C46994600213000FFF72CFF4B
:1057B0003A0001000DAB3000FFF7A4FE0021070006
:1057C0003000FFF721FF3A0001000EAB3000FFF779
:1057D00099FE002107003000FFF716FF3A00010094
:1057E0005B463000FFF78EFE002100222F00037879
:1057F00001301F4097405BB239430732002BF5DB85
:10580000029A0D9B94466344A34207D80E9A9B18B4
:10581000A34200D985E007008245C5D84F46002342
:1058200000259A460133059AD20771D50C9B0B933C
:105830005B460D22009300210023404610F0A4FB9C
:105840000F9B06203B620B9B3D637B625346BB6212
:10585000049BFB625CE709205AE708231C0010AA9E
:1058600004400392034201D0022563E70D6A00233E
:10587000009200210D22404610F086FB109B9D42B5
:10588000F2D1039B0C220093002100234046109785
:1058900010F002FB3D6BBC6AFB6A002D3ED0049306
:1058A0000FABA2469B465346002B00DAB8E0032616
:1058B0005B46002200210093404600230F9710F022
:1058C000EBFA5B46012200210093404600230F942F
:1058D00010F0E2FA5B460F220021009340460023BD
:1058E00010F052FB01230F9A002113402B430F931A
:1058F0005B460F2200934046002310F0CDFA022EA3
:1059000001D0072004E73800FFF732FC0720FFE64C
:10591000082205990A426DD1012B7FD13800FFF78B
:10592000BDFC0F9B4F46002B00D1E9E6039A55685A
:105930005D19002900D10AE14C1E5444002D00D10C
:10594000DEE6059A0823110019400A91134200D19E
:1059500000E13F333B7007337B700733BB70123B72
:10596000FB7003333B7109337B710333BB7100233D
:10597000FB710023069A994607331A404346099360
:10598000039BBA46984602920895002300217F2582
:105990002A002078013402408A40134342B2073182
:1059A000002AF5DB1F2905D8400603D501228A40CD
:1059B000524213431E002000002500227F279C46F0
:1059C000390003780130194091400D4359B2073234
:1059D0000029F5DB190063461F2A3ED849063CD54D
:1059E000012191404A421543002B4BD10123994696
:1059F0006419CAE7012B00D1C6E05346002B00DA38
:105A0000BEE05446032653E7099BAB469846059BE8
:105A1000B2462700089DDB0700D507E7544642E75A
:105A2000039E049932004046FFF70EFE4146307D4A
:105A3000FFF7EAFDE343F1689B00C9180B68002BF0
:105A400005D0002301339A008A58002AFAD1BB629C
:105A50000423F8623B63796329E7002B12D1012309
:105A60009946002DC4D1099B574698464B46089D40
:105A7000002B00D144E6059BDB0700D540E600245F
:105A8000022615E7002B14DC4246DB43D7689B0057
:105A9000FF1853463968002B02D00A9B002B2CD0EC
:105AA0000029DED1099B57469846B2460323089D3C
:105AB000B9E6069AFF2A48D0029A022A42D03CD977
:105AC000029A032A3BD0042A60D1DB005B424246A3
:105AD000D2680799D21806985B46FFF713FD0F9915
:105AE0000029DFD05346002BBBD0002250460CAB20
:105AF000FFF7DEFA0028B4D0D4E70C9B0B930F938A
:105B0000002932D053465A46A246AB461C00150027
:105B100004E079680437002900D175E72B000022E2
:105B200020007918FFF7C4FA0028F2D022002B00D9
:105B300054465D4692469B4693E7002A26D19B0039
:105B40005B42C4E75B005B42C1E70023BFE7002D77
:105B500091D1D5E53B00FA795833012A01D00C9355
:105B600007E7783B1B680C9303E7099B5746984669
:105B7000059BB246089DDB0700D559E6544692E6E0
:105B800000F01AF8FFF718FC00F00AF805F066FBC1
:105B900010B5804705F062FBFFF70EFC05F05EFBD9
:105BA000024B10B51868FFF7F3FFC046A01F002096
:105BB00010B58047FFF7F4FF024B10B51868FFF7E8
:105BC000F7FFC046141F0020014B18687047C046FD
:105BD000A01F0020014B18687047C046141F00200A
:105BE00010B5012812D80B00283B1A68501E186007
:105BF000012A00D010BDDB6858310C00002B01D009
:105C0000080098472000FFF7B5F9F3E728394869FD
:105C1000FFF7BEFF70B505000026803DEA602E60EC
:105C2000A9600400FFF7D6FF2861FFF7CDFF23002E
:105C30004722583B68611A7007325A7007329A70CF
:105C400022004323553A13705370183B9370D3705E
:105C5000024B513C280026702B6370BDE15B0310A2
:105C600070B504000D001600FFF748FC43683200D1
:105C70000133290043602000FFF7CCFF040001231B
:105C800028340360200010F09FF92000FFF794FBF8
:105C9000FFF786FF10B5FFF731FC43680468013356
:105CA0004360002C0CD02023E35C472B0AD0002358
:105CB00003602034200010F06FF92000FFF77CFB18
:105CC000FFF76EFF263BE35C4E2BF0D12C3BE35CF1
:105CD000552BECD1323BE35C432BE8D11F3BE35C1B
:105CE000432BE4D11E3BE35C2B2BE0D1053BE35C73
:105CF0002B2BDCD1043BE35C012BD8D863695B42DE
:105D00006361D6E70123026810B51A4205D14278D3
:105D1000002A04D14370012010BD0020FCE70420BC
:105D2000FFF712F9040000F025F82000014A0249AB
:105D3000FFF796FF455D0310ECD7041001230360C5
:105D40007047C04610B50400024B0360FFF7BEFB6E
:105D5000200010BD00D8041010B50400044B0360EF
:105D6000FFF7B4FB20000421CDF7CEF8200010BDD2
:105D700000D80410014B03607047C04600D80410DF
:105D800010B5CDF7B5F810BDFFF716FBFFF74EFBCA
:105D90000020F8E710B50400024B0360FEF7B2FFE5
:105DA000200010BD4CD8041010B50400044B036053
:105DB000FEF7A8FF20000C21CDF7A6F8200010BDAB
:105DC0004CD80410F0B583B01E00089B05000F00EE
:105DD000140093420AD0A868089A036800921D6ACA
:105DE000220033003900A84703B0F0BD310000F0B5
:105DF0005FF80028EFD00620F6E7C046F0B50E00A9
:105E000085B01900040017001D0000F051F80028AB
:105E100014D10A9B0C9A93422AD0A0680D9A036869
:105E200003920C9A310002920B9A01920A9A009204
:105E3000DC693A002B00A04705B0F0BD0D9B0A9A23
:105E40001F711A60002E0CDB93190C9AD31A5A1E7C
:105E5000934104225B4293430D9A063393710020D1
:105E6000EAE70236FBD101230D9A00209371E3E7A4
:105E700020000B9900F01CF80028CED00D9B0020CC
:105E80005F71D9E7F8B507000C0015001E00FEF79A
:105E900071FF002806D1B8682A00036821009F69B5
:105EA0003300B847F8BDC0467047C0460020704771
:105EB00010B5814211D0406803782A2B0BD0496875
:105EC0000B782A3B5A425341C91803F0A1FC4342C4
:105ED0005841C0B210BD0020FCE70120FAE7C046DF
:105EE00010B50400024B0360FEF70CFF200010BD4C
:105EF000C4D8041010B50400044B0360FEF702FF81
:105F000020001821CDF700F8200010BDC4D80410DF
:105F1000F0B5DE46574645464E46E0B585B09B4651
:105F20000E9B0400884617009A4234D0E3685D1E39
:105F3000002B24D00133DB00E418022301269A460B
:105F4000B946524663681A4216D0310019401A12F7
:105F500003911E4205D0434603330DD04B461B68C8
:105F60009A5820680E99036800911F6A41465B4663
:105F70004A44B84703280AD8083C013DE1D2012031
:105F800005B0F0BCBB46B246A946A046F0BD039B97
:105F90000343D8B2F4E75946FFF78AFF0028C5D07B
:105FA0000620EDE7F0B5DE464E4657464546E0B5DD
:105FB00095B0219E0A931E9B0D909B46B368069157
:105FC0000892DB0601D58368B360209B9B4500D116
:105FD00060E10A990D98FFF76BFF002800D046E1B9
:105FE00000230993069B002B02DB209AD31A099306
:105FF0000023012207930E9302330F93013B0B936F
:10600000089B1343DBB20C930D9AD368591E894643
:10601000002B00D184E090460133DB00984400233C
:106020009A46434611AF059353463B601293059B36
:10603000B4685968089ABC600B12C80703D5584663
:1060400000680C9AC35809985B44002807D084461E
:106050009C4580410B9D4042A84200D193E08907B6
:1060600005D40699023100D189E002218A430599BD
:10607000209C0868016802941F9C00930397019478
:10608000CC690A9B0699A04773797A7984461343B1
:106090007371BC79062C00D107E13A68022C00D15B
:1060A00003E1079D3168002D61D100297DD0914227
:1060B0006CD0002A00D1A4E0B0798046032B3AD9F5
:1060C000D80702D5B068800735D442464346002A37
:1060D00000D10123DBB29846231C002C00D1012300
:1060E000DCB243466340DBB2032B7DD9032C00D8DE
:1060F00090E03A680223234032603A7932710022FC
:106100000792B471002B30D1E4072ED57379042B9C
:1061100033D0059B083B05934B46013B994683D200
:106120000E9B002B29D00F9B012B26D001230F9310
:1061300000230B9368E7404600282CD0002CD0D1D8
:10614000032800D801E14346DB0777D502230D9AE7
:1061500092681A4237D1424601214A40D2B2032AFC
:1061600048D94246B2711342D0D00025A3E000299D
:106170009DD1002AA0D1042BCBD1079D9BE0A40781
:1061800000D072E7C5E701230E93C2E7327939796F
:106190000A433271BBE7032C5AD9E00741D40121ED
:1061A0006140C9B2032926D9A4E732603979317137
:1061B000002A06D0002B32D00D9A9268D20700D464
:1061C000D9E00790A3E7069B3A68002B00DAA8E025
:1061D0002099D318994217D1062341464B40DBB290
:1061E000032B00D9BAE0062443462340DCB2032C3B
:1061F00000D9BAE07379524632600122B271079237
:1062000085E7002883D057E7012342465340DBB29D
:10621000032BEFD9022342464446134071E707900F
:1062200077E702200D9DAD6805424CD10121614008
:10623000C9B20329DFD9030023405DE743460122A9
:106240005340DBB2032BD5D94546B571002532E06A
:106250000698002847DB8446209D61448D4200D18A
:106260008BE0002C6ED111188D42C4D176E05B46D4
:106270003360089B3371069B002B4ADB209A5B44FA
:10628000D31A5A1E934104225B42934306330025DE
:10629000B37110E01F990D98FFF70AFE002800D196
:1062A00097E6089B0025737105E06546119B3360F6
:1062B0003B79B4713371280015B0F0BCBB46B246CF
:1062C000A946A046F0BD069B002B38DB209ACB18D0
:1062D000D31A5A42534105225B421A400123904689
:1062E0009C46E044FDE6069A02324BD00A98209A7A
:1062F000036800921B6A0A00984606991F9BC047D4
:106300008046002C00D0ECE6032800D91BE73A6851
:106310000BE0069B023300D027E701230025B37171
:10632000C9E7069B023300D16EE70A9820990368FB
:1063300000911C6A06991F9BA0470400D1E6069BAA
:106340000233D3D101239846CBE6069B002B1DDBFD
:10635000069B2099D318994200D04BE732603B79D5
:10636000337106230025B371A5E7002333600233A0
:106370000125B3719FE705009DE70623002CF1D0AE
:106380009846AEE6002C00D135E7DBE70233CCD1EE
:1063900030E7C046F0B54E464546DE465746E0B5C6
:1063A0008BB004009146984605900491FEF7E2FCFC
:1063B000002800D07FE043469B680293DB0600D5AF
:1063C00093E0059BDD686B1E9B46002D4ED001239C
:1063D000029A00261A40059B01359C46ED00039267
:1063E000654406AC029B0227A36001236A6826600D
:1063F00013409A46039B17402671E66001973B4382
:106400002FD04B46002B3DD053461212002B02D00A
:106410004B461B689A584A442868049903689B694C
:106420001F002300B84700281BD0E368082B2BD09F
:106430002379032B05D9019A002A02D10232934312
:1064400023714346D968002924D01B6822689342EF
:106450004ED1002B31D0434622791B79134342465B
:1064600013715B46083D013B9B46BBD243461879FE
:10647000431E9841C0B20BB0F0BCBB46B246A94621
:10648000A046F0BD0022C7E75346002BD0D02B68B2
:10649000E360CDE7220083CA83C312681A604346D3
:1064A0001B79032B07D902221A4214D0059B013A0B
:1064B0009B681342D5D10120DDE7E068082805D0AC
:1064C000082903D0FFF7F4FC0028C4D10223424678
:1064D00001201371CFE701221A42ECD0059B013253
:1064E0009B681342BDD10120C5E7A368029368E70A
:1064F000002342461360023301201371BBE7C046FC
:1065000070B50021002003F0FBF8050008F0D6FF6D
:10651000461C30000749FFF733FC041E07D0290052
:106520003200CCF7DBFC0020034903F0E9F820003F
:1065300070BDC0460CD80410606C0410F0B5C6469F
:1065400000B582B006000F009046FFF7D9FF041E89
:106550002DD0300001A902F0C7FF019B051C386057
:10656000B34214D01B78002B11D1FF21C905CCF701
:10657000CBFB00281FD11149281CCCF7C5FB0028F4
:106580000AD00F4B3B6042460423136004E0002313
:1065900042463B60042313602100002003F0B0F862
:1065A0002000CCF7ADFC02B080BCB846F0BD04239F
:1065B00042461360F7E7034BE4E7C046000080FF64
:1065C000FFFF7FFFFFFF7F7FF0B5CE46474680B5D8
:1065D00083B0050088469146FFF792FF041E33D032
:1065E000280001A902F016FF434606000F001E60B6
:1065F0005F60019B0022AB4213D01B78002B10D1AF
:10660000154BCCF7E7F9002822D1002230003900E1
:10661000124BCCF7DFF900280AD00122104B52426E
:1066200000E0002341460A604B6004234A461360A1
:106630002100002003F064F82000CCF761FC03B0D7
:10664000C0BCB946B046F0BD04234A461360F6E725
:106650000122044B5242E5E70000F07F0000F0FF0A
:10666000FFFFEFFFFFFFEF7FF0B5C64600B5060066
:106670000D009046FFF744FF041E33D02A0030007F
:106680001C4902F0BFFF0130012810D8002200236E
:106690002A606B600423424613602100002003F04F
:1066A0002FF82000CCF72CFC80BCB846F0BD2E683B
:1066B0006F680022300039000F4BCCF78BF90028AF
:1066C00014D10022300039000C4BCCF783F900289C
:1066D000E3D001220A4B52422A606B6004234246F7
:1066E0001360DAE7042342461360DDE70122054B1D
:1066F0005242F1E7D88104100000F07F0000F0FF63
:10670000FFFFEFFFFFFFEF7F002310B503600B7863
:10671000432B02D00348E8F7E1FA4B78002BF9D17C
:1067200010BDC046DC810410002303607047C046E2
:10673000009B03201A60039B019A1A607047C046B1
:10674000009B03201A6070470120704701207047AA
:10675000981A009B984200D9180070470020704793
:106760000A4B10B5040003600830FFF7DDFF084B4B
:1067700020002360D3F786FD200010BD044B2000CD
:106780002360D3F77FFDFEF78DFCC04640D904108F
:1067900014CC04100A4B10B5040003600830FFF756
:1067A000C3FF084B20002360D3F76CFD200010BD11
:1067B000044B20002360D3F765FDFEF773FCC04651
:1067C0006CD9041070D504100D4B10B50400036093
:1067D0000830FFF7A9FF0B4B20002360D3F752FDD1
:1067E0002000CCF789FB200010BD064B2000236061
:1067F000D3F748FD2000CCF77FFBFEF753FCF9E709
:106800006CD9041070D504100D4B10B50400036052
:106810000830FFF789FF0B4B20002360D3F732FDD0
:106820002000CCF769FB200010BD064B2000236040
:10683000D3F728FD2000CCF75FFBFEF733FCF9E728
:1068400040D9041014CC04104B1E9941084B10B5CC
:10685000416003600400D3F72BFDA060200010BD51
:10686000044B20002360D3F70DFDFEF71BFCC04650
:1068700040D9041014CC04104B1E9941084B10B59C
:10688000416003600400D3F713FDA060200010BD39
:10689000044B20002360D3F7F5FCFEF703FCC04651
:1068A0006CD9041070D50410F0B5D64646464F4654
:1068B000C0B584B099460E9B02AE14009A460A00F9
:1068C00033000D9D884603CA03C302F011FF4B46F7
:1068D0001B1B9B10584353465B1B984219DC27E057
:1068E000AA4518D93200216801A803F0BFFD0700AE
:1068F000431C2FD053465B1B83422DD3020001A9BA
:106900002800CCF7EBFA4346320003CA03C3ED1963
:106910000434A145E4D84C45804140420C9B1C60A6
:106920000F9B1D6004B0E0BCBA46B146A846F0BD5E
:10693000A14508D8EFE743463200043482CA82C337
:106940002D18A145E7D932002800216803F08EFDFB
:10695000431CF0D10220E1E70120DFE7F0B54F460C
:106960004646D646C0B582B06E4698460C9B0F0090
:10697000994633008A460B9D140003CF03C342455A
:1069800017D318E0434621001A1B2800330006F0F5
:10699000D1FD431C1CD0831C1CD0002801D12860D1
:1069A000013053463200241882CA82C30435A04500
:1069B00001D94D45E6D34445804140420A9B1C60C5
:1069C0000D9B1D6002B0E0BCBA46B146A846F0BDC2
:1069D0000220F3E70120F1E710B502F089FE01384B
:1069E0004342584110BD013101D1FEF767FCFEF76B
:1069F00059FBC04610B502F07BFE10BD013101D13C
:106A0000FEF75CFCFEF74EFBF0B54F464646D64619
:106A1000C0B582B06D4698460E002B008A460A9F8C
:106A200003CE03C3002314009946424515D316E054
:106A3000434621001A1B00202B0006F07BFDC31CDF
:106A40000DD8002800D1013053462A00241842CA2C
:106A500042C38144013FA04501D9002FE8D14846F7
:106A600002B0E0BCBA46B146A846F0BD080010B579
:106A7000110003F0D9FC8317421E9041184310BD4A
:106A800010B5080011001A0009F050FF10BDC046F3
:106A9000080010B5110002F0B7FE8317421E9041A6
:106AA000184310BD10B5080011001A0003F036FAA3
:106AB00010BDC046080010B5110003F0B5FC8317E7
:106AC000421E9041184310BD10B5080011001A0075
:106AD00009F02CFF10BDC046080010B5110002F0EF
:106AE00093FE8317421E9041184310BD10B5080055
:106AF00011001A0003F012FA10BDC046062310B5AB
:106B00004360002304008360074B82B0C36001A888
:106B1000D4F7A2FA200001A96C30D3F76DFC01A8CC
:106B2000D3F752FC02B010BD021000001F4BF0B5AD
:106B300015000E00C7180122CB0F0021B2424B41B5
:106B4000FF1A0323C646FA171340DB1946389B1079
:106B50009846C3001B18DB001B1800B59C003800CA
:106B600064391C19CBF770FCDA3CFF3C4444241810
:106B700019214046CBF768FCC90F6418C8213800BA
:106B80004900CBF761FC0A4B7600F35A2018C01875
:106B9000401907210138CBF757FCC81D0721CBF757
:106BA00053FC080080BCB846F0BDC0466C0700002E
:106BB00090D90410C368252010B50870180532D488
:106BC000481C590502D523210170013082211C0087
:106BD00049000C408C422AD02E21017004394170AA
:106BE000811C002A07D14A1C042C09D166230B7092
:106BF0000023137010BDC11C82704A1C042CF5D0F8
:106C00008020C001034080204000844205D15842CA
:106C100043415B0145330B70EAE7584243415B0156
:106C200047330B70E4E72B24881C4C70C9E7002A1B
:106C300001D0027001308022D20113405A425341E8
:106C40005B014133421C0370D2E7C046013B01396E
:106C500070B5994200D91900445C00292BD05D1A07
:106C600002E00130B14224D1D15C013B0678AB4255
:106C7000F7D1891B48424141C8B2002B0ED00028F1
:106C80000CD0D318501C02E0013BA1420FD119785F
:106C90008342F9D1081B43425841C0B263B2002B72
:106CA00004DD0023127894425B41184070BD00203F
:106CB000F4E70020E1E70120002BE2D1EEE7C04637
:106CC000126810B513000C3B1B68FFF7BFFF10BD27
:106CD000F8B54746CE4680B5078802233A00FF3311
:106CE00005000C001A409A4202D18B680C338B606D
:106CF0000023EB562E78002B00DA87E08022A84B89
:106D0000D2003B40934200D195E08023A54ADB00AE
:106D100017409F4200D1E5E06023334272D0B307B1
:106D200070D56369984673071CD401220127730943
:106D30005340002140461F40FFF7F8FE381A072154
:106D40000730CBF781FBAB78A0699B069B0E013B1C
:106D5000DA00D31AC01BCD1807300721CBF774FB1C
:106D60006918E16118233340182B4BD08E4B6421F6
:106D70009C46E0444046CBF767FB0D00C8214046E7
:106D80004900CBF761FB404603220240504242419A
:106D90005000801880008C460023E169834F8018E2
:106DA00005E0C2185200BA5A8A4212DC0133002DA3
:106DB000F7D16246002AF4D05A00BA5A914208DB51
:106DC00062460133002AF7D1C2185200BA5A8A42E9
:106DD000ECDD320701D45A1E2261F60612D4002DD2
:106DE00000D1D3E04246032515406A4255416A006E
:106DF000521992005219013BD3185B00FB5AC91A71
:106E00000131E160C0BCB946B046F8BD6B780021E5
:106E10009B0703D560696431CBF716FB64236A686E
:106E2000133A5343802259185D4B6161D2003B40B5
:106E3000934200D069E718233340182B74D07307AE
:106E400072D5594B67699C46674438006421CBF77B
:106E5000FBFA8846C82138004900CBF7F5FA03222F
:106E60003A4053425A418C4651008918D3B28900A6
:106E70009946E06900234D4F891800E001334246EE
:106E8000002A67D0CA185200BA5A8242F6DD320789
:106E90005DD52169F60610D44246002A00D17AE079
:106EA000C84642465200424492004244013BD31835
:106EB0005B00FB5AC01A0130E06018232E789E4315
:106EC0001E432E70F6B22F88330730D5E268606912
:106ED000FFF72CFE8023334AA061DB0017409F425E
:106EE00000D019E723699846330724D52E4B6769EC
:106EF0009C46674464213800CBF7A6FA89460029EE
:106F00001DD003233B405A425A4191464A46510004
:106F1000494489004944254F4144E36849007A5A6D
:106F2000013B9B18E361F7E621693307CED40B29B7
:106F300000D9F1E6CAE743460B2BD7D9ECE6C821C6
:106F400038004900CBF780FA0029DFD1D9E7591E74
:106F500021619FE74A4651006246494489004944FD
:106F6000002A0DD05A00BA5A904290DB6246013393
:106F7000002AF7D1CA185200BA5A904287DB01336F
:106F8000CA185200BA5A9042F9DA80E76246002ADB
:106F900000D02CE726E76246002A00D081E77FE791
:106FA00002040000040400006C07000090D90410E3
:106FB00070B5040082B0079B08305D6820601E68D1
:106FC00001950F2D0CD8012D07D1337823720023A2
:106FD00065604355200002B070BD002DF7D007E07A
:106FE0000022200001A9F3F797F8019B2060A3601D
:106FF0002A003100CBF772FF019D2068E7E7C04609
:1070000070B5040082B0079B083020601E685B6882
:107010009B009D1001950C2B05D8012D0BD13368D9
:107020000422A3600CE00022200001A9FDF776FBFA
:10703000019B2060A360002D08D1019D2068AA005B
:10704000002365608350200002B070BD2A0031002B
:1070500004F00CF9F1E7C04610B582B0059B0400BE
:107060001B6818000C388268002A06DB0849884231
:1070700009D12000236002B010BD002201A9D8F779
:10708000B9FE0300F5E7191F01320A60F1E7C046B7
:10709000343C002010B582B0059B04001B6818002A
:1070A0000C388268002A06DB0849884209D1200092
:1070B000236002B010BD002201A9D9F7B5F9030081
:1070C000F5E7191F01320A60F1E7C046243C0020B1
:1070D00010B50CCAFFF7BAFD10BD013101D1FEF7A2
:1070E000EDF8FDF7DFFFC046406870470D4B10B567
:1070F00003604368040018000B4A0C3882B09042C9
:1071000005D12000FEF7E2F9200002B010BD043BDB
:107110001A68511E1960002AF3DC01A9D8F73CFD5A
:10712000EFE7C04688DA0410343C00200D4B10B560
:1071300003604368040018000B4A0C3882B0904288
:1071400005D12000FEF7C2F9200002B010BD043BBB
:107150001A68511E1960002AF3DC01A9D8F71CFD3A
:10716000EFE7C0464CDA0410343C00200E4B10B55B
:1071700003604368040018000C4A0C3882B0904247
:1071800008D12000FEF7A2F92000CBF7B5FE2000C1
:1071900002B010BD043B1A68511E1960002AF0DCD1
:1071A00001A9D8F7F9FCECE788DA0410343C002098
:1071B0000D4B10B503604368040018000B4A0C38EF
:1071C00082B0904205D12000FEF780F9200002B085
:1071D00010BD043B1A68511E1960002AF3DC01A996
:1071E000D8F7DAFCEFE7C0464CDA0410343C002054
:1071F0000D4B10B503604368040018000B4A0C38AF
:1072000082B0904205D12000FEF760F9200002B064
:1072100010BD043B1A68511E1960002AF3DC01A955
:10722000D8F7BAFCEFE7C0464CDA0410343C002033
:107230000E4B10B503604368040018000C4A0C386C
:1072400082B0904208D12000FEF740F92000CBF731
:1072500053FE200002B010BD043B1A68511E196095
:10726000002AF0DC01A9D8F797FCECE74CDA04100F
:10727000343C00200E4B10B5036043680400180036
:107280000C4A0C3882B0904208D12000FEF71EF95B
:107290002000CBF731FE200002B010BD043B1A687D
:1072A000511E1960002AF0DC01A9D8F775FCECE743
:1072B0004CDA0410343C00200E4B10B503604368D8
:1072C000040018000C4A0C3882B0904208D120000B
:1072D000FEF7FCF82000CBF70FFE200002B010BD37
:1072E000043B1A68511E1960002AF0DC01A9D8F786
:1072F00053FCECE74CDA0410343C0020F0B5D646E1
:107300004F4646468246C0B500200F0000219046F9
:10731000994602F0F5F9050008F0D0F8461C300057
:10732000CBF7E6FD320029000400CBF7D7FD53462A
:107330000020196902F0E4F94A464146089B3800EA
:1073400003F080FF21000500002002F0D9F92000A1
:10735000CBF7D6FD002D00D13D70E0BCBA46B1465A
:10736000A846F0BD013101D1FDF7A8FFFDF79AFE57
:10737000836810B50400002B00D16BE05B4A8020CD
:107380009A60DA605A4A1A615A615A4A9A61DA6115
:10739000594A1A62594A5A62594A9A62594ADA62F1
:1073A000594A1A63594A5A63594A9A63594ADA63DD
:1073B000594A1A64594A5A64594A9A64594ADA64C9
:1073C000594A5A491A655A4A59675A65594A9A6533
:1073D000594ADA65594A1A66594A5A66594A9A66A2
:1073E000594ADA66594A1A67594A9A67594ADA670E
:1073F000594A1A50594A04301A50594A04301A50FE
:10740000584A04301A50584A04301A50574A043027
:107410001A50574A04301A50564A04301A50564AE5
:1074200004301A50A4229950A821544A5A50544A60
:1074300004315A50534A04315A50534A04315A5075
:10744000524A04315A50524A04315A50514A043176
:107450005A5010BDC820CBF747FD4F4900220160AC
:10746000802142608260C260026142618261C261C9
:10747000026242628262C262026342638263C263E8
:10748000026442648264C264026542658265C265C8
:10749000026642668266C266026742678267C267A8
:1074A00042500431425004314250043142500431C0
:1074B00042500431425004314250043142500431B0
:1074C00042500431425004314250043142500431A0
:1074D0004250043142500431425004314250043190
:1074E0004250043103004254A06047E7D4800410A6
:1074F000E88004100C610410988204109C8204102F
:10750000A0820410AC820410B4820410BC82041067
:10751000C4820410D0820410DC820410E4820410BF
:10752000F0820410F4820410F882041030830410F6
:10753000FC820410008304100483041008830410E8
:107540000C83041014830410208304102883041077
:10755000348304103C830410448304104C830410CF
:1075600058830410608304106C8304107883041023
:107570007C830410808304108483041088830410A7
:107580008C83041090830410948304109883041057
:107590009C830410A083041070CB0410F0B5D64671
:1075A0004F4646468246C0B500200F000021904657
:1075B000994602F0A5F8050007F080FF461C300050
:1075C000CBF796FC320029000400CBF787FC53462A
:1075D0000020196902F094F84A464146089B380099
:1075E00007F064FF21000500002002F089F8200068
:1075F000CBF786FC002D00D13D60E0BCBA46B14619
:10760000A846F0BD013101D1FDF758FEFDF74AFD56
:10761000836810B50400002B00D16BE05B4A80202A
:107620009A60DA605A4A1A615A615A4A9A61DA6172
:10763000594A1A62594A5A62594A9A62594ADA624E
:10764000594A1A63594A5A63594A9A63594ADA633A
:10765000594A1A64594A5A64594A9A64594ADA6426
:10766000594A5A491A655A4A59675A65594A9A6590
:10767000594ADA65594A1A66594A5A66594A9A66FF
:10768000594ADA66594A1A67594A9A67594ADA676B
:10769000594A1A50594A04301A50594A04301A505B
:1076A000584A04301A50584A04301A50574A043085
:1076B0001A50574A04301A50564A04301A50564A43
:1076C00004301A50A4229950A821544A5A50544ABE
:1076D00004315A50534A04315A50534A04315A50D3
:1076E000524A04315A50524A04315A50514A0431D4
:1076F0005A5010BDC820CBF7F7FB4F49002201605C
:10770000802142608260C260026142618261C26126
:10771000026242628262C262026342638263C26345
:10772000026442648264C264026542658265C26525
:10773000026642668266C266026742678267C26705
:10774000425004314250043142500431425004311D
:10775000425004314250043142500431425004310D
:1077600042500431425004314250043142500431FD
:1077700042500431425004314250043142500431ED
:107780004250043103004254A06047E7E09B0410DC
:10779000049C041028A10410289C0410349C04109C
:1077A000409C0410709C04108C9C0410A89C041035
:1077B000C89C0410F09C0410149D0410309D04100B
:1077C000549D0410649D0410749D0410389E041090
:1077D000849D0410949D0410A49D0410B49D041075
:1077E000C49D0410E49D0410089E0410209E041003
:1077F000489E04105C9E0410709E04108C9E041021
:10780000B49E0410D49E0410F89E04101C9F041013
:107810002C9F04103C9F04104C9F04105C9F04108C
:107820006C9F04107C9F04108C9F04109C9F04107C
:10783000AC9F0410BC9F0410CCD40410F0B5C64615
:1078400000B51C4B04000D0082B00360002929D054
:10785000080007F033FE061E02D1174B984611E0D0
:10786000002101AAD8F746F90C2398460700804466
:10787000012E0ED0320029004046CBF72FFB0F4BD4
:107880009F4209D143462000636002B080BCB846E5
:10789000F0BD2B780373F2E700233E60BB60BF1995
:1078A0003B73EFE70648E7F7CBF92000FDF70EFE44
:1078B000FDF7F8FB4CDA0410403C0020343C00207B
:1078C000047F041010B50400FFF7B8FF014B20003F
:1078D000236010BD60DA041010B50400FFF7AEFF9E
:1078E000014B2000236010BD74DA0410F0B5C646C9
:1078F00000B51C4B04000D0082B00360002929D0A4
:10790000080007F0DBFD061E02D1174B984611E078
:10791000002101AAD8F7EEF80C239846070080440E
:10792000012E0ED0320029004046CBF7D7FA0F4B7C
:107930009F4209D143462000636002B080BCB84634
:10794000F0BD2B780373F2E700233E60BB60BF19E4
:107950003B73EFE70648E7F773F92000FDF7B6FD44
:10796000FDF7A0FB88DA0410403C0020343C0020E6
:10797000047F0410F0B5C64600B505000E001400E3
:1079800082B0002A1ED0002925D00021200001AAA3
:10799000D8F7B0F80C23984607008044012C0ED08D
:1079A000220031004046CBF799FA0C4B9F420CD194
:1079B000434628002B6002B080BCB846F0BD337847
:1079C0000373F2E7064B9846F2E700233C60BB6086
:1079D0003F193B73ECE70348E7F732F9343C0020EA
:1079E000403C0020047F041010B5FFF77DFB10BD64
:1079F00010B50400024B036000F012FA200010BD25
:107A000018DB041010B50400044B036000F008FA02
:107A10002000CBF771FA200010BDC04618DB04101F
:107A200010B50400024B0360FEF7B4F9200010BD4E
:107A300040DB041010B50400044B0360FEF7AAF904
:107A40002000CBF759FA200010BDC04640DB0410DF
:107A500070B5060008000D00140000F08FFB002830
:107A600003D023681033236070BD2200290030004A
:107A7000FDF724F9F8E7C04610B50400054B036094
:107A8000103000F053FB044B2000236000F0C8F9D5
:107A9000200010BD2CDB041018DB041010B504000E
:107AA000074B0360103000F041FB064B20002360C1
:107AB00000F0B6F92000CBF71FFA200010BDC04639
:107AC0002CDB041018DB0410F0B5CE464746050049
:107AD000080080B51F0097B0136802911B69110060
:107AE0000392020010A89847022200210092394B0D
:107AF000002210A802AEF2F7D5FC082291460CAB8A
:107B00000A93984603688144040042684B4545D077
:107B10000A9383680C934B4623600023380063600C
:107B200023720B9207F0CAFC3B0000900022002158
:107B30000AA8F2F7B7FC0822914606AF049703683B
:107B40008144040042684B452FD004938368069318
:107B50004B462360002328006360237204A905922A
:107B600000F06EF80498B84201D0CBF7C5F90A9836
:107B7000404501D0CBF7C0F9109812AB984201D024
:107B8000CBF7BAF9144B28002B602B00083306CE34
:107B900006C317B0C0BCB946B046F0BD0132494675
:107BA0004046CBF79BF96268B5E701324946380099
:107BB000CBF794F96268CBE703E005E004A8F2F79D
:107BC000C9FA0AA8F2F7C6FA10A8F2F7C3FAFDF745
:107BD00069FAC046A48304107CDC041030B50500AB
:107BE00083B01820FDF7B0F9040000F079F82B00FD
:107BF000020001212000FFF767FF0D4B20002360EA
:107C0000FFF772FA01002000103000F041FA200066
:107C1000084A0949FEF724F8084B2000236000F0C9
:107C2000FFF8FFE72000FDF7A5F9FDF73BFAC04696
:107C30002CDB0410797A0310D4DA041018DB04105A
:107C4000064B10B506C9040008C0FFF793FE2000DC
:107C500010BD2000FDF73AFCFDF724FA88DA041085
:107C600000487047A88304107047C04610B5040050
:107C7000024B036000F082F9200010BDA0DB04106D
:107C800010B50400044B036000F078F92000CBF736
:107C900033F9200010BDC046A0DB041003000833F8
:107CA00010B503600023040082B043600372012A10
:107CB0000AD00D22084B0092002100222000F2F78A
:107CC000F1FB200002B010BD044B0D32F3E72000A1
:107CD000F2F740FAFDF7E6F9C4830410B483041008
:107CE00000487047941F002010B5034A0349044818
:107CF000FCF788FF10BDC046041E0020697C0310FD
:107D0000941F002000487047D4830410136810B5F6
:107D100004000020994204D15068001B434258419E
:107D2000C0B210BD7047C04600487047DC830410E5
:107D300010B5742A18DC572A0DDC4D2A11DC3B2AB9
:107D400023DC242A1CDC0F2A01DC0E2A09D8124B62
:107D50000260436007E01400104B583CE340DB072F
:107D6000F5D40260416010BD1400763C182CF8D8A0
:107D70000B4BE340DB07F4D5074B02604360F2E7AF
:107D800013002D3B012BE2D9EBE71400054B3C3CE3
:107D9000E340DB07E5D5DAE79C1F00209D00BF1F0D
:107DA000BF07F1018F0802007047C04602604160C2
:107DB0007047C04610B51400036882B00A005B69C2
:107DC000010068469847019A636800209A4201D0F2
:107DD00002B010BD23680098C01A43425841C0B297
:107DE000F6E7C04610B54C680023844201D0180065
:107DF00010BD0B689B1A5A425341DBB2F7E7C046ED
:107E00007047C0467047C04610B50400CBF774F801
:107E1000200010BD10B50400CBF76EF8200010BD97
:107E200010B50400024B0360FFF760F9200010BD9D
:107E30007CDC041010B50400044B0360FFF756F916
:107E40002000CBF759F8200010BDC0467CDC0410A0
:107E5000F0B5040083B01000270006F0BBF8083727
:107E6000061E276024D007F029FB050003000190BF
:107E70000F280CD8012807D1327822720022200066
:107E80006360FA5403B0F0BD0028F7D008E0002288
:107E9000200001A9F2F740F90700019B2060A360D0
:107EA00038002A003100CBF719F8019B2768E5E775
:107EB0000148E6F7C5FEC0468480041010B50400F2
:107EC0000B6886B068461B6998472000019A0099A4
:107ED000FFF750FD009802AB984201D0CBF70CF8A9
:107EE000200006B010BD6846F2F734F9FDF7DAF865
:107EF00010B5742922DC572914DC4D2918DC3B29E4
:107F00002CDC242924DC0F2901DC0E2910D8174B86
:107F1000546800209C4210D11068401A43425841D6
:107F2000C0B20AE00C00124B583CE340DB07EED431
:107F30005468030000209C42EED010BD0C00763C3B
:107F4000182CF5D80B4BE340DB07F1D5074BDFE7E7
:107F50000B002D3B012BEBD8044BD9E70C00064B53
:107F60003C3CE340DB07E3D5004BD1E79C1F0020FE
:107F70009D00BF1FBF07F1018F0802007047C04678
:107F800010B5064C064922000648FCF73BFE2200CD
:107F900005490648FCF736FE10BDC046041E002009
:107FA000017E03109C1F0020057E0310981F0020F7
:107FB000406870470D4B10B503604368040018001B
:107FC0000B4A0C3882B0904205D12000FDF77EFAB2
:107FD000200002B010BD043B1A68511E1960002A2F
:107FE000F3DC01A9D7F7D8FDEFE7C04604DD0410A4
:107FF000343C00200E4B10B50360436804001800A9
:108000000C4A0C3882B0904208D12000FDF75EFA8D
:108010002000CAF771FF200002B010BD043B1A68AF
:10802000511E1960002AF0DC01A9D7F7B5FDECE775
:1080300004DD0410343C0020134B70B503600B6862
:10804000040018000C38826882B0002A06DB0F4951
:10805000884209D12000636002B070BD002201A9EE
:10806000D7F7C8FE0300F5E7191F01320A60F1E7F0
:108070000D0006002000FDF729FA013502D130007D
:10808000FDF71CF9FDF70EF804DD0410343C002068
:10809000F0B5C64600B580460C0084B000293CD03F
:1080A000080007F00BFA051E06D11D4B404603A938
:1080B0000393FFF7C1FF15E0002101AAD7F71AFDCE
:1080C000060007000C36012D10D02A0021003000D8
:1080D000CAF704FF134B9F420BD1404603A90396F6
:1080E000FFF7AAFF04B080BCB846F0BD2378037345
:1080F000F0E700233D607D19BB6040462B7303A968
:108100000396FFF799FFBB685A1EBA60002BE9DCA3
:10811000380002A9D7F740FDE4E70348E6F790FDF1
:10812000403C0020343C0020047F041010B503685C
:108130000F4A1B68040082B093420CD10D4B0E4ACB
:108140000360436818000C38904206D12000FDF708
:10815000BDF902B010BD9847FBE7043B1A68511EF9
:108160001960002AF2DC01A9D7F716FDEEE7C04638
:10817000B57F031004DD0410343C002010B5024923
:10818000FDF796FE10BDC046F0DC0410030010B5EC
:108190000A0003490868190005F04AFB10BDC046F3
:1081A0001021002000B5044B83B0010001AA18681B
:1081B00005F03EFB03B000BD1021002010B5002AE1
:1081C00005D004000023013302C49A42FBD110BD44
:1081D000F0B5DE469B46454657464E46130092464E
:1081E0005A46E0B5534385B080460D0099460E9C33
:1081F000002B42D0002802D0436B002B45D00C222C
:10820000A15E80229201636E114204D10A43A281D1
:108210004C4A134063669B04DA0F002B2DDB666823
:10822000301E02DA002000266260A2894F462168D3
:1082300092072DD4019712E028003200CAF74EFEB3
:10824000236821009B1923604046BB1B9946AD194A
:1082500005F068FA002867D14F4666682168BE427B
:10826000EAD33A002800CAF739FE6368DB1B636073
:108270002368DB192360584600E0002005B0F0BCFD
:10828000BB46B246A946A046F0BD06F055F8B6E793
:108290004E46814500D9060032002800CAF71EFE6E
:1082A0002368216B9B19236063689B1B63604B46AB
:1082B0009F1B00290AD0002FDDD0230040339942B4
:1082C00002D0404603F0EAFB002323634B460193B0
:1082D000534602935B46AD190393002600E0170056
:1082E000002F2AD0236921009B46236825619946E7
:1082F00063692560404667619A4605F013FA5B465C
:108300002361534663614B46236063686660FA1AD3
:10831000ED180028E3D0019A9146029A4B441100CF
:10832000D81BCAF7B9F8A9E7019B30009946484421
:108330005146C01BCAF7B0F8A0E7039B9B465846BE
:108340009CE7C046FFDFFFFF10B50400054882B080
:108350000068009313000A002100FFF739FF02B004
:1083600010BDC0461021002070B505000C0000288B
:1083700002D0436B002B0ED06368013B6360002B7F
:1083800004DB23685A1C2260187870BD2100280085
:1083900002F0E6FFF9E705F0CFFFEDE70D4B70B512
:1083A0001D680400002D02D06B6B002B0ED063689B
:1083B000013B6360002B04DB23685A1C22601878A1
:1083C00070BD2100280002F0CBFFF9E7280005F07E
:1083D000B3FFECE71021002070B5CCB283070DD0BD
:1083E000531E002A0FD0032504E00130284206D096
:1083F000013B08D30278A242F7D170BD1300032BD2
:1084000003D8002B14D10020F7E7FF220A40150201
:10841000AD182A040B4EAD1803E0043B0430032BC7
:10842000EFD9026808496A40511891433142F4D0AB
:10843000C31802E001309842E5D00278A242F9D197
:10844000DBE7C04680808080FFFEFEFEF0B5C646BA
:1084500000B516000C23D25E80239B0107008846DE
:1084600082B01A4204D1716E1A430B43B281736613
:10847000434601331FD0330042465C33380001A924
:1084800001F0D6FF6B460400DD1C431C08D10EE052
:10849000295D3200380008F0D9F9013C01300AD0DA
:1084A000002CF5D1404602B080BCB846F0BD402259
:1084B000B3891343B38101204042F4E7094B70B5FF
:1084C0001E6804000D00002E02D0736B002B05D037
:1084D0002A0030002100FFF7B9FF70BD300005F021
:1084E0002BFFF5E71021002010B501F02BFE10BD89
:1084F00010B5034B0100186801F024FE10BDC04602
:108500001021002070B516000D0009F0A7F9002E0B
:108510000DD06B236A00520D9B1A002B07DD00243F
:10852000034A1B059D182B002200CAF714FA70BDE0
:108530000000F03FF0B54546DE4657464E46E0B5F2
:108540009FB0079200220C001A9200210022804660
:1085500004910592210019910A780F002D2A03D861
:10856000B44D9000285887460021089100210991B8
:10857000302A00D1B2E015002F2A01D800F044FDC6
:108580000023A4463800002619001C000BE08B00D5
:1085900001305B18199005785B00991830392A0072
:1085A00001362F2D0FDD392D37DC082EEFDDA3002E
:1085B00001301B19199005785B009C18303C2A008B
:1085C00001362F2DEFDC894601229B49A2466446E5
:1085D00001F0F0FE002800D094E0199B0D965A1C83
:1085E00019925D780023129350E00131B3E7002225
:1085F00008924F1C19974A78002AB7D1079B00268A
:108600000027002B00D01C60300039001FB0F0BCE8
:10861000BB46B246A946A046F0BD8946012286491E
:10862000A246644601F0C6FE00286BD1199A1300D9
:10863000013219925D78002E01D000F075FD302DC9
:1086400001D000F01DFD13001800013319931D78AF
:10865000302DF9D0801A01302B00313B082B00D986
:10866000FCE2302252429446199B421C1292002294
:108670001F000126AC440D924A4692004A44520023
:108680006244914600205A1C19925D782A00303AC3
:10869000092A00D9E6E29446199B0130002AF2D05B
:1086A00031188B460139012801DC00F089FE55465E
:1086B0004A469A46E1462B0006E09500AA18520069
:1086C000B14201D100F08FFC35000136082DF4DDF8
:1086D000102EF5DC9D00EB185B00F1E77A78203175
:1086E0008A437D1C582A01D100F023FC2F001995E4
:1086F0003A780135302AF9D0002A00D1B4E20123BA
:10870000099338E70023002000220D9612932023BE
:10871000290099430B0000210C91452B28D0002EF5
:1087200000D091E0099B034300D09DE2002A00D0D5
:1087300064E7692D00D11FE301DD00F075FC492DD0
:1087400000D119E34E2D00D058E73C4919A807F095
:1087500023FF002800D151E7199B1B78282B01D15A
:1087600000F02BFD364808F065FA06000F007DE2A8
:108770003300099903430B4300D13FE7199C631C65
:10878000199365782B2D00D1C4E32D2D00D07BE209
:1087900001230A93A31C1993A5782B00303B092BC6
:1087A00000D979E31999302D0DD14B1C19931D78FF
:1087B00019000133302DF9D000230C932B00313BED
:1087C000082BACD801334D1C1995AC464D780B9352
:1087D0002F2D01DC00F02EFC0C92624610910C99BA
:1087E00083468C4610000B9B0AE09900C9180132A1
:1087F000490019924B194578303B2F2D02DD1000AE
:10880000392DF2DD604694460B93634610990C9027
:108810000C9A5846591A082901DC00F00BFC094B48
:108820000C930A9B002B00D179E70C9B5B420C93C5
:1088300075E7C04610DD0410E4830410F4830410CF
:108840000C6104101F4E00000C9B129A9B1A0B9394
:108850000D9B002B00D10D963400102E00DD10244E
:108860004846CAF7E7F804900591092E17DD220063
:10887000624B093AD2009B181A685B68CAF76BF81A
:10888000049005915046CAF7D5F802000B000498F1
:108890000599CAF741F8049005910F2E25DC0B9B32
:1088A000002B00D139E30B9B002B00DC4EE2162B92
:1088B00000DCC8E325230B9A9B1B934215DB049A2B
:1088C000059B0F244D4DA41BE100691808684968F9
:1088D000CAF741F80B9B1C1BE4002D192A686B6832
:1088E000CAF739F806000F00C0E10B9B341B9C4609
:1088F0006444002C00DCCAE10F231A00224023420A
:108900000AD03E4BD200991808684968049A059B22
:10891000CAF721F8049005910F239C43231E4FD0E2
:108920009A225200944200DDA6E324111F2B01DCA1
:1089300000F0CBFC04980599002292460132934640
:1089400052462F4BB2461D000993160000235A468B
:10895000224204D02A686B68C9F7FDFF0123013663
:1089600064100835012CF2D1320056469246002B95
:1089700001D004900591234A059B944663440593D6
:108980005346D900099B9C46049A059B614408689C
:108990004968C9F7E0FF1C4B1C4A049005910B4045
:1089A000934200D968E3D42080048446184A614485
:1089B0000591934204D90123164C5B42049305941C
:1089C00000230A934B4639000093404633000D9A2A
:1089D00008F0B4FB1390002800D14DE30B99129AD4
:1089E000CB430C98DB17101ACA171940002310400C
:1089F00099469B460C901491F0E0C046A8ED0410F7
:108A000080ED04100000B0FC0000F07F0000A07CAE
:108A10000000907CFFFFEF7FC91A521A1F2900DD6A
:108A20003EE201238B40109300231593AB189A4626
:108A30000A9BA4189C462B006444554500DD534610
:108A4000A34200DD2300002B04DD5246D21A9246D9
:108A5000E41AED1A0C9B002B00DDB1E15346002B0C
:108A600000DDC8E10B9B002B00DD0BE2002C00DDDC
:108A7000FCE1002D08DD49462A00404608F078FD5B
:108A80008146002800D1FAE140461A99099A08F077
:108A90000BFE8346002800D1F1E1C36849461293DA
:108AA0000023C36008F0E2FD002800DAC8E3059B5C
:108AB0000D9300D14AE34946584608F0B1FF8023A0
:108AC0000022DB0504000D00C9F792FF002800D149
:108AD00068E1129B002B00D0EFE1049B002B00D03B
:108AE00074E20D9B1B0300D01AE200222000290033
:108AF000D34BC9F777FF002800D01EE30022D14BEB
:108B000020002900C9F727FF0A0001001300109177
:108B100011920E9080221206944663440F930D9B8F
:108B2000C94A0E9C0F9D13409A46C84B9A4500D1E6
:108B3000CAE10A9B002B28D0D423DB049A4524D811
:108B400010981199C24AC34BC9F752FF002817D099
:108B500010981199C9F7AEFF002800D10130C9F76C
:108B600069FF129B10901191002B00D0D7E2802258
:108B700012060B009446634416901793169C179D9B
:108B8000D6235246DB04EB189D1A3000390008F05A
:108B900065FE02000B0020002900C9F7DCFE320050
:108BA0003B00C9F7B9FE0E00049005910A9B002B0B
:108BB00004D1A54B33409A4500D1D5E140461A99DE
:108BC00008F05EFA4046099908F05AFA49464046CC
:108BD00008F056FA5946404608F052FA139C4046AF
:108BE000616808F025FA031E099000D147E1226967
:108BF0000C3302320C34210018009200CAF76EF9CF
:108C0000049E059F1CAB01931BAB009332003B00FD
:108C1000404608F09FFE1A90002800D1F4E00121A0
:108C2000404608F037FB8146002800D127E11B9B16
:108C3000002B00DADBE00C9A149C9D180A991C9A10
:108C40005B1A36219B188A1A8349013B8B4200DA52
:108C5000E2E60023159301331093E7E60023002694
:108C60000D931293012252E500260027079A002A4D
:108C700001D0199B1360089B002B00D1C4E4802114
:108C800009067B181F00BFE400230A9385E5002C2A
:108C900000D195E60F231A006442224023420AD0F5
:108CA000049805996D4BD2009B181A685B68C9F748
:108CB00038FE04900591241100D181E61F2C3FDC81
:108CC00010231A0022400A92234201D05A330A93F9
:108CD00001220498059900239246614D5246224292
:108CE00004D02A686B68C9F736FE01236410083582
:108CF000002CF3D1002B01D0049005910A9B002B8E
:108D000015D0049B059C6B236200520D21009B1A19
:108D1000002B0ADD1F2B00DC14E300200490342B11
:108D200000DC16E3DC239B0405936A230A930022EC
:108D3000049805990023C9F74DFE002800D141E6AB
:108D4000222342460026002713608FE70B9B163331
:108D500000DACAE50C99129A404B521AD2009B18BD
:108D60001A685B6804980599C9F7DBFD06000F00D7
:108D70007CE7012208923CE43A4919A807F00CFC70
:108D8000002800D13AE4199B3749013B19A81993EF
:108D900007F002FC002802D1199B01331993002629
:108DA000294F63E7274B002220002900C9F7D3FD94
:108DB000129B10901191002B7AD10B000E90A9E616
:108DC00049461A00404608F06BFB8146002856D001
:108DD00001001A9A404608F08DFA0D9000284ED0F6
:108DE00040461A9908F04CF90D9B1A9336E6149AEE
:108DF0000C9DD41A22E7524640461A9908F0B8FB57
:108E00001A90002800D02DE6DA462223424600269A
:108E10000D4F13600100404608F032F940460999B1
:108E200008F02EF94946404608F02AF940461399C1
:108E300008F026F95146404608F022F916E7C046E8
:108E40000000F03F0000E03F0000F07F0000E07F06
:108E50000000C0FFFFFFDF4102FCFFFFA8ED041090
:108E600008DE0410E8830410EC830410220040465E
:108E7000099908F07DFB0990002800D0F9E5DA4651
:108E80001A98C2E74046149A099908F009FB09901C
:108E9000002800D0EAE5F2E7002319940C933EE4A1
:108EA000CF49CB1A01219940012315911093BDE5BB
:108EB000109B119C0E930F9431E60023C94C0E9326
:108EC0000F94109311942AE6C74A0D9B944663446D
:108ED0000593049C059D2000290008F0BFFC0E9A14
:108EE0000F9BC9F738FD22002B00C9F715FDBF4BBA
:108EF000BF4A049005910B40934200D88FE0BD4AD1
:108F0000974201D10136BAD00123BA4C5B42049397
:108F1000059453E600230A933CE4049E059FA5E6CE
:108F20000023B54C0E930F940023AE4C1093119474
:108F3000F5E50293089B404601931AAB0093AF4AB4
:108F40001BAB19A900F000FD0F231E000400064012
:108F5000034200D188E6062E00D09EE000230026C2
:108F600000271995089381E6109C119D2000290087
:108F7000C9F7B0FDC9F7A6FD02000B0020002900CB
:108F8000C9F7C5FC049A129B36031343360B040041
:108F90000D009B4A33430AD19A4BC9F723FD0028A1
:108FA00000D10BE6DA46049E059F1A9832E7964BED
:108FB000C9F718FD0028F5D120002900934A944BE9
:108FC000C9F726FD002800D1F8E5EBE7012BA7D172
:108FD0000D9B002BA4D1DA4622234246002600270F
:108FE0001A98136016E749461D00914653460A0039
:108FF000AA465946129DAB46834458461290082E05
:109000002EDC0E00FFF738FB01223800814901F009
:10901000D1F9002837D000200022FFF783FBD423AA
:109020009B04CE180596C1E56E2D01D1FFF78DFB8F
:10903000FFF7E4FA0B99784B0C91994201DCFFF7AA
:10904000F0FBFFF7EDFB0B9A744BD1005918086841
:109050004968049A059BC9F77EFC06000F0005E6E7
:10906000102966DC504680005044924640008244FD
:109070000E000020FFF707FB2223424613608EE616
:109080000020FFF7E9FA199A1300013219925D786E
:10909000002399469A46FFF7D2FA1A9A002A07D077
:1090A00035211CA808F00AFD40461A9907F0E8FF90
:1090B0001B9A052E00D981E1594BB6009B599F465A
:1090C0001C9B584904931D9B0B4057498C46624496
:1090D000120513430593E40503D5802212061343BA
:1090E0000593424A049E059F134200D0BEE501F05D
:1090F0005FFA22230360B9E501224C4B52420492ED
:109100000593E40500D408E7059BE6E7374B059394
:10911000F7E71C991D9A1D9B04910592DBE7109BB4
:10912000119C1693179429E500230D961293FFF7CF
:10913000ADFA0E000020FFF7A6FA00233C4C0E9378
:109140000F940023324C10931194E8E4159B12996C
:109150009C460D9BDA461A03120B002900D1A0E0B1
:1091600034498A4200D1D3E06246002A01D1109BE3
:10917000049A13420CD0049805990A9AFFF7C2F991
:1091800002000B0030003900C9F7C6FB06000F00D3
:109190000A9B002B00D108E730003900264B002243
:1091A000C9F7D9FB114B06000F000B4200D0FCE6BB
:1091B000222342461A9813602CE620491CAA19A8BB
:1091C00007F000FA052801D0FFF7CCFA1D9B074AEB
:1091D0001A431C9B05920493049E059F46E5C046D6
:1091E000E2FBFFFF0000F03F0000B0FC0000F07F5A
:1091F000FFFF9F7CFFFFEF7F0000F0BFE0DD04106A
:109200009535A094FFFFCF3FFFFFDF3F35E5AF353A
:109210000000E03FE48304101F4E0000A8ED04109E
:10922000C8DD0410FFFFEFFF33040000FFFFFF7FE6
:109230000000E0BFFFFF0F0000005039F4DD041014
:10924000129B0499059ADA460B43A1D113039FD1CF
:10925000D623614CDB0414409C4299D95B465B6980
:10926000002B03D15B461B69012B91DD5146012286
:10927000404608F07DF94946824608F0F7F9002893
:1092800000DC85E70A9B002B71D0544B544A9C4666
:109290000123644422435B4205920493049E059F8C
:1092A0007AE7002A17D1049A002A59D10A9A002A8B
:1092B0005DD0494C1C40D623DB049C42E5D8DC231E
:1092C0009B049C4200D967E786E600239A46454BFB
:1092D0000993FFF750FB6246002A01D1109B049AC4
:1092E000134200D154E7049805990A9AFFF70AF946
:1092F00002000B0030003900C9F709FB00220023EF
:1093000006000F00C9F766FB002800D140E763E6BE
:109310000A9A0498002A49D0D4212F4AC9041A4035
:109320008A4243D86B21120D8A1A6C3991408842C7
:109330002DD06246002A00D01BE7109B034200D1CB
:1093400026E718E7012252429A40049B13400493F7
:10935000EBE44B239A1A4C3B934019400591E4E40B
:109360006146002925D00B4200D111E7BBE7059AE1
:10937000194B1A981340194A9446194A63441A43E0
:1093800001235B4205920493049E059F42E5164A21
:10939000934217D0104A13408022520394466344EC
:1093A000059300230493049E059FF1E601214942A1
:1093B000BDE7109B134200D1EAE694E700238AE65A
:1093C000711C17E60130E5D12223424600261A9887
:1093D000014F13601EE5C0460000F07F0000F0FF63
:1093E000FFFF0F0080ED0410FFFFEF7F10B5024B71
:1093F000FFF7A0F810BDC046A41F002010B5040060
:109400001300034A10680A002100FFF793F810BD0B
:109410001021002010B504000A000349034B08681E
:109420002100FFF787F810BD10210020A41F0020A5
:10943000F8B5CE46040047461300274A80B51068A9
:1094400091460A002100FFF775F802000B000400A6
:109450000D00C9F7E2FA00282FD129002000C9F732
:109460005DFB4600760880461C49301CC9F75CFC51
:1094700000281DD11949301CC9F74EFC002817D10E
:1094800001226B005F0820003900154B5242C9F7DA
:10949000C4FA002808D1012220003900104B5242A2
:1094A000C9F7A6FA002803D04B4622221B681A608F
:1094B0004046C0BCB946B046F8BD0A48002D07DAA0
:1094C00007F0BEFB80231B069C468444E046EFE782
:1094D00007F0B6FB8046EBE710210020FFFF7F7FFF
:1094E000FFFFEF7F0C610410F8B5CE46474604003D
:1094F0000A002C4980B52C4B086889462100FFF7EB
:1095000019F802000B0006000F00C9F786FA0028C0
:1095100038D139003000C9F701FB440064088046A7
:109520002249201CC9F700FC002822D11F49201C19
:10953000C9F7F2FB00281CD101227B005D08300036
:1095400029001B4B5242C9F768FA002808D10122B2
:1095500030002900164B5242C9F74AFA002808D0B9
:109560004B4622221B681A604046C0BCB946B04632
:10957000F8BDFF234246DB051342F5D10D4B3B42BC
:10958000F2D0EDE70C48002F07DA07F059FB8023F3
:109590001B069C468444E046E6E707F051FB804604
:1095A000E2E7C04610210020A41F0020FFFF7F7FBC
:1095B000FFFFEF7F0000F07F0C61041030B587B033
:1095C000431C17D00B2404AD6C44082200212070EA
:1095D0002800C9F77DFCE422084B03A91868084B52
:1095E00000959D5801232200A847012802D803981E
:1095F00007B030BD01204042FAE7C04610210020EC
:10960000A41F00200EB470B581239DB06A460025CA
:1096100021AC9B0040CC93821B950290069005F0F4
:109620004DFF0B4B6A460A9301235B42D382094BE1
:10963000039007903200186802A923000E95139535
:10964000019402F015FB1DB070BC08BC03B01847B4
:1096500061D40310102100200CB4F0B581239DB01B
:109660006A46002622AC05009B00080080CC93824D
:10967000029106911B9605F021FF0B4B6A460A9357
:1096800001235B4203900790D382280023003A0015
:1096900002A90E961396019402F0EAFA1DB0F0BCEE
:1096A00008BC02B01847C04661D4031070B5141E40
:1096B00008D010000B4900F0ABF80B4D002803D187
:1096C000280070BD084DFBE72900200000F0A0F83D
:1096D0000028F5D02000054900F09AF80028EFD0C6
:1096E0000020EEE7F8830410606C04100C61041095
:1096F0009422024B5200985C7047C046A41F002081
:1097000070B50C1E08D020000B4900F081F80B4DFD
:10971000002803D1280070BD084DFBE72900200078
:1097200000F076F80028F5D02000054900F070F828
:109730000028EFD00020EEE7F8830410606C0410DE
:109740000C6104100323CAB2F0B50340002A35D0DF
:109750000324002B2DD1FF230B401D02ED182B04F9
:10976000ED182C000168264E4C408B198B43A11933
:10977000A143244E0B43334211D14168204F0C00CA
:10978000CB196C408B43E119A1430B4304303342A6
:10979000F3D00378002B05D09A4204D0013003782F
:1097A000002BF9D10020F0BD9342FCD001302042C3
:1097B000D1D00378002BF7D10020F4E7002B08D09C
:1097C000032202E00130104203D00378002BF9D1CC
:1097D000E9E702680A4B0B49D31893430B4206D1C1
:1097E0004268074B0430D31893430B42F8D00378F8
:1097F000002BD8D043780130002BFBD1D3E7C046F3
:10980000FFFEFEFE8080808010B502F0DFF810BD04
:10981000024670B50A4392072AD11E4DEE0104C8D4
:1098200008C9541B9443344017D0D0B2D9B2401A5F
:109830002106014310D190B299B2401A210401438C
:109840000AD110021902000A090A401A2102014332
:1098500002D1100E190E401A70BD9A42DFD010BA14
:1098600019BA884201D9012070BD0020C04370BDE3
:1098700002780B7801300131002A09D09A4207D1D1
:1098800002780B7801300131002A01D09A42EFD0E2
:10989000D01A70BD01010101F0B5D6464F464646CB
:1098A0000369C0B50A009A464F11BB4208DC002389
:1098B000036100234361E0BCBA46B146A846F0BD4F
:1098C0001F218C460600644614369D00BB007519A6
:1098D000F318114014421FD02022521A944604CB90
:1098E000CA4090469D4228D9B14664461A68A240B3
:1098F000444622434C4604C404CBA146CA40904689
:109900009D42F2D85346DC1BA400043C341922606B
:10991000002A0CD004340AE032009D42C7D902CBA1
:1099200002C29D42FBD85346DC1BA4003419A31B82
:109930009B100361B442BED1BBE74261002AB6D09E
:1099400034000434F3E7C046F0B5DE4645465746DA
:109950004E46E0B58846096893468A7887B00390FA
:109960000593302A00D006E2CB1C1D0001335A1E9D
:109970001278302AF9D0691A8B1E9A46C04FBB5C08
:10998000002B00D100E1002200242B789146BD4A33
:10999000FB5C0292002B00D170E12E00737801363F
:1099A000FB5C002BFAD101223000029900F002FD8D
:1099B0000190002852D0002233780192002C02D06E
:1099C000A41BA2000192202234009343502B51D0BB
:1099D00043461E604B46002B7DD1631B013B00219B
:1099E000072B03DD01315B10072BFBDC039807F02D
:1099F0001FFB8246002800D169E2142353440493DC
:109A0000AC4200D8C6E19846002399463B000026A8
:109A10004746A8464D4699460CE0202E19D0320004
:109A2000043649462378CB5C0F210B4093401D43FD
:109A300044455ED0013C23782E2BEED14445ECD337
:109A400001222000029900F0B5FC0028F0D0202E61
:109A5000E5D120C7002204260025E2E7002C00D132
:109A60007CE12022A41BA3000193337834009343AC
:109A7000502BADD163782B2B00D15FE12D2B00D083
:109A8000DCE00122A378A11CFB5C2600581E1828EC
:109A90009ED84E1C4978103B795C180000290AD1E9
:109AA0000CE083001B185B0001365818337810381F
:109AB000F95C002901D01929F3DD0300002A00D048
:109AC0005B42019A94469C446346019343461E6060
:109AD0004B46002B81D053465A42534106245B42E9
:109AE0001C40200007B0F0BCBB46B246A946A046C9
:109AF000F0BDB846A94646464B4608C6049B4846B4
:109B0000F61A5346B6101E6107F070FB5B461D68DF
:109B10007601301AA84270DC0026A84200DA0FE174
:109B20005B46019A9B68934200DA28E15B46019A02
:109B30005B68934246DD9C1AA54200DD81E05A46EF
:109B4000D268022A00D1ECE0032A00D13BE1012ACD
:109B500000D0EAE0A54200D0E7E0012D08D0504651
:109B6000691E07F0CBFF002800D1DEE05B465B6892
:109B7000059A62241360012352461361049A13600C
:109B80005246109B1A60ACE73E4B01221900280098
:109B9000029300F00FFC8146002875D16B786C1C95
:109BA000FA5C002A72D02500302B00D033E16B78AC
:109BB0000135302BFBD0FB5C5942594101228946CB
:109BC0009246E7E60124002E10D05B46DB68022BAC
:109BD00064D0032B66D0012B06D1B20704D5049ABA
:109BE00012681643334260D110231C435246109B27
:109BF0001A60059B019A1A6073E7441B21005046C6
:109C000007F07CFF061E0FD01F210123601E0140BC
:109C10008B404211049992008A5801261A4203D0BF
:109C2000012800DDC1E0022621005046FFF734FE86
:109C3000019B9C46A4446346019371E70022611C8A
:109C400022E7671E002E00D0A2E0002F00D0A6E081
:109C50001F21012339408B407A11049992008A58C0
:109C60001A4201D002231E4321005046FFF714FE82
:109C70005B465B682D1B01930224A4E72E0092E64D
:109C800030DE0410E48304102C002B782022934350
:109C9000502B00D192E043461C601CE70123119A2F
:109CA0009B1A1193119B002B9ED053461F69049B56
:109CB000BA009146180098460021484403E002C3C8
:109CC000984200D883E01A68561CF8D001321A6016
:109CD000022C00D18BE01F231E0021242E402B429A
:109CE00000D183E74B464344043B186807F07EFAF3
:109CF00020239B1B984200DB78E753461B69002B0F
:109D000000DDB2E000235246136100235246536146
:109D10005B46019A9B680132019293422FDB21241A
:109D200064E7119A002A00D122E75146039807F010
:109D3000A7F90023109A50241360D2E60022A1E66E
:109D40002C1A51462200039807F012FC019B824610
:109D50001B1B0193142353440493E1E67378741C92
:109D6000FA5C2600002A00D12DE673780136FA5CF1
:109D7000002AFAD124E600238D1C9A46FEE55146BE
:109D8000039807F07DF90023109AA3241360A8E636
:109D900001265DE7049B984600239946ABE639000F
:109DA000504607F0ABFE060052E75046A11E07F0F2
:109DB000A5FE002800D136E7032635E700230193EE
:109DC0000133994656E6119A002AAED0D0E65346A2
:109DD0009B689F4222DA524601217B1C04371361A3
:109DE000BA0052445160049A9046022C87D15B46D7
:109DF0001B682224013BAB4200D0F7E61F21012360
:109E000029408B4041466A11920054581C406342DD
:109E10005C412134EAE601239A46BEE5534659687F
:109E20000398013107F004F9061E56D053465146F7
:109E30001A690C31023292000C30C9F74FF85146C2
:109E4000039807F01DF901213269B246531C043210
:109E50009200B2183361516014229046B044022C33
:109E6000C5D09F4200DB36E749E79B0043441A0018
:109E7000534650465B6918305B0882421DD9444600
:109E800019000368DB070B4308C402C84908824273
:109E9000F7D80B005146521A193A92080132920033
:109EA00042441360002B0DD143465146D31A9B10F8
:109EB0000B61424500D02BE727E742461360002B99
:109EC00002D042460432EFE7524613611DE70022FA
:109ED000E421054B0548CAF779F900228421024B99
:109EE0000248CAF773F9C0460084041014840410B1
:109EF000FE2805D8044B1A5C03231340012B00D025
:109F000070472030FCE7C0463DE8041010B504F06F
:109F100009FC10BD10B504F00BFC10BD10B506F027
:109F20008BFF10BDF0B557464E464546DE46884687
:109F3000E0B50C0092461E00082183B0019046480F
:109F400023001D780134425D1142F9D12D2D5ED0E0
:109F5000002293462B2D33D0002E07D1302D62D016
:109F60000A23052199463D4F0A360DE0102E53D0A5
:109F7000012031004042C8F78FFA0700012031006C
:109F80004042B146C8F788FA002200202B00303B3F
:109F9000092B07D9113B192B03D92B00613B192B36
:109FA00011D80A339E420EDD551C06D0B84221D886
:109FB0001ED04A4650430122181825780134E5E79F
:109FC00025789C1CC8E7531C17D05B46002B00D09B
:109FD00040425346002B04D0002A15D15346424636
:109FE0001A6003B0F0BCBB46B246A946A046F0BD1D
:109FF0008B42DEDD01225242DFE72223019910006D
:10A000000B605346002BECD0631E9846E6E725789C
:10A010009C1C01239B469FE7302D0FD010230F215E
:10A0200099460F4FB0E7202223789343582B0AD04C
:10A0300008230721994608260A4FA5E720222378FE
:10A040009343582BEAD1102365780F2199461026A7
:10A05000034F023498E7C0463DE8041099999919D6
:10A06000FFFFFF0FFFFFFF1F10B5FFF75BFF10BDE6
:10A0700010B504001300034A10680A002100FFF71E
:10A0800051FF10BD1021002010B504001300034A39
:10A0900010680A002100FFF745FF10BD10210020C5
:10A0A00030B583B0069D034C0095E4256459A04764
:10A0B00003B030BDA41F002082B000290AD0002ABE
:10A0C0000BD0002B0BD013780B601078431E9841F7
:10A0D00002B0704701A9002AF3D10020F8E702205E
:10A0E0004042F5E710B50C2927D8154B89005B587D
:10A0F0009F4600F0DDF910BD03F094FBFBE706F08E
:10A100002BFAF8E701F00CF9F5E704F055FBF2E75C
:10A1100003F036FAEFE707F017FDECE701F006F978
:10A12000E9E704F043FBE6E707F03EFFE3E703F06F
:10A13000D7F9E0E706F076FFDDE70020DBE7C04671
:10A1400030DF041070B505000C00002802D0436B0E
:10A15000002B3CD0A66A002E3CD00C22A35E0C2221
:10A160001A40082A20D0DA0412D401230022280041
:10A17000E169B047431C27D00C22A35E5A070AD5D9
:10A180006368C01A236B002B01D0E36BC01A70BD4B
:10A19000206D5A07F4D41B07F9D52368002BF6D09D
:10A1A00022699B1AC018F2E72268002ADBD02169D5
:10A1B000521A002AD7DDDA05D5D50223002228005D
:10A1C000E169B047431CD7D101204042DFE704F0EA
:10A1D000B3F8BFE71D232B60F6E7C04610B5034B6D
:10A1E00001001868FFF7AEFF10BDC0461021002027
:10A1F000F0B5C64600B50C228B5E07000C001A07AE
:10A2000051D480254A682D011D438D81002A00DC30
:10A210006CE0A66A002E42D03A68E16990460022BE
:10A220003A60DB0467D4002201233800B047020003
:10A23000431C00D16EE00C23E55EA66AE1696D0760
:10A2400006D56368D21A236B002B01D0E36BD21AB8
:10A2500000233800B047431C4FD139680C22A35E5D
:10A260001D2962D8324ACA40D2075ED5314A1A4007
:10A27000A2810022626022692260DB0401D50029EC
:10A2800046D04346216B3B60002908D02300403371
:10A29000994202D0380001F001FC00232363002022
:10A2A00080BCB846F0BD0E69002EF8D00D680022C3
:10A2B000AD1B0E609B0700D14A69A260002D04DC33
:10A2C000EDE736182D1A002DE9DD636A3200984655
:10A2D00038002B00E169C0470028F2DC4022A38946
:10A2E00013431BB20120A3814042D9E7CA6B002A65
:10A2F00000DD8EE7D3E7226DA1E70C22A35E0D4AB5
:10A300001A40A2810022626022692260DB04B8D573
:10A310002065B6E73B68002B00D18CE71D2B01D0F0
:10A32000162BDBD143463B60B9E740221343D9E704
:10A3300001004020FFF7FFFF70B504000D0000286A
:10A3400002D0436B002B09D00C22AB5E0020002B07
:10A3500003D029002000FFF74BFF70BD03F0ECFF96
:10A36000F2E7C04670B5041E15D00E4B1D68002DD7
:10A3700002D06B6B002B0AD00C22A35E0020002BB6
:10A3800000D170BD21002800FFF732FFF9E7280057
:10A3900003F0D2FFF0E7044A0449054807F01EFC29
:10A3A000EFE7C04610210020A826002039A30310A3
:10A3B0001821002030B5002A26D003000B439B074C
:10A3C00024D1032A22D9164D0BE0043A002A1BD0CF
:10A3D000144C1C199C432C4216D104300431032A1E
:10A3E00014D903680C68A342EFD004780D78A54215
:10A3F00013D1012306E0C45CCD5CAC420DD1013326
:10A400009A4201D0002CF6D1002030BD04780D789E
:10A41000AC4202D1012AECD1F6E7601BF5E7C04659
:10A4200080808080FFFEFEFE10B5FFF7F1F910BDC1
:10A4300070B51D000400E0200B4B84B01E582B00AB
:10A44000002905D02000B047431C07D004B070BDE0
:10A450000022200001A9B047431CF7D100232B6044
:10A460008A332360F2E7C046A41F002070B51400B1
:10A47000E0220D4B84B01D680C4B9E582300002831
:10A4800007D00A0001002800B047431C07D004B0E1
:10A4900070BD0022280001A9B047431CF7D100235A
:10A4A00023608A332B60F2E710210020A41F0020D4
:10A4B0000200303A03000120092A06D92022002098
:10A4C0009343413B1B3A9A4240417047F0B5884262
:10A4D0000AD98B18984207D2531E002A03D0CA5CAF
:10A4E000C254013BFBD2F0BD05000F2A0AD8561E0C
:10A4F000002AF8D00023CC5C1A00EC5401339642B9
:10A50000F9D1F0E703273E000D430C0003002E4075
:10A510002F422DD11500103D2D09AC462F013F18BB
:10A5200025681D6065685D60A5689D60E5681034FC
:10A53000DD601D001033BD42F2D165460F230C24AF
:10A5400001352D01491913404519144213D0043B1C
:10A550009B0801339B008C59AC5104369E42FAD1C2
:10A5600003231A40AD198919561E002AC2D1BAE731
:10A570000500561EBEE71A00B9E7C04610B59200A6
:10A58000FFF7A4FF10BDC046030010B50A00034941
:10A590000868190000F070FE10BDC04610210020B0
:10A5A00010B503F03BF810BD10B503F04BF810BD2B
:10A5B000014B18687047C0461021002042692349AA
:10A5C000D343DB170B40224970B58C46634405002A
:10A5D000D41892071AD164212000C7F735FF012053
:10A5E000002913D0EB69AA691B0152009B181918A6
:10A5F000184B994228D011DC01291CDD0A39172992
:10A6000020D81548C840C007C01770BDC821200019
:10A610004900C7F719FF48424841E3E70F4B994209
:10A620000CDD0F4B9C46614415290BD80D4B0120C6
:10A63000CB401840E9E7C943C817E6E70A4B0120B9
:10A640009942E2DC0020E0E70120DEE730F8FFFF7E
:10A650006C070000A2160000CF00CC00B41600006A
:10A660003EE9FFFF1F002A00B1160000F0B5574673
:10A67000DE464E464546E0B59946137883468A46FF
:10A680000027A7B0002B0DD15346002B02D000238A
:10A690005A46D355380027B0F0BCBB46B246A9464F
:10A6A000A046F0BD00211891C649002703910AE099
:10A6B00051460139B9423CD959460132CB5501378F
:10A6C0001378002BE0D0252BF2D15478302C17D002
:10A6D0002B2C15D02500002302932B00313B0024A6
:10A6E000561C082B14D9452D1CD04F2D1AD02B00E9
:10A6F000253BDBB2552B1CD8039A9B00D3589F46B1
:10A700000023957802932B00313B961C082BEAD846
:10A7100030000A221EA9FFF7B7FC1E9E0290357872
:10A72000452DE2D1757801362B00253BDBB2552B48
:10A73000E2D90027AEE75B46D8195346D91B6B2DEB
:10A7400001D100F09EFCA04A4B469B6807F0DCFE5E
:10A750000028EEDB3F18BA45EBD93378002B93D0B5
:10A76000721CADE74B469B68002B01D100F02FFC1B
:10A770000C2B04D018000C21C7F766FE0B005A46BC
:10A78000D0195246D11B492D01D100F07DFC8F4AD2
:10A7900007F0BAFE0028DDDA00277BE74946896822
:10A7A00001238B4A0B2900DC002328339B00D3189C
:10A7B0005C68200004F082FE0028CED053465D1E67
:10A7C000AF42B6D2834A5B4690460322C0199446F4
:10A7D000013BE41B029506E00137DA558742BCD005
:10A7E000029A9742A5D03178E25D5029F4D14146D2
:10A7F0006546895C29400129EED12032D2B2EBE7CF
:10A800004A461269724B9200D458200004F056FE5A
:10A810000028A2D053465D1EBD428AD9FA435B464A
:10A82000C019013BA4180137E25DDA55874294D084
:10A83000AF42F8D100272DE75B46D8195346D91B04
:10A84000642D01D100F01AFC604A4B46DB6807F02A
:10A850005BFE002800DB7DE700271BE74846FFF78B
:10A86000ADFE4B469B690624002B00D05C1E4B4678
:10A87000DA690123002800DC6BE3534A514658464D
:10A88000C91BC01984E75346013BBB4200D850E7BF
:10A890004B469B69002B00D0CCE337335A46D35547
:10A8A00001375AE71EAB984618004B4905F06CFE7D
:10A8B000404604F003FE4044451C002C00D189E3CF
:10A8C000029B0470052B00D9EBE32800434905F0F7
:10A8D0005BFE5346D91B5B464246D8194B46FFF7F1
:10A8E000C5FE002800DC24E73F1836E75346013B4D
:10A8F000BB4200D81DE74B465A469B693033D355BF
:10A9000001372AE79C22324B9C58200004F0D6FDE8
:10A910002378002B00D120E75346D91B5B46220049
:10A92000D8194B46FFF7A2FE002800DC01E73F18CC
:10A9300013E75346013BBB4200D8FAE62523ADE7B7
:10A940004A469269224B1E3292009B185C68200096
:10A9500004F0B4FD002800D1FFE653465D1EBD4261
:10A9600000D8E6E6FA435B46C019013BA41801375C
:10A97000E25DDA55874200D1EFE6AF42F7D100271A
:10A9800088E64B461B69124A0C339B009C582000FA
:10A9900004F094FD002800D1DFE653465D1EBD4261
:10A9A00000D8C6E6FA435B46C019013BA41801373C
:10A9B000E25DDA55874200D1CFE6AF42F7D10027FA
:10A9C00068E6C04664DF04106084041068840410E4
:10A9D000A4E404103DE80410C0840410C8840410EA
:10A9E0004B465B69D54A98460123904500DB00231E
:10A9F000029DDBB21993022D00D202253B005B447D
:10AA000002935346DB1B1C934346002B00DAAAE358
:10AA100064214046C7F718FD1330002C00D026E310
:10AA2000C74AC84B199901906D1A02981C99009554
:10AA300007F06AFD002800DB8CE600272AE65B466B
:10AA4000DC195346DD1B4B461B69013302934B4611
:10AA5000DB6898464B465869002800DA77E36421A2
:10AA6000C7F7F2FC43460191009329002000B64A43
:10AA7000029B07F049FD002800DB6BE6002709E692
:10AA80005346013BBB4200D853E609235A46D355EF
:10AA9000013762E64B469A690623002A00D0531E0E
:10AAA0004A46D0690730C01A0721C7F7CDFC03001A
:10AAB000A64A58465146C4192000C91B68E6982288
:10AAC000A34B9C58200004F0F9FC21E74B469B4A1D
:10AAD0005B69934200DB8BE21EA988462D2140462C
:10AAE000D51A029B0170002B00D068E21CAA944684
:10AAF000093363442522581C1A70002C00D024E22C
:10AB0000944905F041FD5346D91B5B464246D8198E
:10AB10000095029B07F0F8FC002800DB1AE60027EE
:10AB2000B8E54B461B6A002B00DA19E603F032FC4D
:10AB3000189B002B00D15FE34B46196A864ACB175E
:10AB40005B1ADB0F9B009D583C00280004F0B6FC0C
:10AB5000002812D05346591EB94200D820E3FA43C8
:10AB60005B46C419013BAD1802E08F4200D117E3E8
:10AB70000137EA5DDA55A742F7D103F00DFC270053
:10AB80003CE04B461B6A002B00DAE9E503F002FCCF
:10AB9000189B002B00D193E202F0B0F94B461A6AE1
:10ABA000D3179B1ADB0F01339A00D318DB001C5814
:10ABB00003F0F2FB5B4664423C212000DD19C7F73D
:10ABC00043FC00F047FBE121804609012000C7F764
:10ABD0003BFC3C2102904046C7F736FC00915146B1
:10ABE0005E4C28002200029BC91B07F08DFC002848
:10ABF00000DA9EE53F18BA4500D89AE5012318937C
:10AC0000ABE54C464B465146584664689B68544AEF
:10AC1000C91BC019009407F077FC002800DB99E5F8
:10AC2000002737E54B465869002800DA95E2642191
:10AC3000C7F70AFC0B005146CC1B5946434AC819BA
:10AC40002100A5E54C464B4624689B6801944C4680
:10AC5000514658466468434AC91BC019009407F01E
:10AC600053FC002800DB75E5002713E54B46D86947
:10AC70009B69073017E74B469B69354A18339B00A1
:10AC80009C58200004F01AFC002800D165E55346CA
:10AC90005D1EAF4200D34CE5FA435B46C019013B51
:10ACA000A4180137E25DDA55874200D155E5AF427D
:10ACB000F7D10027EEE4A022254B9C58200004F099
:10ACC000FDFB25E64B461B68D7E54B465B68D4E5A4
:10ACD0004846FFF773FC4B4604005869002800DA29
:10ACE00023E26421C7F7B0FB60186421C7F7ACFB0F
:10ACF000643108009BE74B46DB691B4A0133BDE525
:10AD00004B461B690133B8E55346013BBB4200D8B3
:10AD10000FE50A235A46D35501371EE54B4603215A
:10AD20001869C7F791FB114A431CC2E6E422084B9D
:10AD30009C58200004F0C2FBEAE5C04694F8FFFFEF
:10AD4000488404100C6104106C84041060840410A6
:10AD5000A4E4041088840410A0260020CC840410ED
:10AD60009C840410B08404108C8404109484041017
:10AD70004B461B6A002B00DB5FE1002300241A9383
:10AD80001B944B465B6998460693DB170793452255
:10AD90005242D3170698079912184B410321D8172E
:10ADA00008400021089009910898099912184B4110
:10ADB00099079B100593434690080843049064212B
:10ADC000581EC7F741FB049C059D0A90C3174046D7
:10ADD000C8212C300B934900FF300A9A0B9BA41A10
:10ADE0009D41C7F731FBC3170C900D930C9A0D9B37
:10ADF000A4185D414246463AD3009B18DB009B18DD
:10AE00009A009B180E93DB170F930E9A0F9BA418B2
:10AE10005D414B46DB6918221093DB1711931098A4
:10AE20001199002300196941C7F708FF4B469B6839
:10AE30003C221293DB171393129B139CC0186141A1
:10AE40000023C7F7FBFE4B465B683C221493DB17DD
:10AE50001593149B159CC01861410023C7F7EEFEA3
:10AE60004B461B68D44A1693DB171793169B179C07
:10AE7000C01861411A9B1B9CC01AA1415346009007
:10AE80000191D91B5B46D81907F03EFB002800DB77
:10AE900060E40027FFF7FEFB1EAB984625234246E1
:10AEA0001370002C00D1B3E0029B5470052B00D925
:10AEB000EDE01CAB0A249C4664442000BF4906E533
:10AEC0004B465B6948469846FFF778FB43460500CA
:10AED000002B00DA0AE164214046C7F7B5FA1330C7
:10AEE000199040466421C7F7AFFA002D00DAEFE071
:10AEF00000D184E1B24B984551DB002249194B1C2B
:10AF000000D1EEE0642903D10021199B013319938C
:10AF10006423199843435D18002A47D11EAB984615
:10AF20002B2C00D0E6E5A74A954200D831E11C70F1
:10AF3000029B002B02D0029B013B02932523424639
:10AF400053701CAA94461C3B63443022981C5A70D0
:10AF5000D6E5002800D1ABE04B465D69A41AEB436F
:10AF6000994ADB171340994A94466344ED18AB079E
:10AF700006D164212800C7F767FA0123002906D10A
:10AF8000C82128004900C7F75FFA4B424B41042211
:10AF90000020E41AE30FA242434134336DE4013947
:10AFA00000D202E16423199A53435D181EAB984600
:10AFB0002D2342461370029B002B00D196E5029B85
:10AFC0001CAA013B944602930923634492E50C2397
:10AFD000FFF7D5FB2B230370273B26A928007C4ACB
:10AFE000491B07F091FA002800DC6EE42D186CE490
:10AFF000784A9D181EAB98462B2C00D07AE5714AF2
:10B00000954200D8C5E01C70029B002B96D093E7B8
:10B010002B235370273B1CA98C460A2464441E2111
:10B0200020006B4A07F070FA002800DC45E763490E
:10B0300020184CE43033DBB230E403F0ABF9189B5A
:10B04000002B40D001F05AFF4B461A6AD3179B1AC7
:10B05000DB0F01339A00D318DB001C5803F09CF976
:10B060006442E3171B9301231A94189389E65A4A02
:10B07000632801DD2B2C29D0584BD3E4584AFFF725
:10B08000E4FB584AFFF760FB554AFFF781FB1CA918
:10B090000A248C46029A6444931F062ABBD12000DE
:10B0A0000CE7029A931F062A01D1FFF70EFC94E7E2
:10B0B0000A320721101BC7F7C7F90300FFF7DDFBB2
:10B0C00000F03AF968E500F037F9BBE7464BA9E430
:10B0D00049193B4B0122984500DB00224B1C00D054
:10B0E00016E7199B6321013B199311E73948404446
:10B0F00006F030FD6421C7F7A7F94B46199058694F
:10B10000002800DBEEE6334B9C46604406F022FD4F
:10B110006421C7F799F9002D78DA4A46334B526912
:10B120009A42D5DA01250122E8E62A4B9C46604482
:10B1300006F010FD6421C7F787F9002C6ADA4A4649
:10B140002A4B52699A4200DBCEE50124CCE5214B23
:10B150009C46604406F0FEFC81E41E4B9C46604425
:10B1600006F0F8FC63E51B48404406F0F3FC64215C
:10B170001D90C7F769F9002C0FD0124B1D9A9A4207
:10B1800054DC164B144A0E49884500DB4AE4184B40
:10B1900048E4252241460A70D7E6104B154AF2E7EB
:10B1A00003F0FAF80027FFF775FA6423199A013AB9
:10B1B000534363331D00F9E6A8840410808404100F
:10B1C00094F8FFFF0F27000030F8FFFF6B07000027
:10B1D0007C8404106C070000508404100C6104107F
:10B1E00060840410688404105884041095F8FFFFEC
:10B1F0005C8404104884041000F09EF89CE40E4B1C
:10B200000122984500DA83E6002281E6002D00D075
:10B2100070E65EE7002C00D166E54A46064B5269AF
:10B220009A4200DB60E5012464425DE52B2CA8D145
:10B23000024B034AA7E7C04694F8FFFF5884041066
:10B240005084041010B5FFF711FA10BD10B5FFF7C8
:10B250000DFA10BDC317C01858407047062010B52E
:10B2600005F02CFC0120C8F757FFC04610B592002E
:10B27000C7F734FE10BDC04670B50B0C0024150C8A
:10B28000002B28D1002D3CD18BB291B2594300F054
:10B29000C3F8051E33D00300083B5A6803239A43C2
:10B2A000043A242A12D80300132A0AD904604460FD
:10B2B00008331B2A05D98460C460242A2AD00300DD
:10B2C000103300221A605A609A6002E00021C7F72A
:10B2D000FFFD280070BD002D16D1151C89B292B259
:10B2E0004A43ADB29BB26B43110C5B18190C0BD1E6
:10B2F000190492B2114300F08FF8051ECBD100253E
:10B30000E7E72B1C0D1CE9E7FFF752F90C2300259A
:10B310000360DEE70300046118334461D1E7C046EF
:10B3200010B5002106F000FD10BDC04610B500218B
:10B3300006F0A6FD10BDC04610B5024B186806F019
:10B3400039FE10BD1021002010B503F023F8034B87
:10B35000186806F02FFE03F01FF810BD1021002022
:10B3600070B505000C00002802D0436B002B1BD0E9
:10B3700080220C23E15E9201636E114204D10A43E4
:10B38000A2810C4A134063669B0410D4210028005C
:10B3900002F0C8F900280AD16368013B63602368A2
:10B3A0005A1C2260187870BD02F0C6FFE0E7012049
:10B3B0004042F8E7FFDFFFFF154B70B51D68040042
:10B3C000002D02D06B6B002B1BD080220C23E15E82
:10B3D0009201636E114204D10A43A2810D4A1340C7
:10B3E00063669B0411D42100280002F09BF9002819
:10B3F0000BD16368013B636023685A1C2260187894
:10B4000070BD280002F098FFDFE701204042F7E717
:10B4100010210020FFDFFFFFF0B54E464546DE4617
:10B420005746E0B50D000B35060085B0162D27D820
:10B43000102900D9DAE002F07DFE10251823022140
:10B44000C84FFB181A005C68083A944200D147E1E3
:10B4500003226368A1689343E268CA609160012196
:10B46000E3185A6830000A435A6002F065FE200073
:10B47000083005B0F0BCBB46B246A946A046F0BDB8
:10B4800007239D4300D5B1E0A94200D9AEE002F008
:10B4900051FEFC235B009D4200D296E1690A00D177
:10B4A000A8E0042900D950E138239846A909884426
:10B4B0003931CB00082252429446AA4FFB189C44D3
:10B4C0006346DC68A44514D0032399460B0061460B
:10B4D0009C4607E0E068002A00DBFBE0814200D1E7
:10B4E000FCE004004A46636893435A1B0F2AF1DDCF
:10B4F00041463A003C690832944200D1D9E0032029
:10B5000063688343581B0F2800DD62E13A617A616A
:10B510000028A4DA7A68904680229200934200D3F1
:10B52000E4E0DA0858090123834040461843804686
:10B53000D300DB199A687860E360A2609C60D460F5
:10B5400001208B10984040455CD8434603420AD105
:10B5500003239943434640000431034203D1400092
:10B5600004310342FBD00323B3469C460E00B84689
:10B570000190F00040440100B246CB680BE0644605
:10B580005A681F00A243DB68541B0F2C00DDEFE05C
:10B59000002C00DB09E19942F1D101239946CA440C
:10B5A000534608319B07E8D1032205E003680838B9
:10B5B000013E834200D003E23242F7D14346019A72
:10B5C0005B68934342465360019A520001929A424B
:10B5D00016D8002A06D113E004229146019ACA44E3
:10B5E000520001921342F7D05646C2E70C230020C6
:10B5F00033603EE780233F22402190469B0059E77D
:10B600005E4647460322BC68636893439A46AB4252
:10B6100002D35A1B0F2A4FDC230053440293524B90
:10B62000082099461B6810335B19019301F062FEF4
:10B630004E4903900B688B46013306D08446019B2C
:10B640004242013B6344134001933000019904F0EE
:10B6500089FF03008046013300D1D8E0029B83427A
:10B6600000D9D2E04B4601995A688C46624403994E
:10B670005A60029B10000139434500D0E5E0434683
:10B680000B4200D0E1E0BB68012198466346534479
:10B690000B4341464B604946C96A914201D2494633
:10B6A000CA624946096B914201D249460A6344463F
:10B6B000AFE07B68984643E7012329001A4319430A
:10B6C000651961603000BD606A6002F035FD2000E0
:10B6D0000830CEE6A268D0608260C0E6614608E726
:10B6E000DC680231A34200D103E7B1E65A0A042A1A
:10B6F00000D883E0142A00D908E110005B308246AC
:10B700005C32D200082040428446BA189444624613
:10B7100092680B308146944500D1DFE00800A246D4
:10B720006146844602E09268914204D04C465068DB
:10B73000A0439842F7D8D368614654469C46634676
:10B74000A260E3609C60D460FAE614296ED95429A3
:10B7500000D9E4E06E239846290B88446F31CB0072
:10B76000A8E6C04640220020742B0020382200208A
:10B77000BA46012051468446491905435046456062
:10B78000856847466046EB605E469D60534639617A
:10B790007961204308374860CF6030008F609C504B
:10B7A00002F0CAFC5046083063E6BA4601205E4605
:10B7B0005244516801435160BA683000D3609A60C6
:10B7C00002F0BAFC3800083053E62B00E9080833D1
:10B7D00036E66119884601218C460D434146656075
:10B7E00039617961CA608A60624602434A60E0500A
:10B7F000300002F0A1FC200008303AE69A0910005F
:10B80000393238308246D2007CE7BC4214D0BC6862
:10B810006368032293435A1BAB4202D30F2A00DD15
:10B820004AE7300002F088FC002022E65B239846BD
:10B8300088445C31CB003DE64B465868019B9C46F2
:10B840004B4660445860039B591E5B461B6801339E
:10B8500070D04346029A9B1A4A461B18536007232E
:10B86000424640461A400292184240D003980133A3
:10B8700084469B1A019A98444244019263440A40C8
:10B880009B1A194030008B4604F06CFE431C77D0A5
:10B890004346C01A03005B4401934B465A6801209B
:10B8A0005A445A6043464146BB60019B03434B6088
:10B8B000BC4200D1EFE653460F2B3FD907210C3B8A
:10B8C0008B4361680140052019436160E1184860BD
:10B8D00088600F2B49D843465B68DCE653469810D6
:10B8E00001238340404618438046786027E7019B48
:10B8F000039A43440B40D31A194030008B4604F09E
:10B9000031FE431CC4D100239B46C6E7542A17D8F6
:10B910001A0B10006F326E308246D200F2E6AA2374
:10B920005B00994217D8DD3B9846E90B8844783193
:10B93000CB00BFE55B4642461A6090E7486070E77F
:10B94000AA204000824226D8DA0B100078327730E5
:10B950008246D200D6E61C4B994226D87C239846D4
:10B96000A90C88447D31CB00A4E5210030000831CA
:10B9700000F094F84B465A68BB6898465B688AE6C4
:10B98000019A029B94464246083B63449B1A0193EA
:10B9900000239B4681E70C4882420CD89A0C100089
:10B9A0007D327C308246D200ACE6FE237E227F21AF
:10B9B00090469B007EE5FE227E2092008246A1E614
:10B9C00043465B6800E6C04654050000002310B5FE
:10B9D00002E00433002A05D0C258CC58A242F8D065
:10B9E000101B10BD0020FCE7F0B5C646060000B5F0
:10B9F00008200D0001F07EFC0400300002F09AFBEC
:10BA0000234B210098469B685F6803239F433800BF
:10BA10001138401B0019C6F73FFD451E6543AC4277
:10BA200008DC0021300004F09DFD43469B68DB19D3
:10BA3000984206D0300002F07FFB002080BCB84660
:10BA4000F0BD3000694204F08DFD01300ED00122BE
:10BA500043467F1B9B6817430E4A5F6013683000A4
:10BA60005B1B136002F068FB0120E7E70021300058
:10BA700004F078FD43469A68831A0F2BDADD064CF2
:10BA800004492468001B086001210B435360D1E77F
:10BA900040220020782B002038220020F8B5CE4626
:10BAA000474605000C0080B5002957D002F042FB44
:10BAB000012321009C46083948686246030003249C
:10BAC0009343CF187A68654EA243B468BC4200D154
:10BAD00070E0BC18A14664467A60044221D108682F
:10BAE000091A1B1888688046484640682040340080
:10BAF00008348146A04551D04046CC68C460A0605F
:10BB00004846002811D19B185548BA68824200D196
:10BB10007FE0F868D060826001221A434A60CB500F
:10BB200007E0484640682042EDD062461A434A602A
:10BB30003B6080229200934214D2DA085809012314
:10BB40008340706803437360D3009B199A68CB608D
:10BB50008A609960D160280002F0EEFAC0BCB94654
:10BB6000B046F8BD5C0A042C3DD89C09200039344D
:10BB70003830E40034192268083C0327944203D18A
:10BB800040E09268944203D05068B8439842F8D895
:10BB9000D468CC608A60A160D160DCE7002858D10D
:10BBA000B868D218FB68C3609860634613434B6063
:10BBB0008A50D0E79A186346034206D10B68C91A27
:10BBC0008868D218CB68C3609860012313434B6028
:10BBD000244BB1601B689342BDD8234B28001968E1
:10BBE000FFF702FFB7E7142C07D9542C1AD81C0B07
:10BBF00020006F346E30E400BCE720005C345B3022
:10BC0000E400B7E70123801083407068034373604A
:10BC1000BFE7D1609160CA608A6001221A434A601E
:10BC2000CB5098E7AA225200944205D8DC0B2000A2
:10BC300078347730E4009DE70C4A944205D89C0C98
:10BC400020007D347C30E40094E7FE247E20A400B4
:10BC500090E762461A434A603B607CE7402200203E
:10BC6000482200203C220020742B002054050000B4
:10BC7000F0B54E464546DE465746E0B516008022F2
:10BC80000D00CA4C9201A544099302900C23C95E91
:10BC90006B6E114204D10A43AA81C54A13406B66F8
:10BCA0009B0400D573E0337801361393002B01D148
:10BCB00000F01FFF002293460B9208920692059215
:10BCC000BC4A9246BC4A0A9252460821D25C1142B2
:10BCD00023D1252B0ED10023002718003278130022
:10BCE000253BDBB2711C532B0DD80A9C9B00E358FB
:10BCF0009F460E006B68002B3DDD2A68731E11788D
:10BD00001B7899422DD00598B1239B009D44F0BC2F
:10BD1000BB46B246A946A046F0BDB04608245F46E1
:10BD200056466B680AE02A681378F35C1C420DD013
:10BD30006B680132013B01376B602A60002BF2DC3B
:10BD40002900029803F058FC0028ECD0B246464681
:10BD5000BB460396039A1378561C1393002BB3D15A
:10BD6000D1E76B680132013B6B6001239C462A607E
:10BD7000E3440396EEE72900029803F03DFC002817
:10BD8000BBD0059B002B02D0AB895B06BBD5012342
:10BD90005B420593B7E78F233B42B4D183001B1866
:10BDA0005B009818303872780E0098E781460426B8
:10BDB00003916B68002B00DDF1E12900029803F08C
:10BDC0001BFC0028DDD17B0600D4E8E1032E00D166
:10BDD00012E2042E00D055E2029805F023FF03681A
:10BDE000F0240E934B46AE22E400013B3C4352004C
:10BDF000934201D800F01AFC5D3BFF3B11935E2398
:10BE0000FF33994600230026984610930F9307931B
:10BE10000D9358AB1F000C93684B049333004E46B0
:10BE200099462A6811780B002B3BDBB24E2B03D8C6
:10BE300004989B00C3589F460E9B1B788B4217D1DA
:10BE400080239B001C4213D05D4B1C40079B0D932D
:10BE50003970013E013701239C466B68E344013B86
:10BE60006B60002B00DC05E201322A60002ED8D185
:10BE7000079B4E46002B52D0524B1C404FE02305EF
:10BE8000F6D543464B44002BF2D14F4B1C400023C8
:10BE900099469846DCE72305F3D4A0238020DB00F5
:10BEA0002340C000834204D00442E1D0079B002B12
:10BEB00032D080239B001C4204D1079B0D98109721
:10BEC0001B1A0F93414B2340C02464001C430023E2
:10BED0000793BDE74B46072BCAD108239946B7E71E
:10BEE000230503D543464B44002BCED04346012BBC
:10BEF000BED102239846ABE74B46002B00D0BDE2F3
:10BF0000079B002B00D08FE3E0232000DB001840CC
:10BF1000984201D100F0F1FD00234E4607934346BD
:10BF2000013B012B01D800F040FE731E062B01D807
:10BF300000F000FDE30500D4A9E2630501D500F09F
:10BF400045FE01237E1E5B4231785B44984665299D
:10BF500003D0452901D000F043FD2A00029803F0E8
:10BF60000BFB10231A00C3462240234200D0F1E607
:10BF700032700F9B002B01D000F061FD00220C9964
:10BF80000298FDF733FA099A0600131D0F00984630
:10BF9000E30701D400F004FD13681E605F60059B99
:10BFA0000133059343460993D4E6C0463CFDFFFFA9
:10BFB000FFDFFFFF3DE80410BCE004100CE20410BA
:10BFC0007FFDFFFFFFFEFFFF7FFEFFFF7FF0FFFF14
:10BFD000230504D543464B44002B00D155E74B467F
:10BFE000022B00D044E70323994631E78023234204
:10BFF00000D13DE79C432BE7982380201B01234081
:10C000004000834200D033E7079B012B00D02FE78D
:10C01000BD4B013E2340802424011C4330233B7050
:10C0200000230137079313E74B46062B00D01FE789
:10C03000072399460CE7230500D52EE718E743466A
:10C04000002B00D014E2079B002B07D1E023200037
:10C05000DB001840984201D100F055FD4B46012B02
:10C0600002D0042B00D003E74B460133DBB29946E4
:10C07000EEE6E30500D404E780239C43079B0133ED
:10C080000793119B002B01D000F09EFC013EE2E6DD
:10C090008146802303919B001F439C4B03260B93F7
:10C0A0001023069385E63B0700D02CE60223727826
:10C0B0001F430E0013E60391FB0600D54AE6099BD9
:10C0C00004CB790701D500F0A8FCF90701D400F0F2
:10C0D00036FD5946116009933CE681468823039159
:10C0E000D9E781460226039163E6814618A805F048
:10C0F00035FD4023012603901F436B68002B00DCB5
:10C100005BE6012E00D17BE14E46002E00D10136C8
:10C1100010233B400493FF0700D5F8E2049B002B5B
:10C1200000D087E2099C330002CC012202980095DE
:10C1300003F082FA002800D123E6059B83440133F3
:10C140000593099406E640238146002603911F4388
:10C15000D3E70123814603911F436C4B03260B93C6
:10C160000823069325E681460391694B03260B932A
:10C170000A2306931DE63B0700D0C4E5042372782A
:10C180001F430E00ABE56B6881460391002B01DC79
:10C1900000F053FD5E4B03260B930023069351469C
:10C1A0002A681378CB5C1B0700D40FE6B046BA466A
:10C1B00008245E460F0005E001322A601378FB5C1C
:10C1C0001C4211D06B680136013B6B60002BF3DC25
:10C1D0002900029803F010FA002800D0D1E52A685F
:10C1E0001378FB5C1C42EDD13B00B34646465746F4
:10C1F0009A46032E00D0ECE5D8244B46AE2200210F
:10C200002401013B3C4352000491934205D95D3B1C
:10C21000FF3B04935E23FF33994600233D4F98462E
:10C2200058AB1E000C933B004F4699462A68117884
:10C230000B002B3BDBB24D2B00D97FE048469B0027
:10C24000C3589F463B0700D05DE572786C2A01D148
:10C2500000F01EFC01230E001F4340E50123814630
:10C2600003911F4381E7384300D04CE572781027D3
:10C270000E0034E52900029803F0BEF9002800D131
:10C28000F4E5F5E5012E00D1BAE0022E00D03BE73F
:10C290004B46002B01D1013B994650462A6810239A
:10C2A00011783B40405C08210140FF0700D510E1B8
:10C2B000002B00D1E7E1002900D04BE501322A60D4
:10C2C0004A466B680124013B082657466B60012AE9
:10C2D0000FD100F08BFC2A681378FB5C1E4210D152
:10C2E0006B680132013B01346B602A60A14500D1CB
:10C2F000E2E3002BEFDC2900029803F07DF900282F
:10C30000E9D0BA46A34425E5FFFEFFFF69A003106C
:10C3100021CE031048E30410069B0A2B0EDDC74B09
:10C320001C40317001366B68013B6B60002B60DD97
:10C3300001322A60013F002F00D077E7E30507D5DF
:10C340000C9B9E4200D984E30C9B9E4200D1DAE410
:10C3500010231A002240234211D10B9F3270069BFA
:10C3600000220C990298B847099A171DA30600D419
:10C37000FFE213681860059B0997013305930C9B36
:10C38000F61A4644B344E5E40698AD4B4000C35E5C
:10C390000693AA4B1C40C4E7C0238020DB00234047
:10C3A00080008342CAD1A74B2340A024E4001C4351
:10C3B00010230693B5E780232342BFD09C43B0E708
:10C3C00006989F4B4000C35E0693082BA7DCB5E799
:10C3D0002305A6D5069B002B05D180239B001C437B
:10C3E000F93BFF3B0693630500D497E2964B1C4054
:10C3F00097E72900029803F0FFF800289AD09DE7FC
:10C400004B46002B01D1013B994610233B400C9336
:10C41000FF0700D5EAE12A680C99137818ACE35CB1
:10C42000002900D1BAE0002B00D16CE401322A606F
:10C430004A466B680126013B6B60012AA2D04F4639
:10C440000CE02A681378E35C002B9BD06B68013208
:10C45000013B01366B602A60B74293D0002BF0DCC1
:10C460002900029803F0C8F80028EAD0B34471E428
:10C47000022B00D0F2E503239846E9E4FD20033BBC
:10C48000034200D0F4E40433DBB29946E0E4102325
:10C490001A002240234200D05CE4C0233A7080227C
:10C4A000DB002340D200934200D062E50D9B079A47
:10C4B000934200D162E59A1A10A98C46634B6344FB
:10C4C0009F4201D3624F674438006249C7F7F0FDCD
:10C4D00054E5099F002B00D07BE204CF9046002951
:10C4E00053D14C4600269946FDF702F9B04200D1DF
:10C4F00047E42B68721C04921A7858A98A550133B4
:10C500006A682B60089B013A07916A6016AE032B9C
:10C5100002D1169B042B04D0082200213000C6F75C
:10C52000D7FC049B4146079A02980096099300F0B5
:10C53000DDFF0890431C00D123E4002800D0BFE2B7
:10C5400042461060002000F0CBFF002800D018E326
:10C55000049B9C46E344013C4B460026002B02D141
:10C5600004339C46E0446B68002B00DCFAE2524640
:10C570002B681B78D35C1B0701D4002CB4D14B462D
:10C580000997002B01D0FFF7E5FB0023424613601B
:10C59000059B099701330593FFF7DCFB099901C956
:10C5A0008046002B01D1FFF7AEFB6B68471C013BB7
:10C5B0006B60531C2B60137803704B46012B00D12A
:10C5C00002E35B463E008B46C144049310E02B68B7
:10C5D0001A78A25C002A00D149E26A680136013A61
:10C5E0006A605A1C2A601B783B70B14500D148E252
:10C5F0006B683700002BEADC2900029802F0FCFF90
:10C600000028E4D0049B59469B46B04501D1FFF772
:10C61000B8FB4346F61A0022059B3A700133059396
:10C62000B3440991FFF796FB4E4625E4002311938E
:10C63000FFF7E8FB0024029F19E0C0467FF4FFFFEC
:10C6400080E40410FFFDFFFF7FFAFFFF730200008C
:10C6500072020000D8840410D218290038002A6021
:10C66000E418F61A02F0C8FF002800D0F8E16B6861
:10C670002A689E42F0DCA4199B1B92196B602A6009
:10C68000A344FFF767FB099810C80494002900D061
:10C69000BAE26B68661C013B6B60531C2B6013781D
:10C6A00022002370082398464B4634004A44012B4D
:10C6B00000D1A7E257469146824611E041462B68D9
:10C6C0001A78BA5C114200D0E8E16A680134013A94
:10C6D0006A605A1C2A601B783370A14500D1E3E1DF
:10C6E0006B682600002BE9DC2900029802F084FF29
:10C6F0000028E3D05046BA46049BE31A9B4400232B
:10C700003370059B099001330593FFF723FB00234A
:10C710009946049B002B00D172E10027B04658AC2B
:10C72000FCF7E6FFB84201D1FFF72BFB2B687E1C1C
:10C730001A780133E2556A682B60089B013A6A60F7
:10C7400016AF032B02D1169B042B04D00822002124
:10C750003800C6F7BDFB3300220049460298009717
:10C7600000F0C4FE0890431C01D1FFF70AFB00282B
:10C770001DD101235B429C46049BB344E044002B43
:10C7800004D14A46136004239C46E1446B680027A9
:10C79000002B21DD4346002BC2D1049B5A4253415A
:10C7A000059A94469C4463460593FFF7D3FA089A8A
:10C7B000931C0DD0B344032A02D13B68042B03D051
:10C7C00001235B429C46E044049B002BDBD0DDE769
:10C7D0006B683700002BA3DC2900029802F00CFFE5
:10C7E0000028D7D0002FD8D0FFF7CBFA13AF002BFB
:10C7F00000D101E10026D74BB846089F0E93FCF705
:10C8000077FFB04201D1FFF7BCFA90202B6810A946
:10C810001A78400009188A556A680133013A2B607A
:10C8200014AB741C6A600493032F02D1149B042B75
:10C8300004D0082200210498C6F74AFB049B414615
:10C8400000930298230058AA0D9400F04FFE0700B1
:10C85000431C01D1FFF795FA002840D143461860E8
:10C860000023079316AE082200213000C6F730FBE4
:10C87000E0230E9A0298D35812A90893079A33001E
:10C88000089EB0470026012801D110AB1E7A202255
:10C8900010AB9B189B5D002B00D13AE1A344032F02
:10C8A00026D001235B429C46E1440C9B002B02D125
:10C8B00004339C46E0446B680026002B22DD4B4687
:10C8C000002B9CD1089747460C9B002B01D0FFF70B
:10C8D00041FA3B60059B01330593FFF73BFA831C4C
:10C8E0000BD043461B6807930133BBD1079ECEE7AD
:10C8F000049B1B68042BD4D1D7E76B682600002B60
:10C9000000DD7CE72900029802F076FE0028D6D0F0
:10C9100008974746002ED7D0FFF733FA8E4B1C40BE
:10C92000049B002B02D0013B0493013701239C465A
:10C93000E044F8E4022E00D86FE1032E01D1FFF7A6
:10C94000F9FAA0463C00013C2A002178029802F046
:10C9500013FEA319DB1BDBB2032BF4D1043EF6B2AA
:10C96000F343FF185B46013B9B1B44469B46FFF786
:10C97000E1FA630749D4E30700D5B6E0A40700D481
:10C98000B3E0764B0B9A9A4200D134E10022069B29
:10C990000C99029804F034FA099B1B6803C3EAE47B
:10C9A000099B1B689946A40733D402000B00C6F705
:10C9B00034F8002800D029E130003900C6F7AEF87D
:10C9C0004B461860FFF7EBFA119B013B1193FFF701
:10C9D00042FA13AA9046002900D182E5FFF7BAF97E
:10C9E0002A00029802F0C8FD02235B42BE1E5B448F
:10C9F00098463178FFF7B1FA099B80CB0993F9E6A5
:10CA0000099B04CB9146099387E6099B1B68188014
:10CA1000B1E41E605F60FFF7C2FA594609931180C6
:10CA2000FFF798F981460391FFF797FB4B4B81463F
:10CA30000B930A23032603910693FFF7BAF9109F7D
:10CA40000A2300220298791C00F0EAF90F9BC21A0F
:10CA500032E5013E2A003178029802F08DFD73E440
:10CA6000002C01D1FFF78DF9A344FFF773F9049B64
:10CA700059469B464346F61A002E00D0CBE5FFF7F9
:10CA800042F9049B59464F469B464346FE1AF3E73C
:10CA90000223B2781F430236FFF721F9049B504668
:10CAA000E41ABA46A3442AE65046BA464F46049BC7
:10CAB0003E00FB1A9B4422E6BA46CB44FFF74AF9F4
:10CAC000089B02335BD04346186800F009FD00283C
:10CAD00057D1049B9C46089BE344032B00D03AE5C6
:10CAE0003368042B00D036E536E5099B1B681860D7
:10CAF00041E400230593FFF706F9194B1C4001237D
:10CB00009946FFF7A5F9164B1C4001239846FFF7FD
:10CB10009FF908974746002C00D1D5E6202410AB9A
:10CB20009C46FF34644427000D9E029CB95D2A0098
:10CB30002000013E02F020FD002EF7D1C3E6594649
:10CB40001160BF0701D4FFF7C6FAC91751600993F6
:10CB5000FFF700F9A41F00207FFCFFFF69A003106E
:10CB60007FF8FFFF2900029802F046FD002800D15F
:10CB7000FDE44B46002E01D0FFF703F900E5049ECB
:10CB8000F1E410AA20249446049AFF344B46099EEF
:10CB90006444002A00D1F3E4A15D2A000298013E1A
:10CBA00002F0EAFC002EF7D1E9E40C9CA74201D880
:10CBB000FFF7A9F8013F2A003978029802F0DCFC5F
:10CBC000A742F7D1FFF79FF8012624E50C9B9F426F
:10CBD00001D8FFF798F8013F2A003978029802F04F
:10CBE000CBFC0C9B9F42F6D1FFF78DF801239C46AE
:10CBF000E344FFF7AFF80022069B0C99029805F07A
:10CC0000B5FDC9E6CB447AE5049E78E50E4804F00C
:10CC100017F84B461860FFF7C2F90C9B9F4201D8EA
:10CC2000FFF771F8013F2A003978029802F0A4FC5E
:10CC30000C9B9F42F6D1FFF766F8044B03260B933B
:10CC400000230693FFF7B9F80C61041021CE0310FE
:10CC500010B513000A000100022000F017FD10BDFE
:10CC600010B500F071F910BD10B504001300034AAF
:10CC700010680A00210000F067F910BD10210020A3
:10CC800030B5032A1AD90B0003439B0711D0551E58
:10CC9000002303E05A1C9D4213D01300C25CCC5CFD
:10CCA000A242F7D0101B0DE0043A04300431032AED
:10CCB00004D904680B689C42F6D0E8E7551E002AA8
:10CCC000E6D1002030BDC046F0B557464E46454639
:10CCD000DE46E0B582460F0090461E00994683B0BE
:10CCE000242B43D8012B41D00B0008204A4D1A00B9
:10CCF00014780133295D0842F9D11D002D2C00D193
:10CD000076E02B2C3ED0454B9B4600230193002E12
:10CD100053D1302C00D173E00A2399460A36494694
:10CD20005846C5F7B9FB2B008C463D000200270092
:10CD300000214C460020E146AC463D00303D092D27
:10CD400007D9113D192D03D93D00613D192D20D87A
:10CD50000A35AE421DDD4F1C05D082422AD327D0B2
:10CD60000121604328181F780133E6E7FDF720FC16
:10CD700016230360002003B0F0BCBB46B246A946B0
:10CD8000A046F0BD1C78254B951C9B4600230193C3
:10CD9000BDE767464A1C21D0019A002A00D04042D4
:10CDA0004246002AE7D0002933D143461F60E2E71C
:10CDB000A945D5DA01214942D5E7102EAFD110237C
:10CDC0009946302CABD120222B789343582BA6D1F7
:10CDD00010236C78994610260235A0E7222251468E
:10CDE0000A6042465846002AC5D058465F1EDCE716
:10CDF0001C7880231B069B460123951C019386E724
:10CE000020222B789343582BE2D0082308269946FA
:10CE100085E78346E9E7C0463DE80410FFFFFF7F52
:10CE200010B5FFF751FF10BD10B504001300034A01
:10CE300010680A002100FFF747FF10BD10210020F5
:10CE400010B504001300034A10680A002100FFF720
:10CE50003BFF10BD1021002070B506000C1E08D04D
:10CE6000002802D0436B002B3BD00C22A35E002B8A
:10CE700002D10025280070BD21003000FDF7B8F96F
:10CE8000E36A0500002B04D03000E16998470028D0
:10CE90001DDBA3891B061FD4216B002908D02300AA
:10CEA0004033994202D03000FEF7F8FD002323639F
:10CEB000616C002904D03000FEF7F0FD00236364AC
:10CEC00001F04CFA0023A38101F04AFAD2E70125D0
:10CED000A3896D421B06DFD530002169FEF7DEFD18
:10CEE000DAE701F029FAC0E710B5034B0100186832
:10CEF000FFF7B2FF10BDC046102100200048704768
:10CF00004826002070B5E025014C6459A04770BD4B
:10CF1000A41F0020002909D0FF2A02D801200A708E
:10CF200070478A23036001204042F9E70020F7E7B9
:10CF300001000068002806D0080042680430002A7A
:10CF4000FBD1401A80107047F0B545464E46DE468C
:10CF50005746E0B50C00050090461E0097B000282B
:10CF600003D0436B002B00D11EE18422A389520021
:10CF70001340934200D1EFE0A36A9946002B00D101
:10CF800043E1012E4DD0022337009F430AD01623E0
:10CF90002B600120404217B0F0BCBB46B246A94608
:10CFA000A046F0BD002322699B46002A5DD00C22DA
:10CFB000A35E974A13420BD18022D20092461342BD
:10CFC00070D1944A914555D0802212011343A38118
:10CFD00021002800FDF7B0F90028DAD133004246DD
:10CFE0002800E169C8470130D3D0216B002908D05F
:10CFF00023004033994202D02800FEF74FFD002362
:10D0000023632369844A236000236360A389134058
:10D01000A3812000082200215C30C5F759FF0020C1
:10D02000B9E721002800FDF787F90C22A35EDA0496
:10D0300000D596E0012300222800E169C8470700D7
:10D04000431CA6D00C22A35E2269590700D48DE0B0
:10D050006368FF1A236B002B01D0E36BFF1A0123D7
:10D0600000269B46B844002AA1D12100280004F0E4
:10D070006BFE9CE70E22A15E0029A5DB6A46280014
:10D0800000F0C0FF0C22A35E00289DD1F021019A80
:10D0900009020A40802109028A4295D1524613436F
:10D0A000E264A381C246002E71D15B46002B67D19A
:10D0B000A389DB0400D481E0276D6068216B3F1AEF
:10D0C000002974D0E36B9B46FF1AA26B3F1894466D
:10D0D000634622699B1A9C46FF1A5B466344BA4525
:10D0E00002DBF818504573D85346E76C28007F429E
:10D0F0001F403A000023E169C847013000D167E7CB
:10D100000023216B636023692360002908D023007A
:10D110004033994202D02800FEF7C0FC002323636D
:10D120002022A3899343A3815346DB1B9B46BA4528
:10D1300000D16EE72100280000F0F4FA002800D0AA
:10D1400046E763685B4500D242E722685A442260A2
:10D150005A469B1A63605CE721002800FDF7ECF853
:10D160000AE7276D2269590700D571E71B0700D42C
:10D1700075E72368002B00D171E79B1AFF186EE753
:10D18000216B6068002912D0E36B9B469DE76A46DD
:10D1900028000E23E15E00F035FF002800D017E7DD
:10D1A000049B43449A4680E701F0C6F8DDE6236815
:10D1B000226900219B1AFF1AC31890E7012300225D
:10D1C0002800E169C8470700431C00D075E7FFE667
:10D1D0005046C71BD219DB1B22606360002908D0B0
:10D1E00023004033994202D02800FEF757FC002369
:10D1F000236320222000A38900219343A3815C3074
:10D20000183AC5F765FE0020C5E61D332B60C0E661
:10D210001A080000A5D40310DFF7FFFF10B50400C3
:10D220001300034A10680A002100FFF78DFE10BDAD
:10D230001021002010B5034B01001868FEF7ECF830
:10D2400010BDC0461021002010B5034B0100186826
:10D25000FEF724FC10BDC0461021002070B506006A
:10D260000D001400002802D0436B002B17D0A368D8
:10D27000013BA360002B05DAA269934209DBEBB204
:10D280000A2B06D0FF20236828405A1C22601D70FC
:10D2900070BD22002900300000F018FBF8E701F013
:10D2A0004BF8E4E7124B70B51E6805000C00002E29
:10D2B00002D0736B002B17D0A368013BA360002B37
:10D2C00005DAA269934209DBEBB20A2B06D0FF20F4
:10D2D000236828405A1C22601D7070BD220029005E
:10D2E000300000F0F3FAF8E7300001F025F8E3E74A
:10D2F00010210020802310B55B01082801D11800FF
:10D3000010BDFDF755F916230360173BF7E7C0463C
:10D3100070B50B780500613BDBB20C00172B09D808
:10D32000334A9B00D3589F4620003249FCF770FADD
:10D33000002859D0162300202B6070BD20002E49F4
:10D34000FCF766FA0028F5D10C20F6E720002B49FF
:10D35000FCF75EFA03000120002BEED020002849E4
:10D36000FCF756FA0028E5D10220E6E7200025491F
:10D37000FCF74EFA0028DDD10420DEE72000224928
:10D38000FCF746FA0028D5D10520D6E720001F4932
:10D39000FCF73EFA0028CDD10620CEE720001C493C
:10D3A000FCF736FA0028C5D10720C6E72000194946
:10D3B000FCF72EFA002819D020001749FCF728FAAC
:10D3C0000028B7D10920B8E720001449FCF720FA5B
:10D3D0000028AFD10A20B0E720001149FCF718FA65
:10D3E0000028A7D10B20A8E70320A6E70820A4E780
:10D3F000A0E50410148504106C80041074800410DF
:10D40000548004103C8004105C8004107C80041064
:10D410004C80041034800410648004102C800410AC
:10D420004480041010B5034B01001868FFF770FF2B
:10D4300010BDC0461021002070B50C000E25495FBC
:10D4400005F0B0F9002803DB236D1B18236570BDC0
:10D45000A389024A1340A381F9E7C046FFEFFFFF0B
:10D4600000207047F8B50C001F000C23C95E0500B2
:10D470001600CB050AD40A4B320019402800A181BE
:10D480000E23E15E3B0000F035FCF8BD0E23E15EAB
:10D490000022022305F018FA0C23E15EEBE7C046F8
:10D4A000FFEFFFFF70B50C000E25495F05F00CFA89
:10D4B000431C07D08023A2895B0113431BB2206564
:10D4C000A38170BDA389024A13401BB2F8E7C0468E
:10D4D000FFEFFFFF10B50E23C95E03F043FA10BD46
:10D4E00010B5002105F052F810BDC04630B5E42556
:10D4F00004000E4883B04559002A07D006980090D2
:10D500002000A847431C0AD003B030BD069B002171
:10D51000009320000123064AA847431CF4D10023AE
:10D52000069A13608A332360EEE7C046A41F0020EA
:10D530000C61041070B51C000E4B0F4D1E68E423E7
:10D5400082B0ED58002909D0130000940A000100B0
:10D550003000A847431C08D002B070BDE33B300048
:10D56000064A0094A847431CF6D1002323608A335F
:10D570003360F1E710210020A41F00200C6104108B
:10D58000030009220020303B9A4240417047C046C8
:10D5900070B54B6805000C0084B0002B20DDFCF753
:10D5A000A7F8012823D026005C366368226828008B
:10D5B000009603A9FFF79AFF431C26D0831C1ED0B8
:10D5C00022686368002806D012181B1A039822608C
:10D5D000636004B070BD0132013B22606360F8E714
:10D5E00000F0A0F80028DAD001204042F1E72368DB
:10D5F0005A1C226018786368013B6360E9E72100E8
:10D60000280000F08FF80028CFD04022A3891343D0
:10D61000A381FCF7CDFF8A230360E5E70C23CA5EF4
:10D6200080239B0110B54C6E1A4204D01C4206D1D7
:10D630000120404205E01A4323438A814B66FFF7ED
:10D64000A7FF10BD104B70B51D680400002D02D05F
:10D650006B6B002B14D00C23E25E80239B01616E68
:10D660001A4204D0194206D10120404207E01A4371
:10D670000B43A281636621002800FFF789FF70BD7C
:10D68000280000F059FEE6E710210020F0B5C6465C
:10D690001A4C00B52568002D2AD06C681F2C2ADC96
:10D6A000002808D10020631C0234A4006B60615183
:10D6B00080BCB846F0BD8827A600AE19F2510137EC
:10D6C000FF37BC460122AC446746A2403F68904603
:10D6D00017436246176084277F00F3510228E1D187
:10D6E000280042468D30FF30036813430360D9E7BA
:10D6F000034D2560D1E701204042D9E79C2E002050
:10D70000B02B002009238A89002010B51340092B73
:10D7100000D010BD024B1868FCF70EFEF9E7C046BA
:10D720001021002070B505000C00002802D0436BCA
:10D73000002B57D0002363600C22A35E9A065BD4B3
:10D740005A071AD4DA065AD508261E4239D10422BD
:10D750001343A3812369002B3FD00C23E65EB3075C
:10D760001ED1226928006369E169266A2260B047F8
:10D770006060002839DD002070BD216B0029E9D0F0
:10D7800023004033994202D02800FEF787F9002396
:10D790002363E36B6360002BDCD0A36B2360EAE7B9
:10D7A00001231D4AA3811D491D4804F017FA0923CE
:10D7B000A6813340092BD4D121002800FCF718FDA5
:10D7C000CFE721002800FCF7B7FD002814D1A3897A
:10D7D000A060B3431BB2A061B9E72100280004F0A8
:10D7E000B3FABAE700F0A8FDA4E70C22A35E002874
:10D7F0000BD120221343A38101204042BCE7092220
:10D800002A6040221343A381F6E70022626040228F
:10D810001343A381F0E7C046A826002005D70310D4
:10D820001821002010B5002103F00EFA10BDC046EB
:10D83000F0B5D64646464F46C0B582460E009046E5
:10D8400003F018FB1C4B1D689946002D0AD0337855
:10D850003400002B04D12DE063780134002B0AD072
:10D860003D2BF9D1504603F007FB0020E0BCBA463F
:10D87000B146A846F0BDA41B28680028F2D02200BB
:10D880003100FCF797FD002804D12B681F191B5DA0
:10D890003D2B04D0686804350028F0D1E2E74B4600
:10D8A00042461B685046EB1A9B10136003F0E4FAE3
:10D8B000781CDBE70024DFE7B426002000B583B046
:10D8C00001AAFFF7B5FF03B000BDC046F8B50500DB
:10D8D0000E001400002802D0436B002B51D0A36926
:10D8E000A3600C23E25E130723D52369002B20D00D
:10D8F0008021FF238901F7B21E40636E0A4228D0BF
:10D900009B0432D4226823696169D31A99422FDDBE
:10D910000133A1680139A160511C2160177062694F
:10D920009A421CD0A389DB0701D50A2E17D03000FC
:10D93000F8BD2100280004F049FF002815D18021FE
:10D940000C23E25EFF238901F7B21E40636E0A4298
:10D95000D6D111430C4AA18113406366D0E7210060
:10D960002800FCF7E9FC0028E1D001267642DEE73A
:10D9700021002800FCF7E0FC0028F6D101232268F2
:10D98000C7E700F0D9FCAAE7FFDFFFFF030010B5EF
:10D990000A00034908681900FFF798FF10BDC04648
:10D9A00010210020F0B557464E46DE464546E0B50C
:10D9B0000C000600170083B0002900D1ACE000F095
:10D9C000B9FB08235B429946A1444B465B6803229E
:10D9D00019003D0091430B35CA468846162D67D87D
:10D9E0001025AF4267D8A8456EDA4946C048414481
:10D9F0004A68009080689346884200D1A0E00120E8
:10DA0000844610006246904308184068104200D0D7
:10DA100077E05A46032082439346C3445D454EDD7A
:10DA20006046184212D14B4648461B68C31A032071
:10DA30009B465B688343D21842440092954200DCC7
:10DA4000CCE0434400939D4200DCCBE03900300041
:10DA5000FDF7E2FC071E00D11EE14B4601225B6888
:10DA6000934302004B44083A934200D1E3E042461C
:10DA7000043A242A00D9E3E003002100132A09D93B
:10DA800023680360636843601B2A00D9DCE003005D
:10DA9000083108330A681A604A685A608A689A60CE
:10DAA00030002100FDF7FAFF300000F045FB20E0D8
:10DAB0000432954395D50C230027336019E0D846EE
:10DAC000CB688A68D3609A6043465F1B5346012245
:10DAD00050465B68404413400F2F22D841460B4309
:10DAE00051464B60436813434360300000F024FB11
:10DAF0002700380003B0F0BCBB46B246A946A0469A
:10DB0000F0BD1A42A2D14B464A461B68D31A0322E3
:10DB10009B465B68934394E71100FDF77DFC07008B
:10DB2000E7E751462B434919554617436B604F6051
:10DB300043680831134343603000FDF7AFFFD4E77B
:10DB400003218A4394462900C44410318C4500DBEC
:10DB500084E0DB0700D579E74B4648461B68C31ACB
:10DB600003209B465B688343D21842440192914252
:10DB700000DD66E75B465A46DB6892685F46D36025
:10DB80009A604246043A0837242A00D999E03B00BB
:10DB9000132A0AD9594623688B606368CB601B2A15
:10DBA00000D993E05B460834103322681A6062683B
:10DBB0005A60A2689A605B4601225919009B3000A6
:10DBC0009960019B5B1B13434B605B465B68134092
:10DBD0005A462B43536000F0AFFA8AE7CB688A6855
:10DBE000D3609A605B465A46DB6892685F46D360B2
:10DBF0009A604246043A0837242A17D83B00132A71
:10DC000009D9594623688B606368CB601B2A39D8D1
:10DC10005B460834103322681A6062685A60A26852
:10DC20009A60009B3C009846DA464DE72100380098
:10DC3000FCF74CFCF5E703225B689343984443E709
:10DC40002100FCF743FC2BE7A3688360E368C36013
:10DC5000242A26D00300103110331BE74B465919F4
:10DC6000009B0122996063465B1B13434B604B464C
:10DC70005B68300013404A462B43536000F05CFA67
:10DC8000270036E7A3680B61E3684B61242A10D0B4
:10DC90005B4610341833BEE7300000F04DFA002721
:10DCA00027E7236918310361030062691833426171
:10DCB000F0E623698B615B4662692033CA611834E0
:10DCC000A9E721003800FCF701FC74E7A3680B61A9
:10DCD000E3684B61242A03D05B461034183364E7B1
:10DCE00023698B615B4662692033CA6118345CE743
:10DCF0004022002070B50400080011001A00002323
:10DD0000054D2B60C6F73EFA431C00D070BD2B6852
:10DD1000002BFBD02360F9E7A02E002070B50C008B
:10DD200011008E2C03D8594AA50052599746002B52
:10DD300000D1A9E01A00200004F034FC002800D132
:10DD4000A0E070BD5248FCE75248FAE75248F8E7B5
:10DD50005248F6E75248F4E75248F2E75248F0E7F3
:10DD60005248EEE75248ECE75248EAE75248E8E703
:10DD70005248E6E75248E4E75248E2E75248E0E713
:10DD80005248DEE75248DCE75248DAE75248D8E723
:10DD90005248D6E75248D4E75248D2E75248D0E733
:10DDA0005248CEE75248CCE75248CAE75248C8E743
:10DDB0005248C6E75248C4E75248C2E75248C0E753
:10DDC0005248BEE75248BCE75248BAE75248B8E763
:10DDD0005248B6E75248B4E75248B2E75248B0E773
:10DDE0005248AEE75248ACE75248AAE75248A8E783
:10DDF0005248A6E75248A4E75248A2E75248A0E793
:10DE000052489EE752489CE752489AE7524898E7A2
:10DE1000524896E7524894E7524892E7524890E7B2
:10DE200052488EE752488CE752488AE7524888E7C2
:10DE3000524886E7524884E7524882E7524880E7D2
:10DE400052487EE752487CE752487AE7524878E7E2
:10DE5000524876E7524874E7524872E7524870E7F2
:10DE600052486EE752486CE752486AE7524868E702
:10DE7000524866E7524864E7524862E7524860E712
:10DE800052485EE752485CE7030053E700E604109F
:10DE9000908B0410788B0410308B0410488B041086
:10DEA00034870410F48A041068890410F08B04107D
:10DEB000FC850410C4850410648B0410C88B041006
:10DEC000C0880410F8870410CC860410CC87041096
:10DED000BC860410048C041010870410E48804101D
:10DEE0000C8B0410DC8A0410AC8A0410948A041091
:10DEF000748A0410548A0410248A0410008A0410BE
:10DF0000C08A0410A48B0410E8890410CC89041082
:10DF1000B88904109C890410908904107C8904102D
:10DF200058890410408904102C89041014890410A5
:10DF30001C8A041004890410FC880410D88804107A
:10DF4000AC880410908804107C8804104C8804105D
:10DF500040880410308804101888041008880410C1
:10DF6000E0870410BC870410AC8704109487041069
:10DF70007487041054870410FC860410EC86041087
:10DF8000AC8604109C860410888604107C860410DD
:10DF900064860410588604104486041030860410E9
:10DFA0001C860410F0850410E0850410B085041070
:10DFB0009C85041080850410748504105C85041011
:10DFC0004C85041030850410248504101C85041031
:10DFD0000C61041010B5044B0100186800220023E6
:10DFE000FFF79CFE10BDC0461021002010B5044B69
:10DFF0000100186800220023FFF790FE10BDC04604
:10E0000010210020002370B5074D04000800110006
:10E010002B60C6F7CEF8431C00D070BD2B68002BD8
:10E02000FBD02360F9E7C046A02E0020F0B547469C
:10E03000CE4680B51E0087B001AB03930123904606
:10E040007243041E91460E9F019102920592049321
:10E0500002D0436B002B23D00C23FA5E80239B015C
:10E060007D6E1A4204D11343BB810F4B1D407D6668
:10E070000020AD0404D507B0C0BCB946B046F0BD21
:10E080003900200003AA00F089F903003000002BBA
:10E09000F1D04B4605984146181AC4F7FDF9EAE756
:10E0A00000F04AF9D8E7C046FFDFFFFFF0B5C646EB
:10E0B00000B51C001D4B86B01B681700984601ABCD
:10E0C00003930123049343464F430E001500019030
:10E0D00002970597002B02D05B6B002B21D00C22FE
:10E0E000A15E80229201636E114204D10A43A28193
:10E0F0000F4A1340636600209B0403D506B080BC22
:10E10000B846F0BD2100404603AA00F047F90300DD
:10E110002800002BF2D005983100381AC4F7BCF95A
:10E12000ECE7404600F008F9D9E7C046102100208E
:10E13000FFDFFFFF7047C0467047C04600207047B2
:10E1400010B5034A0349044803F048FD10BDC0461A
:10E15000A826002059CE03101821002041680B4B3F
:10E1600010B50400994201D0FEF776FEA168084B75
:10E17000994202D02000FEF76FFEE168054B9942FC
:10E1800002D02000FEF768FE10BDC046442D0020DE
:10E19000AC2D0020142E002000207047F8B5CE468C
:10E1A0004746344C344B354A2000002580B51A6070
:10E1B0000423082200215C3025606560A560656647
:10E1C00025616561A561E360C4F782FE2C4B2000E8
:10E1D000994623622B4B2C4F98466362CC23E55023
:10E1E0002A4B2B4E6367802308220021C430E55060
:10E1F000A762E662A566E5662567A567E567E4614F
:10E20000C4F766FE220084236832E2504A46043393
:10E21000E250424620000433E2500433E750043316
:10E22000E6503C33E5500433E5500433E550194AD9
:10E230005C33E550583BE2500433E5502D30043355
:10E24000E550082204330021FF30E550C4F740FEBA
:10E250002200EC23D032E2504A460433E2504246D8
:10E260000433E2500433E7500433E650C0BCB946EF
:10E27000B046F8BD442D0020402D002041E10310A0
:10E2800039D4031065D40310A5D40310090001008C
:10E29000D5D4031012000200F8B5244B07001B6808
:10E2A000002B3BD0224E7368B468013B03D51BE0C2
:10E2B0006834013B18D30C22A55E002DF8D1200054
:10E2C0001C4B08220021E36065662560A56065603F
:10E2D00025616561A5615C30C4F7FAFD256365635E
:10E2E0006564A5642000F8BD3568002D01D02E00BE
:10E2F000D9E7D62138004900FDF78EF8041E10D06A
:10E300000423D0220560250043600C300021A0606A
:10E310005200C4F7DDFD34602E00C4E7FFF73EFF76
:10E32000C0E70C2330603B60DCE7C046402D002096
:10E33000A82600200100FFFF436B10B5002B00D082
:10E3400010BD044B4363044B1B68002BF8D1FFF74F
:10E3500025FFF5E75DE10310402D00207047C04622
:10E360007047C04610B50020024A034903F036FC4E
:10E3700010BDC046A82600203DE1031010B50020C6
:10E38000024A034903F02AFC10BDC046A82600201B
:10E3900099E103107047C0467047C046F0B54E463D
:10E3A000DE4657464546E0B5936883B00C0091467B
:10E3B0000090002B5FD00C23CA5E130763D50B6956
:10E3C000002B60D04B461F68930723D5636A002655
:10E3D0009A46B34B00259846E169002D16D02B00D4
:10E3E000454500D9AE4B32000098D047002859DD92
:10E3F0004B464A469B6836181B1A2D1A9360002B11
:10E4000039D0636AE1699A46002DE8D13E687D689B
:10E410000837E2E7D30762D50023B84600209A46C2
:10E4200000261F00002E45D000284CD03B00B346EC
:10E430009E4200D99B4620682269A5686369904284
:10E4400003D9ED18AB4500DDFEE05B4500DDEEE0F5
:10E45000656A5246E1690098A847051E22DD012041
:10E460007F1B19D04B464A469B68AA445B1B761B10
:10E470009360002BD6D1002003B0F0BCBB46B2465F
:10E48000A946A046F0BD2100009804F09FF900289D
:10E490000DD10C23E25E95E721000098FBF74CFFBD
:10E4A0000028DFD00C22A35E40221343A381012069
:10E4B0004042E1E70822434694465E68E044002E6D
:10E4C000F8D01B689A4632000A215046F9F784FFBB
:10E4D000002800D1DBE053460130C71AA6E700232D
:10E4E00080219A4689008B46564655462068A36887
:10E4F00084469846002D5CD059460A425DD09A4623
:10E50000AB4200D990E09023DB001A4232D021695F
:10E51000431A6069019343001B18D80FC3185810A1
:10E52000019B824601335B19834201D99A46180048
:10E53000520500D497E001000098FCF76DFF80467B
:10E54000031E00D1A6E0019A2169C4F7C7FCA38984
:10E55000544A134080221343A38143462361019B05
:10E560001A004244944622605246A846AA46D31A4C
:10E570006261A360524631006046FBF7A7FF424646
:10E58000A8460025A36820689B1A5044A360206019
:10E590004B4642469B6846449B1A4A46936000D1CC
:10E5A00069E70C23E25E2068A36884469846002D44
:10E5B000A2D13E687D6808379AE7226982421BD360
:10E5C00062699046AA4217D8802328001B069D4204
:10E5D00000D335484146C3F737FF4346626A434399
:10E5E0009046E16932000098C047002800DC59E7F6
:10E5F00080464346ED1ACBE79846AB4200D9A84681
:10E6000042463100FBF762FF4246A36820689B1A2E
:10E610004044A3602060002BEBD121000098FBF761
:10E620008BFE0028E5D03DE7A846AA46A2E75A4659
:10E630005146FBF74BFF5A46A3685D469B1AA36001
:10E6400023685B4423600AE751462A00FBF73EFF3C
:10E65000236821005B1900982360FBF76DFE0028FA
:10E6600000D1FCE61EE702000098FFF79BF9804608
:10E67000002800D071E7009D21692800FDF70EFAFF
:10E680008022A3899343743A1BB22A600CE7731C5F
:10E690001F00CCE6009A0C3313600C22A35E03E744
:10E6A00000FCFF7F7FFBFFFFFFFFFF7FF0B583B024
:10E6B00007000E001400FBF71BF801AD012802D182
:10E6C000731EFE2B25D9230032005C33290038004D
:10E6D000FBF7AEFE431C1ED000280ED0A36829789D
:10E6E000013BA360002B04DAA269934208DB0A29EC
:10E6F00006D023685A1C22601970300003B0F0BDA8
:10E700002200380003F0CAFB0130F6D1012040425C
:10E71000F4E72E70E2E740220120A3894042134330
:10E72000A381EBE710B5FFF7C1FF002010BDC04685
:10E730000A4B70B51E6804000D00002E02D0736BEA
:10E74000002B06D02A0030002100FFF7AFFF002089
:10E7500070BD3000FFF7F0FDF4E7C0461021002047
:10E76000FE2805D8044B1A5C03231340022B00D06B
:10E7700070472038FCE7C0463DE8041010B5002A79
:10E7800009D0002303E0013304309A4203D0046827
:10E790008C42F8D110BD0020FCE7C04610B5010046
:10E7A000002300220020FEF771FF10BD10B50021EC
:10E7B00004F072F810BDC04610B5002104F078F8DE
:10E7C00010BDC04642692349D343DB170B402249A1
:10E7D00070B58C4663440500D41892071AD16421A1
:10E7E0002000C3F731FE0120002913D0EB69AA698C
:10E7F0001B0152009B181918184B994228D011DCA4
:10E8000001291CDD0A39172920D81548C840C0073E
:10E81000C01770BDC82120004900C3F715FE48424B
:10E820004841E3E70F4B99420CDD0F4B9C46614496
:10E8300015290BD80D4B0120CB401840E9E7C943FF
:10E84000C817E6E70A4B01209942E2DC0020E0E726
:10E850000120DEE730F8FFFF6C070000A216000081
:10E86000CF00CC00B41600003EE9FFFF1F002A00D5
:10E87000B1160000F0B55746DE464E464546E0B5B7
:10E88000BE4C176883468A469946A544002F0FD18F
:10E890005346002B03D000225946BB005A50380083
:10E8A000B74B9D44F0BCBB46B246A946A046F0BD5E
:10E8B00000211891B3493B00039100270BE051461A
:10E8C0000139B9423CD95846B90004320B500137DE
:10E8D0001368002BDCD0252BF1D15468302C16D0D6
:10E8E0002B2C14D02500002302932B00313B002455
:10E8F000161D082B14D9452D1CD04F2D1AD02B00D6
:10E90000253B552B1CD8039A9B00D3589F460023C8
:10E91000956802932B001600313B0836082BEAD885
:10E9200030000A221EA902F06BFB1E9E0290356881
:10E93000452DE2D1756804362B00253B552BE2D9D5
:10E940000027ACE75346B8005844D91B6B2D01D1C2
:10E9500000F0B3FC8C4A4B469B6803F0A5F90028F5
:10E96000EEDB3F18BA45EBD93368002B90D0321D4F
:10E97000AEE74B469B68002B01D100F058FC0C2BF6
:10E9800004D018000C21C3F75FFD0B005246B800FD
:10E990005844D11B492D01D100F0B4FC7B4A03F04F
:10E9A00083F90028DDDA002779E7494689680123E1
:10E9B000774A0B2900DC002328339B00D3185968C1
:10E9C0000023FFAAF83213603EA8FF2204F07AFD6C
:10E9D000431E0333C8D801235B4253449846BB42CD
:10E9E000AED9BD003B183EAC5D44029308E0029BEB
:10E9F000013728609F42B7D00434043547459FD083
:10EA000033682068502BF2D1FBF772FAEFE74A46E1
:10EA100012695F4B9200D1580023FFAAF8321360AD
:10EA20003EA8FF2204F04EFD431E03339CD85346FC
:10EA30005C1EA74284D2BA003EAB5A44381819680B
:10EA40000137116087428FD004330432A742F6D1D8
:10EA5000002724E75346B8005844D91B642D01D140
:10EA600000F028FC494A4B46DB6803F01DF90028FA
:10EA700000DB76E7002712E74846FFF7A3FE4B4688
:10EA80009B690624002B00D05C1E4B46DA690123EB
:10EA9000002800DC85E33C4A5146B800C91B5844B5
:10EAA0007DE75346013BBB4200D849E74B469B6993
:10EAB0001A003032002B00D137225946BB005A5081
:10EAC000013751E71EAB98461800324900F044FD6B
:10EAD0004046FEF72DFA830043441D00002C00D170
:10EAE000A8E3029B10C5052B01D900F015FC2800F6
:10EAF000294900F031FD5346B800D91B42464B4628
:10EB00005844FFF7B7FE002800DC19E73F182BE751
:10EB10005346013BBB4200D812E74B4659469B691E
:10EB2000BA003033535001371EE79C22184B9958D6
:10EB30000023FFAAF8323EAC13602000FF2204F04D
:10EB4000C1FC3E9B002B00D10EE75346B800D91BF9
:10EB500022004B465844FFF78DFE002800DCEFE60C
:10EB60003F1801E75346013BBB4200D8E8E62522A7
:10EB70005946BB005A500137F6E6C04604FBFFFF7A
:10EB8000FC04000040E9041040A0041008A0041098
:10EB9000A4E404100CA104102CA104104A469269AC
:10EBA0009A4B1E3292009B1859680023FFAAF83234
:10EBB00013603EA8FF2204F085FC431E033300D9F6
:10EBC000D2E653465C1EA74200D3B9E6BA003EAB7C
:10EBD0005A443818196801371160874200D1C3E6DA
:10EBE00004330432A742F5D1002758E64B461B698F
:10EBF000864A0C339B0099580023FFAAF832136011
:10EC00003EA8FF2204F05EFC431E033300D9ABE6AE
:10EC100053465C1EA74200D392E6BA003EAB5A446C
:10EC20003818196801371160874200D19CE6043317
:10EC30000432A742F5D1002731E64B465B69744A9E
:10EC400098460123904500DB0023DBB21993BB00FB
:10EC50005B441C935346029DDB1B1D93022D00D287
:10EC600002254346002B00DAB2E364214046C3F795
:10EC7000EBFB1330002C00D015E3664A664B199964
:10EC800001906D1A1C981D99009503F00DF800284D
:10EC900000DB66E6002702E65346DD1B4B461B6998
:10ECA000BC00013302934B46DB685C4498464B46FC
:10ECB0005869002800DA85E36421C3F7C5FB4346A1
:10ECC0000191009329002000544A029B02F0ECFFBE
:10ECD000002800DB45E60027E1E525231E93002CF4
:10ECE00000D1B7E2029B1F94052B00D90DE320ACA5
:10ECF00020004B4900F030FC1EAB9846FBE64B462B
:10ED00005B6948469846FFF75DFD43460500002BCA
:10ED100000DA38E364214046C3F796FB13301990BC
:10ED200040466421C3F790FB002D00DA0BE300D1CD
:10ED300079E3374B984500DA59E2002249194B1C18
:10ED400000D109E3642903D10021199B01331993F0
:10ED50006423199843435D18002A00D04EE21EAB8D
:10ED600098462B2C00D0F4E12E4A954200D845E37A
:10ED7000029B1E94002B02D0029B013B0293252391
:10ED80001F931FAB1800302208305A60E7E14B4652
:10ED90005B6880E64846FFF715FD4B46040058695E
:10EDA000002800DADDE26421C3F74EFB601864211D
:10EDB000C3F74AFB643108006421C3F745FB0B002D
:10EDC0005146B800CC1B2100174A5844E7E54B4692
:10EDD000DB69164A01335FE64B461B6901335AE68D
:10EDE0005346013BBB4200D8AAE50A225946BB0064
:10EDF0005A500137B8E54B4603211869C3F724FB85
:10EE00000B4A431C48E6E422004B90E6A4E40410BD
:10EE100094F8FFFFCC9F04100C61041018A004109C
:10EE200064A004100F27000040A0041094A0041058
:10EE3000A8A004104B461B6A002B00DB19E200233C
:10EE400000241A931B944B465B6903219846424663
:10EE5000BB0006925B44D2170792029345225242AE
:10EE6000D317069C079D12196B41D8170840002143
:10EE700008900991089C099D12196B4194089A10F9
:10EE80000592424699070C43501E64210494C3F72F
:10EE9000DBFA049C059DC2170A900B920A9A0B9B01
:10EEA000A41A9D414346C8212C33FF331800490062
:10EEB000C3F7CAFAC2170C900D920C9A0D9BA418B6
:10EEC0005D414246463AD3009B18DB009B189A00EE
:10EED0009B18DA170E930F920E9A0F9BA4185D41A0
:10EEE0004A46D369DA1710931192109A119B12199E
:10EEF0006B411000190018220023C3F79FFE4A46F9
:10EF00009368DA1713921293129B139C3C22C01839
:10EF100061410023C3F792FE4A465368DA171592FF
:10EF20001493149B159C3C22C01861410023C3F725
:10EF300085FE4A461368DA1717921693169B179C9C
:10EF4000C01861411A9B1B9CC01AA14100900191FD
:10EF50005146DB4A0298C91B02F0A6FE002800DBDE
:10EF6000FFE400279BE45346013BBB4200D8E7E4A3
:10EF700009225946BB005A500137F5E44C464B462E
:10EF800024689B6801944C4651466468B800CD4A99
:10EF9000C91B5844009402F087FE002800DBE0E41F
:10EFA00000277CE44B46D8699B690730C01A0721CB
:10EFB000C3F74AFA03006EE54B469B69C24A183311
:10EFC0009B0099580023FFAAF83213603EA8FF2245
:10EFD00004F078FA431E033300D9C5E453465C1E9F
:10EFE000BC4200D8ACE4BA003EAB5A4438181968A9
:10EFF00001371160874200D1B6E404330432A742DE
:10F00000F5D100274BE4A022AF4B90E54B461B689F
:10F0100041E54B461B6A002B00DAA8E4FFF7BAF97A
:10F02000189B002B00D1FBE14B46196AA74ACB176E
:10F030005B1ADB0F9B009D583C00280000F03EFA55
:10F04000002812D05346591E8F4200D3DCE1BA008B
:10F050005A44C419ED1B03E004328F4200D1D3E1BE
:10F06000EB5D01371360A742F6D1FFF795F9270052
:10F0700049E04B465869002800DB9DE6944B9C46CE
:10F08000604402F067FD97E64B461B6A002B00DAEE
:10F090006DE4FFF77FF9189B002B00D14BE1FDF7E2
:10F0A0002DFF4B461A6AD3179B1ADB0F01339A00C8
:10F0B000D318DB001C58FFF76FF952466442BB00BF
:10F0C0005B443C212000D51B0293C3F7BDF9FCF73C
:10F0D000C1F8E121804609012000C3F7B5F93C21C0
:10F0E00018904046C3F7B0F97A4C009122002900ED
:10F0F000189B029802F0D8FD002800DA20E43F189F
:10F10000BA4500D81CE4012318932DE44C464B4625
:10F1100051466468B8009B686F4AC91B5844009404
:10F1200002F0C2FD002800DB1BE40027FFF7B7FB5D
:10F130009822654BFBE44B46684A5B69934266DA6A
:10F140002D21D51A029B1E91002B5CD11EAA904640
:10F150001FAB2522181D1A60002C00D012E6604952
:10F1600000F0FAF95346B800D91B4246029B5844B6
:10F17000009502F099FD002801DBFFF7F2FB002764
:10F18000FFF78DFB4B469A690623002A00D0531ED9
:10F190004A46D06907210730C01AC3F755F9030062
:10F1A00079E4002800D1BEE04B465D69A41AEB4328
:10F1B0004C4ADB1713404C4A94466344ED18AB07A6
:10F1C00006D164212800C3F73FF90123002906D1A5
:10F1D000C82128004900C3F737F94B424B410422AC
:10F1E0000020E41AE30FA2424341343353E40139CF
:10F1F00000D20EE16423199A53435D182D231E9308
:10F20000029B002BA2D0029B013B02939EE7304A57
:10F210009D181EAB98462B2C9BD1344A954200D8A2
:10F22000ECE0029B1E94002B00D1A8E5A5E50C2381
:10F23000FFF7ACFB2B2308C5273B3EA9491B280041
:10F240002B4A891002F030FD002800DC4FE48000DA
:10F250002D184CE42B231F93273B20AC1E212000AC
:10F26000234A02F021FD002800DC41E5800020183F
:10F270003FE5FFF78FF8189B002B5FD0FDF73EFEB0
:10F280004B461A6AD3179B1ADB0F01339A00D31827
:10F29000DB001C58FFF780F86442E3171B9301233F
:10F2A0001A941893CFE5134A632801DD2B2C48D01C
:10F2B000114BE4E4114AFFF7D6FB114AFFF74BFB71
:10F2C000BCA00410D0A00410A4E40410A0260020C8
:10F2D0006C07000034A10410E4A0041094F8FFFFB0
:10F2E00084A0041030F8FFFF6B0700000F27000018
:10F2F00054A00410E89F04100C61041040A00410F6
:10F3000008A00410564AFFF74AFB029A20AC931F4C
:10F31000062A00D1ECE4A0E7029A931F062A01D145
:10F32000FFF7E5FB89E70A320721101BC3F78CF8CA
:10F330000300FFF7B0FBFBF7FFFFB0E6FBF7FCFFB6
:10F340009CE7484B9BE44919474B0122984500DB59
:10F3500000224B1C00D0FBE4199B6321013B199355
:10F36000F6E4424B9C46604402F0F4FB6421C3F790
:10F370006BF8002C5EDA4A463D4B52699A4200DB3C
:10F3800014E5012412E53948404402F0E3FB64210E
:10F39000C3F75AF84B4619905869002800DBC0E4BF
:10F3A000324B9C46604402F0D5FB6421C3F74CF815
:10F3B000002D4BDA4A462E4B52699A42C3DA012598
:10F3C0000122BBE4294B9C46604402F0C3FB73E47A
:10F3D0002648404402F0BEFB64210290C3F734F893
:10F3E000002C0ED0234B029A9A4233DC224B234A44
:10F3F0001D49884500DB42E4214B40E425221E9252
:10F40000C0E41D4B1F4AF3E7FEF7C6FF0027FFF7D6
:10F4100046FA6423199A013A534363331D00EDE61B
:10F42000FBF78AFF00E6104B0122984500DA8FE4D3
:10F4300000228DE4002C00D1B8E44A460A4B526900
:10F440009A4200DBB2E401246442AFE4002D00D014
:10F450006FE479E72B2CC9D1024B084AC8E7C046B4
:10F4600040A004105884041094F8FFFF6C070000BB
:10F4700095F8FFFF0F2700000C610410E89F0410AF
:10F480005C840410CC9F0410FF2370B5150000228B
:10F490009B00C250FF32040004F014F8431C5A1EB3
:10F4A00093415B4218402860200070BD10B5FFF703
:10F4B000E1F910BD10B5FFF7DDF910BD10B58307F8
:10F4C0000AD00300032102E001330B4205D01A7871
:10F4D000002AF9D1181A10BD030019680C4A0D4C06
:10F4E0008A188A4322420FD15968094A04338A187C
:10F4F0008A43224208D15968054A04338A188A434C
:10F500002242F1D000E001331A78002AFBD1E1E772
:10F51000FFFEFEFE8080808030B5040085B0431C75
:10F5200013D00822002102A8C3F7D2FCE022084B26
:10F5300001A91868074B9D58220002ABA847012873
:10F5400003D16B46187905B030BD01204042FAE77F
:10F5500010210020A41F0020002310B50C68020019
:10F560000360002C05D0043114600C680432002CB8
:10F57000F9D10023136010BD70B514004B1C1BD0D3
:10F5800093892022FF259343226BA381CEB2636827
:10F590000D40002A13D0626B9A4208DD2368013BBC
:10F5A00023601E70636801336360280070BD210012
:10F5B00001F00AF90028F1D001256D42F5E7216933
:10F5C0002268002905D0914203D2511E0878A84232
:10F5D0000ED0E363230040332363032363633F338D
:10F5E000A263E65423004233236001236360DCE717
:10F5F000013321606360D8E710B50C00096B002966
:10F600000FD023004033994201D0FCF747FA002382
:10F610002363E36B6360002B03D00020A36B2360A4
:10F6200010BD0022202101206260A28923690A43C3
:10F63000A2814042F3E7C046F0B5DE4657464E464B
:10F64000454683461800E0B5504385B00F000E9C38
:10F650000193002835D000239846403399466568C9
:10F6600006002168A144A84220D9029003923800E4
:10F670002A00C3F733FC2368216B5B1923604346E0
:10F68000B24663607F19761B002921D0494502D01C
:10F690005846FCF703FA43462363E36B6360002B91
:10F6A00016D0A16B1D002160B342E0D332003800B8
:10F6B000C3F714FC636801989B1B636023689B1964
:10F6C000236005B0F0BCBB46B246A946A046F0BDDB
:10F6D00023692021236000236360A38902980B43E0
:10F6E000A3815346039A40191100C01AC2F7D4FEF1
:10F6F000E7E7C046F0B557464546DE464E46E0B51C
:10F70000170080220D00E1B0079302900C23C95E20
:10F7100092016B6E114204D10A43AA81C34A13407D
:10F720006B669B0400D513E33B7801371193002BE4
:10F7300001D100F038FE002292463E005446099264
:10F74000059204920692BA4A9346BA4A08925A46D9
:10F750000821D25C114223D1252B10D10023002790
:10F76000A446180032781300253BDBB2711C532BE2
:10F770000ED8089C9B00E3589F4664460E006B68B9
:10F78000002B4BDD2A68731E11781B7899423ED0FE
:10F79000069861B0F0BCBB46B246A946A046F0BD93
:10F7A000402399460023B246984608275E466A6879
:10F7B000A9440AE02B681A78B25C17421DD06A6827
:10F7C0000133013A01346A602B60002AF2DC296BB4
:10F7D000002900D189E3494502D00298FCF75EF97F
:10F7E00043462B63EB6B6B60002B00D17DE3AB6B6F
:10F7F0002B601A78B25C1742E1D1B34656460396A5
:10F80000039A1378561C1193002BA0D1C0E76B68A4
:10F810000132013B6B602A600134F0E7296B00295B
:10F8200000D186E22B004033994202D00298FCF7C7
:10F8300035F900232B63EB6B6B60002B00D178E272
:10F84000AA6B2A609FE78F233B42A1D183001B183C
:10F850005B009818303872780E0084E76446824660
:10F86000802303919B001F43734B032609931023AE
:10F8700004936B68002B00DDEFE0296B002900D1B9
:10F8800057E22B004033994202D00298FCF706F968
:10F8900000232B63EB6B6B60002B00D149E2AB6B59
:10F8A0002B607B0600D4D8E0022E00D113E1032E9A
:10F8B00000D18DE1012E2FD05346D046002B01D12F
:10F8C0000133984610233B400A93FF0701D500F00F
:10F8D0003DFC0A9B002B00D012E3079E434602CE5C
:10F8E000012202980095FFF7A7FE002800D128E228
:10F8F000069B241801330693079681E7824620A8C9
:10F90000644602F02BF94023012603901F436B68E5
:10F91000002BB2DD012ECFD15346002B01D1013B8C
:10F920009A4610233B400C93FF0700D568E32968F3
:10F930000C9A0B7820AFFB5C002A00D17FE2002BF1
:10F9400000D125E752466B680131013B6B602960AD
:10F95000012A00D1EBE14022914600229046524616
:10F96000A944A24614000EE02A681378FB5C002B21
:10F9700000D1DBE16B680132013B01366B602A602C
:10F98000B44200D1D2E1002BEEDC296B002901D179
:10F9900000F049FD494502D00298FCF77FF8434644
:10F9A0002B63EB6B6B60002B01D100F03CFDAA6B6D
:10F9B0002A60DAE764460391FB0600D520E7079A40
:10F9C00008CA07927A0701D500F072FCFA0701D540
:10F9D00000F0EDFCBF0701D400F0E9FCE2171C6069
:10F9E0005A600DE764468246882303913AE7012373
:10F9F0006446824603911F43104B032609930A2352
:10FA0000049336E7402364468246002603911F4351
:10FA10007DE7644682460391EEE73B0700D0B7E6F8
:10FA2000042372781F430E009DE6C046FFDFFFFFF0
:10FA30003DE8041098EA041069A0031021CE0310D9
:10FA40006B68644682460391002B01DC00F07BFD6D
:10FA5000C14B032609930023049359462A6813785F
:10FA6000CB5C1B0700D41FE740239C46AC44634695
:10FA70000A93002399460833B34698460E0006E0E1
:10FA8000414601322A601378F35C19421DD06B683D
:10FA90000134013B6B60002BF2DC296B002900D1A3
:10FAA00047E10A9B994202D00298FBF7F7FF4B46C9
:10FAB0002B63EB6B6B60002B00D13AE14146AA6BE4
:10FAC0002A601378F35C1942E1D133005E469B460D
:10FAD000022E00D0EBE65346002B01D1013B9A46A3
:10FAE0005846296810230A783B40825C0820104061
:10FAF000FF0700D53EE1002B00D134E2002800D002
:10FB00007EE652466B680131013B01266B6029603D
:10FB1000012A01D100F0FFFC4022904600229146CC
:10FB20005A460827A346A844140010E02A68137810
:10FB3000E35C1F4201D000F0FFFB6B680132013B28
:10FB400001366B602A60B24501D100F004FC002B45
:10FB5000ECDC296B002901D100F094FC414502D076
:10FB60000298FBF79BFF4B462B63EB6B6B60002B04
:10FB700001D100F087FCAA6B2A60D8E73B0700D0D0
:10FB800006E6022372781F430E00ECE5012364466B
:10FB9000824603911F43714B032609930823049364
:10FBA00067E6644682460226039162E63B0700D080
:10FBB000EEE572786C2A00D1A9E301230E001F4301
:10FBC000D1E5384300D0E3E5727810270E00CAE58E
:10FBD000D826534600223601013B3E430C92262B89
:10FBE00003D9263B0C9327239A4600230A9316AB8E
:10FBF00099461F005A4B984640239C46AC446346A6
:10FC00000B935346A2461C002A6811780B002B3B2D
:10FC1000DBB24D2B14D840469B00C3589F46049B33
:10FC20000A2B0DDD4F4B1E40397001376B68013BCD
:10FC30006B60002B67DD0132013C2A60002CE3D1B0
:10FC40005446BA46F30507D553464B4500D940E321
:10FC500053464B4500D19BE510231A0032403342F6
:10FC600014D1534649461A7002980022049B099FFA
:10FC7000B847079A131D9846B30600D4EDE21368FF
:10FC80001860069B01330693434607934B46524642
:10FC9000D71A0A9B9C466744E419B1E50498324B95
:10FCA0004000C35E04932F4B1E40BDE7C02380205D
:10FCB000DB00334080008342C2D12C4B3340A0266E
:10FCC000F6001E4310230493AEE780233342B7D0DF
:10FCD0009E43A9E70498244B4000C35E0493082B7D
:10FCE000A0DCADE733059FD5049B002B05D1802315
:10FCF0009B001E43F93BFF3B0493730500D4A0E235
:10FD00001B4B1E4090E7296B002900D152E30B9B4F
:10FD1000994202D00298FBF7C1FE00232B63EB6BE4
:10FD20006B60002B00D145E3AA6B85E75446A4190C
:10FD300066E52B6920222B6000236B60AB8913439F
:10FD4000AB81069B002B03D0AB895B0600D41FE57B
:10FD500001235B4206931BE521CE031069A003102B
:10FD6000E8EB04107FF4FFFF20ED0410FFFDFFFF20
:10FD70007FFAFFFF079A9046002B00D184E211AA78
:10FD80009146002800D03BE5574600269A46F9F7F1
:10FD9000AFFCB042D5D02B68721C07921A7816A916
:10FDA0008A5501336A682B60059B013A0A916A60A3
:10FDB00014AE032B02D1149B042B04D00822002183
:10FDC0003000C3F785F8079B49460A9A02980096C7
:10FDD0000B93FDF78BFB0590431CB2D0002800D09D
:10FDE000C6E24A4610600020FDF77AFB002800D0EA
:10FDF00078E3079B9C466444013F53460026002B52
:10FE000002D104339C46E1446B68002B00DC16E30E
:10FE10002B685A461B78D35C1B0701D4002FB6D140
:10FE2000534642460792002B00D0E9E400234A469D
:10FE30001360069B0133069343460793E0E407985B
:10FE400004C8002B00D1A3E46B68013B6B604B1C22
:10FE50002B60531C98460B7813705346012B3BD0F4
:10FE600040239946A9444B4646468146A0469244C3
:10FE70000A9207930FE02B681A78BA5C002A22D006
:10FE80006A680136013A6A605A1C2A601B7823703E
:10FE9000564500D126E26B683400002BEBDC296B61
:10FEA000002900D1ADE2079B994202D00298FBF7EE
:10FEB000F5FD00232B63EB6B6B60002B00D1A0E200
:10FEC000AB6B2B60D8E723004846444698460A9A15
:10FED000B61A002E00D15BE4002342461370069B45
:10FEE000A4190133069307908AE42B6920222B6022
:10FEF00000236B60AB89B34613435646AB817EE467
:10FF00006B682A68434500DBFFE24020814640469B
:10FF10000026A04600270400296BA944D218B24647
:10FF20000A94F618E41A2A60002900D1E0E1494554
:10FF300002D00298FBF7B2FDEB6B2F636B60002BD6
:10FF400000D1D5E1AA6B00212A609C42E6DC2100A9
:10FF5000444688460A9E5644414642445B1A6B60BA
:10FF60002A60A4194CE4079A08CA9846002800D0D1
:10FF7000CDE26B68013B6B604B1C2B6043465F1C02
:10FF80000B7841460B7053463E00012B00D1C0E276
:10FF900040239C46AC4463460793082399465B463E
:10FFA0000A92A3461C0013E02B6849461A78A25C0B
:10FFB000114200D0B1E16A680136013A6A605A1C08
:10FFC0002A601B783B70434653449E4200D1B9E1FE
:10FFD0006B683700002BE7DC296B002900D141E278
:10FFE000079B994202D00298FBF758FD00232B6330
:10FFF000EB6B6B60002B00D134E2AB6B2B60D4E772
:020000041004E6
:1000000011AF002B00D14BE10023984640339C46B2
:10001000AC4463460F93D34BB9460E935B46A3465D
:1000200044469846059FF9F763FBA04200D188E655
:1000300020202B680EA91A7809180A556A6801331E
:10004000013A2B6012AB661C6A600593032F02D144
:10005000129B042B04D0082200210598C2F738FF18
:10006000059B494600930298330016AA0D96FDF7AA
:100070003DFA0700431C00D163E6002840D14B46FF
:10008000186000230A9314AC082200212000C2F754
:100090001FFFE0230E9A0298D35810A90B930A9AD7
:1000A00023000B9CA0470024012801D10EAB1C7A31
:1000B00020AB1B5D002B00D187E1B344032F28D078
:1000C00001235B429C46E2440C9B002B02D104338B
:1000D0009C46E1446B680024002B23DD5346002B33
:1000E000A1D15C460597C3464F460C9B002B01D01F
:1000F000FFF786FB3B60069B01330693FFF780FB0F
:10010000831C0BD04B461B680A930133BBD10A9C5E
:10011000CEE7059B1B68042BD2D1D5E76B68340072
:10012000002B80DC296B002900D1C6E10F9B99428E
:1001300002D00298FBF7B2FC00232B63EB6B6B60E1
:10014000002B00D1B9E1AB6B2B60C7E700239946C8
:100150000A9B002B00D19EE040239C46AC446346A2
:100160000B9343463700A046B2461C00F9F7C0FA8D
:10017000B84200D1E5E520202B680EA91A780918AD
:10018000CA5501336A682B60059B013A7E1C6A6080
:1001900014AF032B02D1149B042B04D0082200219E
:1001A0003800C2F795FE330049460298009716AA18
:1001B000FDF79CF90590431C00D1C2E500281AD137
:1001C0000A9BB044013C002B04D14A46136004232F
:1001D0009C46E1446B685746002B1EDD002CC5D1C0
:1001E00044460A9B5A425341069A94469C446346AD
:1001F0000693FFF705FB059A931C0AD0B044032A27
:1002000002D13B68042B00D0013C0A9B002BDED0BE
:10021000E0E76B683700002BA8DC296B002900D1D0
:100220003EE10B9B994202D00298FBF737FC00237A
:100230002B63EB6B6B60002B00D131E1AB6B2B6060
:10024000CCE7494B1E400C9B002B02D0013B0C938A
:1002500001340A9B01330A93E8E4730724D4F307BB
:1002600000D59CE0B60700D499E0404B099A9A4229
:1002700000D153E100224946049B029800F0C0FDE2
:10028000079B1B6803C3FCE402CA8946904600280A
:1002900000D179E5CAE5079B04CB914607935BE75C
:1002A000079B80CB0793AFE6079B1B681880E8E4A9
:1002B0001C80FFF7A5FA6446824603916BE42B4B42
:1002C000644609930A238246032603910493FFF7A9
:1002D000D0FA5746013F2A0039780298FFF74CF9C7
:1002E000BA46B5E40A9A44464846B046B61AF0E51E
:1002F0002B6920222B6000236B60AB89444613439B
:10030000AB81002E00D11CE5A419FFF779FA022376
:10031000B2781F430236FFF726FA23005C469B465D
:1003200043460A9AF61AA41900233B70069B0792CB
:1003300001330693FFF764FA23005C469B46A41939
:10034000FFF75EFA23005C469B464346F31A3700EC
:100350000A9AE418E8E723005C469B465444FFF7FA
:100360004FFAC046A41F00207FFCFFFF69A00310C6
:10037000059B023300D1B3E04B461868FDF7B0F897
:10038000002800D0AEE0079B9C46059B6444032BED
:1003900000D031E53368042B00D02DE52DE5079B17
:1003A0001B6818606DE400230693FFF7F1F91C60E9
:1003B000FFF726FA2B6920222B6000236B60AB89A4
:1003C00054461343BA46AB813CE45C460597C346AA
:1003D0004F46002E00D188E60EAB1F269C46664491
:1003E000A04637000D9C2E00029D395D320028008A
:1003F000013CFFF7C1F8002CF7D144464F463500C9
:1004000073E62300444698462B6920212B60002385
:100410006B60AB890A9A0B434846AB81B24200D16C
:100420008FE4B61A58E52B6920222B60002354462E
:100430006B60AB89A4191343AB81FFF7E1F9296B1A
:10044000002972D02B004033994202D00298FBF76A
:1004500025FB00232B63EB6B6B60002B65D0AB6B34
:100460002B60D6E423005C469B462B6920212B6041
:1004700000236B60AB890A9A0B43AB814346F61AA3
:10048000A41951E723005C469B462B6920222B6070
:1004900000236B60AB89A4191343AB81FFF7B0F95C
:1004A0002B6920222B6000236B60AB8944461343E9
:1004B000AB81002F00D194E643E44346A0465C465E
:1004C0009B462B6920222B60002305976B60AB892C
:1004D0004F461343AB814346002B00D105E630E481
:1004E000079E91E40EAA94461F26079A53460B9F37
:1004F0006644002A00D194E4F15D2A000298013F8D
:10050000FFF73AF8002FF7D18AE4464624E51F00AA
:100510000AE7013408E70134FFF772F9002249467F
:10052000049B029802F022F9AAE62A69A9892A60A6
:1005300000226A6020320A435346AA81002E01D06D
:10054000FFF7FFFB6DE4034B03260993002304939D
:10055000FFF793F921CE031010B5002101F000FD43
:1005600010BDC046002370B5064C0500080023608E
:10057000C3F7D4FD431C00D070BD2368002BFBD013
:100580002B60F9E7A02E002003000A7801311A70D1
:100590000133002AF9D1704730B5026808E01378BA
:1005A0001D00413D192D00D820330131A34206D151
:1005B0000C780132002CF2D10260012030BD002005
:1005C000FCE7C046F0B54546DE4657464E461F247A
:1005D00003000800E0B525001100006887B0421153
:1005E000920005408A180395044200D0A1E0100053
:1005F000171F021F9146002248460260186846787D
:10060000002E00D1B2E001906E48049380464B4624
:100610000F2000240022834601980193434602964E
:100620003D0026008946B846390092461F00029CCC
:1006300015E0202C00D98DE052450CDDA94201D9EE
:10064000072E58DD0826A94505D2291F002392460A
:100650000D0000260B6084780130002C12D03B5D29
:10066000002BE6D001360132082E3CDC2C68240138
:10067000A4465C462340644623432B6084780130C3
:10068000002CECD1019B8C463400494647469946E4
:10069000002A6BD0654502D2072C00DC74E0A94229
:1006A0004AD20A002B0001CB01C29F42FBD26A1C36
:1006B000781C0423904262D20022CB1804C39F42CC
:1006C000FCD24B461B68002B05D1B94250D0043FE9
:1006D0003B68002BF9D0052007B0F0BCBB46B24602
:1006E000A946A046F0BDA945B5D20024043DA446C4
:1006F00001262C60BDE708239B1B9B009C46202302
:1007000064462E001C1B02952B6865460590944696
:1007100020002A0075682C0084401C432B00D34025
:10072000346073600436B142F4D86246029D059885
:1007300088E71700101D5CE74B46039A1B68002AE8
:10074000C7D02020801A01225242C24013404A469C
:100750001360BEE7A24634005646474680460198DD
:100760008C46049B49468146292E04D00420B3E7D9
:1007700001233B60AFE740460230186088E77D1BED
:10078000AD080135AB0097E708262023361BB600DD
:100790009B1B98462B6828001A000B003100664608
:1007A000AC464546984644682300AB4013432200BC
:1007B000CA400360426004308642F4D86546414630
:1007C0006DE7C04630DE0410F0B50C002300C646CD
:1007D000096B403300B5994215D0666B77003A003B
:1007E000FDF7E0F8051E27D0831998460100320076
:1007F0001800C2F773FB434625632360676300203C
:1008000080BCB846F0BD8025ED002900FAF704FE53
:10081000002811D0422320636563E25C084BC25478
:100820004123E25C074BC2544023E25C064B9C46EA
:10083000C25460442060E2E701204042E0E7C04645
:10084000FF030000FE030000FD030000F8B50600F2
:100850000D0014004B1C2ED0002802D0436B002B3F
:1008600051D00C23E25E2023110099430B00A1819B
:10087000510707D4D1061ED50827174237D10422C5
:100880001343A381FF23226BEFB21D406368002A4C
:1008900014D0626B9A4208DD2368013B23601F700D
:1008A0006368013363602800F8BD21003000FFF762
:1008B0008BFF0028F0D001256D42F4E72169226802
:1008C000002905D0914203D2511E0878A8421DD0BC
:1008D000E363230040332363032363633F33A26353
:1008E000E75423004233236001236360DBE72100E8
:1008F0003000F9F721FD0028DDD1A389A060BB43BA
:100900001BB2A061BBE7FDF717FDAAE70133216029
:100910006360C8E7030010B50A00034908681900BE
:10092000FFF794FF10BDC0461021002010B5040051
:10093000002A0CD0002003E0431C9A4205D0180086
:100940000B5C2354002BF7D110BD013109180B7833
:100950001000002BF8D0891A01300B5C002BFBD162
:10096000F2E7C046002370B5064C0500080023607E
:10097000C3F719FC431C00D070BD2368002BFBD0CB
:100980002B60F9E7A02E002070B58C256D0043592F
:100990000400002B01D0002070BD8021FAF73CFD3F
:1009A0006051002806D002000023803208C0904227
:1009B000FCD1F0E701204042EEE7C046F8B5050063
:1009C0000C0016001F2909D88C277F00C359002B63
:1009D00009D0A4001B1918681E60F8BD1623036017
:1009E00001204042F9E78021FAF716FD00210300BB
:1009F0000200E8518030002BF2D002C28242FCD1CA
:100A0000E7E7C04670B505000C001F2920D88C23ED
:100A10005B00C358002B0ED08A009B181A68002A6E
:100A200009D0012A05D0511C0ED0002120001960E8
:100A30009047002070BD280001F0B2FA22000100AA
:100A4000280001F099FAF5E7162303600120F1E789
:100A50001623036001204042ECE7C04670B5050054
:100A60000C001F2926D88C2676008359002B14D021
:100A7000A2009B181A68002A09D0511C0BD0012A29
:100A800007D00021200019609047002070BD012090
:100A9000FCE70320FAE70220F8E78021FAF7BCFC24
:100AA000031EA85106D000210200803002C28242FB
:100AB000FCD1DDE701204042E8E7C046154B70B5A8
:100AC00004001D681F281FD88C235B00EB58002BE7
:100AD0000DD082009B181A68002A08D0012A04D081
:100AE000511C0DD0002119609047002070BD2800D6
:100AF00001F056FA22000100280001F03DFAF5E766
:100B0000162301202B60F1E7162301202B604042C1
:100B1000ECE7C04610210020F8B5124B04000E008F
:100B20001D681F2809D88C277F00E859002809D0A4
:100B3000A400041920682660F8BD16232B6001204C
:100B40004042F9E780212800FAF766FC0100030023
:100B50000022E85180310028F1D004C39942FCD131
:100B6000E6E7C0461021002070B58C250C4B6D00C7
:100B70001C686359002B01D0002070BD802120002B
:100B8000FAF74AFC6051002806D0020000238032A8
:100B900008C09042FCD1EFE701204042EDE7C0469B
:100BA00010210020184B70B504001D681F2827D89D
:100BB0008C267600AB59002B14D0A2009B181A6823
:100BC000002A09D0511C0BD0012A07D00021200097
:100BD00019609047002070BD0120FCE70320FAE770
:100BE0000220F8E780212800FAF716FC031EA8511E
:100BF00006D000210200803002C29042FCD1DCE726
:100C000001204042E7E7C0461021002070B5074CA4
:100C1000074D641BA41005D0013CA300EB58984776
:100C2000002CF9D105F00EF970BDC046B460041077
:100C3000B4600410002001497047C0460000F87FEE
:100C4000004870470000C07F03000020FF2B03D83E
:100C5000024A0730D35C18407047C0463DE8041094
:100C6000F0B5DE464E4645465746E0B589B00D0024
:100C7000059193461E00082107905F482B001C78C1
:100C80000135025D1142F9D12D2C00D184E02B2CCD
:100C90004BD001235B420393584B049300230693EC
:100CA000002E08D1302C00D180E00A239A46002380
:100CB0000A36994605E0102E00D182E0F317B246BD
:100CC000994652464B4603980499C1F723FC2300EA
:100CD0000F008046029200200022002113E0B9425A
:100CE00001D140451ED8804543D052464B46C1F7FE
:100CF000A5FFE31700940193009B019C0122C018FB
:100D000061412B7801351C00303C092C04D9113C81
:100D1000192C0DD8373B1C00A64211DD531CF0D016
:100D2000B942DCD901225242EBE72C789D1CB0E796
:100D30001C00613C192C03D8573B1C00A642EDDC7B
:100D4000531C1ED0069B002B04D003000C00002176
:100D50005842A1415B46002B04D0002A48D15B4693
:100D6000059A1A6009B0F0BCBB46B246A946A04637
:100D7000F0BD8F42B9D1029BA342B6DA01225242A2
:100D8000BFE72223079A13605B46002B2DD06B1E12
:100D9000039804990593E2E72C789D1C00230393A4
:100DA00080231B0604930123069379E720222B78E6
:100DB0009343582B11D008239A46002308269946BE
:100DC0007FE7302C04D010239A460023994678E719
:100DD00020222B789343582BF5D110239A460023D9
:100DE0006C789946102602356BE703980499B9E7A9
:100DF00003900491CBE7C0463DE80410FFFFFF7F5E
:100E000010B5FFF72DFF10BD10B504001300034A05
:100E100010680A002100FFF723FF10BD10210020F9
:100E200010B504001300034A10680A002100FFF700
:100E300017FF10BD102100200B0070B5002A0DD047
:100E40000600002406E00D5904330551043604342D
:100E5000002D0AD0013A002AF5D132601A0004327E
:100E6000101F006813000028F9D1581A80100138AB
:100E700070BDC0467047C0467047C046F0B5574683
:100E8000DE464E464546E0B583B01F000C9B8946C2
:100E900093469A460D000190A84643461C68514669
:100EA000200001F073FB0435061EF5D12D2C5FD018
:100EB000002300932B2C32D0002F21D1302C64D072
:100EC0003F4B052198460A230A279A460020230013
:100ED000303B092B07D9113B192B03D92300613B68
:100EE000192B20D80A339F421DDD721C06D04045C5
:100EF00030D82DD0524601265043181810CDE6E7C1
:100F0000102F3AD0012039004042C1F7C5FA80467F
:100F1000012039004042BA46C1F7BEFAD6E72C6834
:100F200045460835C8E7731C18D0009B002B00D03D
:100F300040425B46002B04D0002E16D15B464A4649
:100F40001A6003B0F0BCBB46B246A946A046F0BD4D
:100F50008B42CFDD012610CD7642B8E72223019ADD
:100F6000300013605B46002BEBD02B1F9946E5E762
:100F700001232C68009304359EE7302C11D0114BCF
:100F80000F21984610239A46A0E720222B6893430E
:100F9000582B0BD00C4B07219846082308379A464C
:100FA00094E720222B689343582BE8D1054B6C68BB
:100FB000984610230F219A461027083586E7C04629
:100FC00099999919FFFFFF0FFFFFFF1F10B5034C01
:100FD00082B00094FFF752FF02B010BDA41F0020A2
:100FE00010B50400054882B00068009313000A00A1
:100FF0002100FFF743FF02B010BDC04610210020C2
:1010000010B504001300054A82B01068044A00922B
:101010000A002100FFF732FF02B010BD10210020AE
:10102000A41F002010B5002103F036FD10BDC046FE
:10103000436C70B504000D00002B0AD0AA009B1869
:10104000186800280ED002681A6000230361C3608C
:1010500070BD21220421FAF70FF9031E6064EDD15F
:101060000020F5E70126AE40721D0121200092000C
:10107000FAF702F90028F3D045608660E5E7C0463C
:10108000002906D04A68436C92009B181A680A60CF
:1010900019607047F0B5C6461F008046002300B5B2
:1010A0000E000D6914310C6801332004000C50430C
:1010B000240C5443C019070CE4190004270C000C3D
:1010C0002404241810C19D42EDDC002F08D0B36821
:1010D000AB4209DD2B1D9B00F31801355F603561C4
:1010E000300080BCB846F0BD716840460131FFF762
:1010F0009FFF041E17D0310032690C31023292007A
:101100000C30C1F7EBFE434672685B6C92009B1893
:101110001A6832601E6026002B1D9B00F3180135F3
:101120005F603561DCE70022BA21024B0248C3F759
:101130004DF8C046008404101C8C0410F8B54746D6
:10114000CE460600180080B50C00083009211F00AB
:101150009046C1F779F9092F3BDD012500216D008B
:101160000131A842FBDC3000FFF762FF011E32D0E4
:10117000089B4361012303614346092B16DC0923C5
:1011800098460A3447450CDD4346E719FF1A237891
:101190000A223000303BFFF77DFF01340100BC42E2
:1011A000F5D10800C0BCB946B046F8BD0923994640
:1011B000A1444D4644442B780A223000303BFFF7CF
:1011C00069FF01350100A542F5D14446083C4C4475
:1011D000D8E70021C7E70022024B0348D331C2F70A
:1011E000F5FFC046008404101C8C0410802203000C
:1011F00052020020934201D21B041030802252047C
:10120000934201D208301B0280225205934201D240
:1012100004301B018022D205934203D3DB43DB0F52
:10122000C018704799009B0004D403301142F8D1D4
:101230002020F6E70230F4E703680200590707D0E0
:10124000D9071ED4990720D55B0803600120704799
:101250000020190401D11B0C1030FF21194201D1CB
:1012600008301B0A190701D104301B09990701D165
:1012700002309B08D90702D401305B0803D0136009
:10128000E5E70020E3E72020E1E79B080360022078
:10129000DDE7C046436C70B504000D00002B0AD09A
:1012A0005868002815D002685A600023C3600133D3
:1012B0004561036170BD21220421F9F7DDFF031EA2
:1012C0006064EDD146210022084B0948FF31C2F786
:1012D0007DFF1C2201212000F9F7CEFF0028F1D06C
:1012E0000123436001338360DFE7C04600840410BC
:1012F0001C8C0410F0B54E4657464546DE46E0B518
:101300000B6916698A469146984685B0B34204DB5C
:10131000330089464646924698464B4659684346AE
:10132000F5184B469B68AB4200DA0131FFF780FEAF
:10133000071E00D1A9E014239C4684446346AC00F8
:10134000644418000022A34202D204C39C42FCD889
:1013500014234B449B46434651469B009846143108
:10136000B60088445E44414574D204239A464B46F5
:1013700015339E4200D380E05B46019343460093C1
:101380005346B446A246AB46B9460C00029306E06B
:101390002D0C31D1009B04340430A34257D9256869
:1013A0002B04190C002BF3D0019D5346A0460026B8
:1013B0000C0082462F00039308CF01681A04120C18
:1013C00062431B0C0D0463432D0C52199219090C36
:1013D0005B18110C5B1812041E0C120C1B04134337
:1013E00008C0BC45E8D850464446039B9A46029B39
:1013F000C65025682D0CCDD0060000220368A046FB
:10140000604619001400B446019F3A88090C6A43EB
:10141000121952181B0411041B0C0B43336010CF1C
:101420007168240C6C430B041B0CE318120C9B1802
:101430001C0C0436B842E8D8624684461000444684
:10144000029A04348350009B0430A342A7D8544628
:101450005D464F46002D03DC06E0013D002D03D024
:10146000043C2368002BF8D038003D6105B0F0BC87
:10147000BB46B246A946A046F0BD4B46F31A153B03
:101480009B0801339B009A4676E7B1210022024B6C
:1014900002484900C2F79AFE008404101C8C041014
:1014A000F8B5032347461400CE461A0080B50E0057
:1014B00007002240234234D1A41023D03D6C002DDC
:1014C00038D001239846002399464346234208D149
:1014D000641017D02868002819D00500434623421D
:1014E000F6D02A0031003800FFF704FF002E06D0A6
:1014F00072687B6C92009B181A6832601E6006004E
:101500006410E7D13000C0BCB946B046F8BD2A002F
:1015100029003800FFF7EEFE4B4628600500036007
:10152000DCE70F4B013A9200D2580023FFF7B2FDDF
:101530000600C1E701213800FFF77AFD051E07D03C
:10154000084B436101230361002338640360B8E75B
:1015500046210022044B0548FF31C2F737FEC04642
:1015600048ED041071020000008404101C8C04106B
:10157000F0B54546DE4657464E46E0B50D002B69B0
:1015800054119846A04443465E1CAB68834617003E
:10159000496883B09E4203DD01315B009E42FBDC63
:1015A0005846FFF745FD8446002853D0010014310A
:1015B0000B000191002C0CDDA4002200002014324D
:1015C000624401C39342FCD1019B9946A1444B461E
:1015D00001931F222B0011002C691433A400394001
:1015E0008A461C193A422FD00132521A91460027DE
:1015F000019851461A688A403A4304C04A4680CB53
:10160000D7409C42F5D82A0015320423944204D3D3
:10161000631B153B9B0801339B00019AD750002F99
:1016200000D1464663461E615B4660466A685B6C55
:1016300092009B181A682A601D6003B0F0BCBB467C
:10164000B246A946A046F0BD019904CB04C19C4214
:10165000FBD8E6E7EF210022024B03484900C2F71E
:10166000B5FDC046008404101C8C041002690B698F
:1016700030B50500D01A9A4214D19B0014351431AC
:10168000EA18CB1801E095420CD2043A043B1468E6
:1016900019688C42F7D000238C425B4102205B42E8
:1016A0001840013830BDC046F0B545469046574613
:1016B000DE464E464346E0B50A691B690F0083B01B
:1016C000D11A9A4200D098E03D0042469900143564
:1016D00014326B18521802E09D4200D395E0043B8F
:1016E000043A1C6811688C42F6D001258C4203D361
:1016F00043460025B8461F0043465968FFF798FC4B
:101700008446002800D194E01422424491461422D9
:1017100043463900624492460022C56038691B691D
:10172000143180004D4608189C004C44BB461426DA
:101730000700994610000A0000950194434602CA2A
:101740009D590B042C041B0C240CE41A634624182A
:10175000090C2D0C6D1A2114691824040814240C8A
:1017600009040C439C5104369742E7D80200380024
:101770005F4600994B46894639000026153188425C
:101780007641C01B15388008250083460427019C3C
:10179000F1B2002E36D14846C0195744B8463E0033
:1017A0009946070084423BD9130020CF2904090C35
:1017B000891809142A0CED1889182D040A142D0C07
:1017C00009040D4320C6BC42EED8013C221A9208FF
:1017D000920042444B461600002D04D1043E32686C
:1017E000013B002AFAD062461361604603B0F0BCA8
:1017F000BB46B246A946A046F0BD0125002900DB44
:1018000076E779E7471CBF00C5E70021FFF710FC2A
:101810008446002813D00123036100234361E4E7D9
:101820000026002901D15644D6E75A469600564470
:10183000D2E70022054B06480649C2F7C7FC002242
:10184000024B03480449C2F7C1FCC046008404109F
:101850001C8C041045020000370200000D4A0E4B9C
:1018600094460B4063440022002B02DD1900100057
:1018700070475B421915132903DC80231B030B41BE
:10188000F4E7143901221E2902DC80221206CA4024
:101890000023EBE70000C0FC0000F07FF8B5060075
:1018A0004746CE4604691436A4003419231F1D6828
:1018B00080B528000F009846FFF798FC2022111AE7
:1018C000030039600A282EDD07000B3F464519D278
:1018D00008235B429C46A44463461B68002F1AD031
:1018E0001900D21BD140BD409146194A0D432A43ED
:1018F0001100BB40664511D24A460C3C2468D440D6
:1019000023430BE00B2805D0BD40114B2B4319009E
:10191000002303E000230E4A2A4311001800C0BC34
:10192000B946B046F8BD2F00153A121AD740914675
:10193000074A3A4311000027464503D24A46083C6D
:101940002768D74015339D402B003B43E6E7C04650
:101950000000F03FF0B5012183B014001D00FFF737
:1019600067FB061E4AD02B036F001B0B7F0D02D0B6
:101970008022520313430193002C16D101A8FFF7D4
:101980005BFC0124019B203073613461002F24D063
:101990001D4B35249C46089B67443F181F60241A42
:1019A0003000099B1C6003B0F0BD68460094FFF74F
:1019B00043FC019C00281FD0202322001B1A9A40C0
:1019C000C4401300009A019413437361B461631E11
:1019D0009C4101343461002FDAD10C4B9C46089BAA
:1019E000604418600A4BE3189B00F3185869FFF72E
:1019F000FDFB6401241AD3E7009BE6E70022054BB8
:101A000005480649C2F7E2FBCDFBFFFFCEFBFFFF17
:101A1000FFFFFF3F008404101C8C04100F03000024
:101A2000F0B5CE46474680B585B0884602A98146C6
:101A3000FFF734FF04000D00404603A9FFF72EFF17
:101A400002000B0040464946006909690092019373
:101A5000091A4901884602980399401A0100414435
:101A600000290BDD09054F193D0020002900C0F7B2
:101A700058FF05B0C0BCB946B046F0BD09055B1AB9
:101A80000193009A019BF0E710B50400172809DDC7
:101A9000002007490022074B013CC0F75CFF002CE7
:101AA000F8D110BD044BC4001B1918685968F8E739
:101AB0000000F03F00002440A8ED0410130001399D
:101AC00070B54C111169013414338900A400591800
:101AD00004198B420AD2050040CB40C59942FBD87D
:101AE0008B1A153B9B0801339B00C018844203D915
:101AF000002308C08442FCD870BDC04610B5040065
:101B000002691434481182420ADA9200A31803E0F1
:101B1000043B1A68002A14D1A342F9D8002010BD52
:101B20008300E3188242F7DD1F22100008400A42BA
:101B3000F2D019680A00C240824001209142EED1E1
:101B4000EAE70120EBE7C04610B5002102F0B2FF42
:101B500010BDC046C317C0185840704770B50D7807
:101B600004005E2D1BD0481C002600212300621CAF
:101B7000FF32197001339342FBD1002D0DD00122A9
:101B8000724062550378461C2D2B0FD05D2B0BD075
:101B9000002B03D01D003000F3E7013870BD4D78F5
:101BA000881C01260121E1E73000F7E741785D2933
:101BB00011D08D420FDC2B0002300133E2549942E8
:101BC000FBDC6B1C8D4203DA491B01395D18D9E738
:101BD00000215D18D6E72D253000D2E7F8B547463D
:101BE000CE46884680B58146170000267D68BC68D1
:101BF000013D0DD4A389012B07D90E22A35E013329
:101C000003D021004846C04706436834013DF1D265
:101C10003F68002FEAD13000C0BCB946B046F8BDDD
:101C2000F03070470048704794200020004870470B
:101C30009420002008B4802370B59B050500140093
:101C40009DB09A422BD282236A4600269B00938243
:101C50001B9602910691002C15D0631E9B000493E5
:101C6000079301235B42D38202A922AB219A0193FD
:101C700001F0E2FC029B1E60A04210D21DB070BCBD
:101C800008BC01B0184701236A465B42D38202A90F
:101C900022AB219A04940794019301F0CDFC8B238D
:101CA00001202B604042E9E70CB41E4B70B51E6862
:101CB00080230C009CB09B0599422DD282236A465A
:101CC00000259B0093821B9502900690002916D058
:101CD0004B1E9B000493079301235B42D382300089
:101CE00021AB209A02A9019301F0A6FC029B1D6082
:101CF000A04211D21CB070BC08BC02B0184701232E
:101D00006A465B42D3820491079121AB3000209A4E
:101D100002A9019301F090FC8B2301203360404223
:101D2000E8E7C0461021002003000020FF2B07D861
:101D3000044A0130D25C7F2A02D8093B58425841FC
:101D40007047C0463DE80410F0B5C64600B50C2209
:101D50008B5E05000C0096B09A0709D5230043332B
:101D6000236023610123636116B080BCB846F0BDD7
:101D70000E22895E002928DB6A46FCF743F9002819
:101D800021DBF023019F1B021F40264B80269C462F
:101D900067447B425F418023DB0098463601414621
:101DA0002800F9F739FB00281BD08022A389206086
:101DB000134342461BB2A38120616261002F1FD1F1
:101DC0003343A381D0E70C22A35E00271B0612D564
:101DD00040239846280041460026F9F71DFB0028BD
:101DE000E3D10C22A35E9A05BED4032293430222C0
:101DF0001343A381B2E78023DB0098460026CEE799
:101E000028000E23E15E02F065FE002802D10C22BC
:101E1000A35ED5E70322A3899343012213431BB298
:101E2000CEE7C04600E0FFFF70B50C001E000E2399
:101E3000C95E150096B0002915DB6A46FCF7E2F88A
:101E4000002810DBF02301991B0219400B4B802066
:101E50009C4661444B42594180230001DB003160C4
:101E60002B6016B070BDA38900211B0602D540234C
:101E70000020F4E780230020DB00F0E700E0FFFF14
:101E800003000020FF2B06D8034A0330D35C184020
:101E900002384342584170473DE80410F8B5050048
:101EA0000E001400002802D0436B002B55D0A3690C
:101EB000A3600C22A35E1A0723D52269002A20D032
:101EC000FF22F7B2164080229201616E134228D0A1
:101ED00011423FD0226823696169D31A99422ADDF1
:101EE0000133A1680139A160511C2160177062693A
:101EF0009A4229D0A389DB0701D50A2E24D03000CD
:101F0000F8BD2100280000F061FC002822D10C223D
:101F1000A35EFF22F7B2164080229201616E134247
:101F2000D6D113430A43A38162662369226861699B
:101F3000D31A9942D4DC21002800F8F7FDF90028D3
:101F400008D101232268CCE721002800F8F7F4F932
:101F50000028D4D001267642D1E7FCF7EDF9A6E7B8
:101F600003000020FF2B03D8024A0330D35C184043
:101F70007047C0463DE80410002370B5074D0400CB
:101F8000080011002B60C2F7E7F8431C00D070BDB9
:101F90002B68002BFBD02360F9E7C046A02E002061
:101FA00010B5C2F7D7F810BD10B5002102F0D0FD72
:101FB00010BDC046F0B5DE4657464E464546E0B534
:101FC00091B00600FAF79AFFD54904003000FBF7FC
:101FD00075FC071E00D123E1D24D2868002807D0E8
:101FE00001003800F7F714FC002800D139E1286817
:101FF000C0F756FF3800FDF761FA411C3000F9F7D1
:102000000BFA2860002802D03900FEF7BDFAC64B53
:10201000C64E1A00059300231360C54A00211360C1
:102020009046C44AE360326072604A22227291464E
:102030000022216262623022494623616361A3610A
:10204000A362A15400210022A164E2646363A3633C
:10205000E363236423653B783A2B00D108E13C2BF2
:1020600000D10AE10EAB3800B3492A1D9B4602F0AD
:102070007BFD002800DCF4E00E9BDA1E072A00D965
:10208000EFE0FA18FB5C91462D2B00D10BE1012209
:102090002B3B92465A4253419944002306AAD382CD
:1020A00013835B4603930CAB02935B469446019308
:1020B0001623A24F6344009339005B4648460BAA9F
:1020C00002F052FD002800DCCBE006ABDA8A1301F7
:1020D0009B1A06AA128B9B009B1806AA928A1101D2
:1020E000891A0A01521A12019B1852465A430E9B32
:1020F00007924A469A46D35CCA443C2B00D1F6E08C
:102100002A005B4650468C49103202F02DFD002813
:1021100000DC1DE10E9BDA1E072A00D9A1E0524621
:102120009946D35CD1442D2B00D1C2E001222B3B38
:1021300092465A4253419944002306AA9382D3827D
:1021400013830E935B4603930CAB02935B4694465A
:10215000019316236344009339005B4648460BAA5B
:1021600002F002FD002800DC07E106ABDA8A130169
:102170009B1A06AA128B9B009B1806AA928A110131
:10218000891A0A01521A12019B1852465A430892A0
:102190000E9B00224B449A4608239C46A444634667
:1021A00006925A465746AB46B24626001C00099294
:1021B0003D782C2D01D17D7801374D2D00D1E2E005
:1021C000442399464A2D02D10633994601370A2203
:1021D00038000FA9F7F758FF06ABD8830F9BBB4217
:1021E00000D1BDE04A460004000C2270E0601F00F0
:1021F000022206AB9A82002399464A4606ABDA824F
:102200001A830E923B782F2B00D1E9E0E1235B018A
:102210002361069B2834002B51D101230693C7E785
:10222000414B474A1860424BE06018603F4B2061C9
:102230006061A061002100201A605A604A233022A8
:10224000206261622372A762A354A064E1646763A1
:10225000A763E76327642765324C2068C0F720FE38
:10226000276011B0F0BCBB46B246A946A046F0BDFF
:102270007B7801373C2B00D0F4E67B1C9946314932
:102280000EAB48462A1D9B4602F06EFC0028E8DD96
:102290000E9BDA1E072AE4D84A46D25C02373E2A51
:1022A00000D1EEE6DDE72C3B9C46023B9A46E1443A
:1022B000F3E62C3B9C46023B9A46E1443CE7340063
:1022C0005D465646079B6068A362089B23652B1DED
:1022D00010353360756001F01DF8A26A059B1A6025
:1022E000236D9B1A5A1E934142461360B9E73B3B4C
:1022F000534499462A005B4648461249103202F080
:1023000033FC002820DD0E9BDA1E072AA9D84A4696
:10231000D25C3E2AA5D13C3A9446E244FFE6C04650
:102320004C8C04107C2E0020A82B0020A02600201E
:10233000AC2B00200C610410648C0410748C04100D
:1023400060820410508C041053465B783E2BDAD127
:10235000079B059A043535607560A362136080E7BA
:10236000069A002A60D030224D21B154253A72637A
:102370000A3AB2630022F26339E73C4A079B94466B
:102380006344089304E706AA94461A231E22634472
:1023900099466244099B02920DAA009238004A466F
:1023A00033490393019302F0DFFB032800D058E781
:1023B0004B461B885A1E0B2A00D952E706AA928B5D
:1023C000511E042900D94CE706A9C98B062900D95A
:1023D00047E725706360A260E1600E9BFF1807E786
:1023E0000CAA06A8844602921622099B6244009217
:1023F00038002049039301930BAA02F0B5FB002893
:102400001BDD06ABDA8A13019B1A06AA128B9B000E
:102410009B1806AA928A1101891A0A01521A1201FE
:102420009B180E9ABF18F3E64D3232724A3AF260A8
:10243000013A3261069A7261D9E64B4648464A2112
:102440000022F36033617361B361B0620023302016
:1024500031723262736231544946B264F36471631B
:10246000B163F16331643165FBE6C046F0F1FFFF13
:10247000888C04109C8C041010B50400FBF78AFFB4
:102480002000FFF797FDFBF787FF10BD08B410B5DC
:1024900004009DB0002A32DB822368469B008382C1
:1024A000002302911B930691002A13D0013A013BAD
:1024B000C382049220AB079220001F9A02A90193C5
:1024C00000F022FA431C01DA8B2323600022029BD6
:1024D0001A700FE001235B42C382049220AB079283
:1024E00020001F9A02A9019300F00EFA431C01DAA2
:1024F0008B2323601DB010BC08BC01B018478B2390
:10250000036001204042F5E70CB410B51E4B9CB0AF
:102510001C68002933DB82236A469B0093820023D8
:1025200002901B930690002913D00139013BD382FE
:1025300004911FAB079120001E9A02A9019300F09D
:10254000E3F9431C01DA8B2323600022029B1A70FB
:1025500010E001236A465B42D38204911FAB0791CE
:1025600020001E9A02A9019300F0CEF9431C01DA63
:102570008B2323601CB010BC08BC02B018478B230F
:10258000012023604042F5E71021002003000020D5
:10259000FF2B03D8024A0830D35C18407047C0466E
:1025A0003DE8041000207047F0B54546DE4657462A
:1025B0004E46E0B587B00D0003919846082105907E
:1025C000654801922B001C780135025D1142F9D15A
:1025D0002D2C00D188E0002204922B2C67D043469A
:1025E000002B0FD1302C00D183E0053302935B4BDD
:1025F0009A465B4B99460A23009300239B460A3375
:10260000984615E0102B00D185E04246009301204A
:102610004042C117DB179B46BFF77CFF424682460C
:1026200089465B4601204042C117BFF773FF029203
:1026300000220020002116E01C00A0451EDD531CD6
:102640000FD049453BD801D1504538D8504531D0FD
:10265000009A5B46C0F7F2FA2600E7178019794125
:1026600001222C7801352300303B092BE4D92300CB
:10267000413B192B26D8373CA045E0DC531C27D022
:10268000049B002B04D003000C0000215842A14100
:10269000019B002B04D0002A23D1019B039A1A60CE
:1026A00007B0F0BCBB46B246A946A046F0BD2C78A8
:1026B0009D1C94E74945CBD1029B9C42C8DD012279
:1026C0005242CEE72300613B192BD7D8573CB4E7E1
:1026D0002223059A01204042C1171360019B002B61
:1026E000DED06B1E0393D8E72C789D1C0123049346
:1026F00075E720222B789343582B1ED00723029393
:10270000083B9A46174B99460823009300239B46A3
:10271000083398468CE7302C0AD00F230293103BE5
:102720009A46114B99461023009300239B467FE75E
:1027300020222B789343582BEFD10F230293103B89
:102740009A46094B6C7899461023009300239B46C8
:102750001033984602356BE73DE804109999999932
:1027600099999919FFFFFF1FFFFFFF0F10B5FFF7A2
:102770001BFF10BD10B504001300034A10680A00C7
:102780002100FFF711FF10BD1021002010B504003B
:102790001300034A10680A002100FFF705FF10BD6F
:1027A0001021002070B50400080011001A00002359
:1027B000054D2B60C1F7D4FC431C00D070BD2B68C5
:1027C000002BFBD02360F9E7A02E0020314B70B521
:1027D000050018680C00002802D0426B002A4FD078
:1027E0000C22A35E1A071DD52269002A24D0D9071E
:1027F00008D50021A160616900204942A161002A39
:1028000008D070BD0021980700D461690020A16044
:10281000002AF6D11A06F4D540221343A3810120E1
:102820004042EEE7DA062ED55A0714D42269082171
:102830000B43A381002ADAD1A021802089008000E7
:1028400019408142D3D021002800FFF77DFA0C22E5
:10285000A35E2269CBE7216B00290AD02200403217
:10286000914204D02800F9F719F90C22A35E002246
:102870002263242293430022626022692260D6E709
:10288000FBF75AFDACE709222A6040221343A381DB
:10289000C5E7C0461021002003000020FF2B03D80D
:1028A000024AD05C682398437047C0463DE8041054
:1028B00003000020FF2B03D8024A2030D35C1840CD
:1028C0007047C0463DE8041070B5040008001100D0
:1028D0001A000023054D2B60C1F768FC431C00D093
:1028E00070BD2B68002BFBD02360F9E7A02E0020E1
:1028F000034B10B5002B02D00248FBF74FFF10BD71
:10290000000000000D0C0410F0B5DE4657464E46A0
:102910004546E0B5AFB00290019109938B8993468B
:102920001B0604D50B69002B01D100F06AFC1EAB1D
:102930009A46119300235646139312930C930693D1
:10294000D04B0B93D04B0D935B461B78002B4CD098
:102950005C4603E063780134002B27D0252BF9D1A6
:102960005B46E51A5C4525D12378002B3DD0631CDE
:102970009B4600230EAAD3710122524290460022A8
:102980004546100003925A466378013219002039F7
:1029900058293DD80B9C890061588F46039B0991AB
:1029A0005B420393042318431378EEE75B46E51A72
:1029B0005C451AD05B463360139B75605B191393BB
:1029C000129B01331293072B06DC0836069B9C46AC
:1029D000AC4463460693C7E70199029811AA02F036
:1029E0008BF8002806D15646F0E7139B002B01D048
:1029F00000F069FC019B9B895B0601D500F06FFC30
:102A000006982FB0F0BCBB46B246A946A046F0BD22
:102A100081469346002BE8D014AC237000230EAA05
:102A2000D3710133009307930023984608938421C0
:102A30004B4648460B400A93139A129B014205D11C
:102A4000039900980D1A002D00DDC3E20EA9C97983
:102A500000290CD00EA90731316001210133013268
:102A6000716013921293072B00DDDDE2083608999E
:102A700000290BD010A931600221013302327160AC
:102A800013921293072B00DDDAE208360A998029A7
:102A900000D1FEE1414607980D1A002D00DD2FE21E
:102AA000079901338C46624434607160139212932B
:102AB000072B00DD7AE208364B465B0705D5039B02
:102AC00000995C1A002C00DDC6E2039B00998B4242
:102AD00000DA0B0006998C469C4463460693002A54
:102AE00000D06EE20023564612932DE7303B0024BF
:102AF0001900A3001B195B00CC18137801321900D0
:102B000030390929F5D9039440E740231843137855
:102B10003BE7030093469B0600D425E3099B069AF6
:102B20001B681A60D2175A60099B043309930BE79C
:102B300013786C2B00D1AFE31021084325E7099BE4
:102B4000934604CB14AC22700993002201230EA9F2
:102B50008146CA710093079366E7102393460200EB
:102B60001A43A84613009A0600D4B9E20721099A2D
:102B7000012507328A43100006C8049105920022FD
:102B80000EA9CA7142460990002A00DABBE28022EF
:102B90001900914389460499059A0800104300D012
:102BA000DDE14246002A00D062E3002D00D0C5E2FC
:102BB00001221000184007901A4200D1C3E22723D7
:102BC000302114AAD1540EAB3F249C46009064449B
:102BD00002234A461A4008924A46134200D126E789
:102BE000009B023300930223089320E710239346AF
:102BF00002001A43A84613009A0600D486E2072171
:102C0000099A07328A43100006C804910592099078
:102C100000220EA9CA71424600259946002AB6DA5A
:102C20004B4654460727B1460093049A059B5E071E
:102C3000D5083900D8082E43030030001140A446BF
:102C40003031013C320021701843F0D100980492D9
:102C5000059302004E4665468146D20700D49BE1AB
:102C6000302900D198E13023013C2370534642467D
:102C7000023D5B1B07930092984500DA7FE22C002F
:102C8000A6E7C046D0EE041034F004102B230EA9A2
:102C9000CB71137879E6099908C90393002B00DA00
:102CA0007CE61378099170E60123184313786CE6EB
:102CB0000EA9C9791378002900D066E620310EAC40
:102CC000E17162E68023184313785EE61378541CA2
:102CD0002A2B00D108E319003039220000250929E8
:102CE00000D953E6AB005B195B005D181378013225
:102CF000190030390929F5D9002D00DB46E60125F8
:102D00006D4243E69346102302001A43A8469146BB
:102D10004B46099A9B0600D4D1E1072307329A4318
:102D200001339C46944463460993536812680593A3
:102D30000492002B15DB0EABDD794346002B22DB22
:102D400080234A469A439146049A059B11001943F1
:102D500019D14346002B00D0BCE2544600930793A0
:102D600028E00499059A00244B4294410493059469
:102D70002D230EAAD3714346002B03DB4A46802342
:102D80009A4391462D25049B059C002C60D1092B6C
:102D90005ED83033DBB2272214A98B54434600930C
:102DA000002B01DC01230093012307930EAB3F248A
:102DB0009C466444002D00D10AE7009B0133009338
:102DC00006E7A8460023099D934610CD0EAAD371AD
:102DD00081464346002C00D164E2002B00DAD1E1A9
:102DE000424600212000F5F7F7FA434607930028F2
:102DF00001D0031B0793079A0995D343DB171A40A9
:102E00000EABDB790092002B00D156E200239846EE
:102E1000D3E7202318431378B7E5099B934604CBE7
:102E2000010004920022A84605920232114389460D
:102E30000993C949C94B10AA11800C9300230EAA0B
:102E4000D3714346002B00DA8FE04B4602259EE605
:102E500054460096049E059F300039000A22002344
:102E6000BFF758FB013C30323B0022700F003200AC
:102E70000600002BF0D1092AEED8534642461B1B10
:102E8000049605970793009E0092984592DA009366
:102E900090E7039900980D1A002D00DCFAE5B04F79
:102EA000102D04DC1BE0103D0836102D17DDAD4958
:102EB0001032316010210133716013921293072B8D
:102EC000F1DD0199029811AA01F016FE002800D048
:102ED00090E5103D5646139A129B102DE7DC1037F3
:102EE000521901333760756013921293072B00DD7E
:102EF000C4E14146079808360D1A002D00DCCFE5E5
:102F0000102D00DCDDE110210D9F884603E0103D0F
:102F10000836102D17DD93491032316041460133D8
:102F2000716013921293072BF1DD0199029811AA97
:102F300001F0E2FD002800D05CE5103D5646139AF2
:102F4000129B102DE7DC1037521901333760756082
:102F500013921293072B00DDE4E00836A0E5012D63
:102F600000D1CCE1022D00D05AE6049A059B5446CC
:102F70000F20B4460C9F01001140795C1E07150913
:102F8000013C2E43217019090B0031003200194316
:102F9000F1D1664604920593534642461B1B0793A4
:102FA0000092984500DB13E6009311E60199029820
:102FB00011AA01F0A1FD002800D01BE55646139A86
:102FC0007AE50199029811AA01F096FD002800D136
:102FD00088E50FE5624F102D04DC1AE0103D08363D
:102FE000102D16DD102110320133376071601392FD
:102FF0001293072BF2DD0199029811AA01F07CFDD2
:10300000002800D0F6E4103D5646139A129B102D6E
:10301000E8DC521901333760756013921293072B65
:1030200000DD17E1083611E50199029811AA01F0B7
:1030300063FD002800D0DDE45646139A129B16E586
:103040000199029811AA01F057FD002800D0D1E49F
:103050005646139A129B19E51025129B404F102CCF
:1030600004DC19E0103C0836102C15DD1032013359
:103070003760756013921293072BF3DD0199029864
:1030800011AA01F039FD002800D0B3E4103C5646E7
:10309000139A129B102CE9DC12190133376074600B
:1030A00013921293072B00DC0FE50199029811AAE5
:1030B00001F022FD002800D09CE4139A05E508CA1F
:1030C00009924A46D20607D44A46520604D51BB294
:1030D0000493DB1705932CE60493DB17059328E68E
:1030E000099904C90991D90602D4590600D592B2AA
:1030F00004920022059200220EA9CA7142460125BF
:10310000002A00DB43E5994600253CE6099904C9FD
:103110000991D90602D4590600D592B20492002230
:10312000059275E50199029811AA01F0E5FC0028C5
:1031300000D05FE45646139A129BB1E40023544634
:103140000093079344E500235446009340E58146ED
:10315000A8469346DCE5C04630780000B08C0410E9
:1031600034F0041044F004100300DB0656D40300CE
:103170005B0653D5099B069A1B681A80D4E42C0081
:10318000009325E52000FCF799F9079033E6814686
:10319000A84693465B4A0C924A46920643D50721BD
:1031A000099A07328A43100006C8049105920990D3
:1031B0004A46D20700D441E60499059A0800104314
:1031C00000D13BE610AA30215370002311700EAAE3
:1031D000D3714346002B38DB80234A469A437E3B1B
:1031E0001A439146C1E6A84693460300BBE4A846AD
:1031F0009346030000E59346434A8146A8460C9255
:10320000CAE74021F8F708F9019B18601861002807
:1032100062D04023019A5361FFF789FB099B069A0C
:103220001B681A6080E4099904C909914946C906D6
:1032300007D44946490604D592B204920022059269
:10324000B6E7049200220592B2E74A4602231A43E7
:1032500091468AE60199029811AA01F04DFC0028D6
:1032600001D0FFF7C7FB5646139A129BFFF7EEFB00
:10327000012D00D076E6002530238CE501990298D7
:1032800011AA01F039FC002801D0FFF7B3FB564624
:10329000139A129BFFF7FEFB4C3B18430132137845
:1032A000FFF773FB0793062B01D906230793079BB0
:1032B000164C00930995FFF7B7FB98460893FFF764
:1032C000B6FB134F3FE60199029811AA01F014FCD6
:1032D000FFF790FB30235EE50C23029A1360012375
:1032E0005B420693FFF78CFB099920C9002D01DA98
:1032F00001256D42537809912200FFF746FB002516
:1033000041E5C04624820410B08C0410C48C041023
:1033100034F00410F0B5DE46454657464E46E0B55B
:1033200085B08046F9F7EAFD5F4B0400984500DC64
:10333000A4E04346642143605C4B5D484344DF00A6
:10334000FF18FF00FF18BB00FF185A4B49424344C7
:103350009B104044FF18BFF777F8C8213F18564824
:1033600049004044BFF770F8260058233F189A469A
:103370000836B946A3463700A2443B78FC684A2B7E
:1033800030D0442B4AD12000484400234B4AC11777
:10339000BFF754FC3B690093DB170193009B019C32
:1033A000C01861413B6A0293DB170393029B039CA5
:1033B000C0186141B861F9612837BA45DDD15C4672
:1033C000E26C636A01219A4208DD0120216005B0A8
:1033D000F0BCBB46B246A946A046F0BD9A425AD0C0
:1033E0000021F2E74B461E1943469B070BD164218F
:1033F0004046BFF729F8002905D001233B2C47DDC3
:10340000F618701EC1E7C82140464900BFF71CF8F6
:103410000029F6D101233B2CF2DC39E043469B071F
:103420002ED0C82140464900BFF70EF84B1E9941E7
:103430002F234D429D433035214BED187B68012BE6
:103440002FDD4E469B00043BEB1804CDB618AB4273
:10345000FBD11D000721301DBEF7F6FF641A00D511
:103460000734BA68013AD3009B1A2A681B199342A1
:1034700002DB073B9342FCDAF01886E70020A6E760
:1034800064214046BEF7E0FF30250029D4D1C8E7CB
:103490000023F618B5E7A26C236A9A4295D800215A
:1034A00093E74E46D6E7C046B10700004EF8FFFF4F
:1034B00093F8FFFF4FF8FFFFBFF9FFFF80510100B6
:1034C00070EE041030B50400101E0AD01500002064
:1034D00002E00130A84204D00B5C8200A350002B14
:1034E000F7D130BDF0B54E4645465746DE46E0B50D
:1034F00089B01F00179B16009846199B189D994686
:103500000023002F04DA802109067B181F002D23D9
:10351000149A13602023169A9A439346462A00D1A0
:1035200075E0452A4AD007AB049306AB0393159B7D
:1035300032000293129B0193022300933B0001F09F
:10354000A5FC169B0400672B1FD1139BDB071FD420
:10355000079B42461B1B1360002B0EDD4B46002BC6
:103560000BDD002301E0994507D0E15C9A00A950EA
:103570004246126801339A42F5DC280009B0F0BCDB
:10358000BB46B246A946A046F0BD169B472BDCD0F1
:10359000129B9A46A2440022002330003900BFF754
:1035A00019FA002830D1079B9A45D2D930215A1CEC
:1035B00007921970079B5345F9D3CAE7129B013351
:1035C0001293022307AA049206AA0392159A009363
:1035D0000292129A3B000192320001F057FC129BBA
:1035E00004009A465B468244462BD4D12378302B84
:1035F0000FD0159B1B689A4400220023300039002D
:10360000BFF7E8F90028CED053460793A1E703237C
:10361000D8E70022002330003900BFF7DBF900288B
:1036200003D0159B1B689A44EEE70123129A9B1A5C
:10363000159A9A441360DFE7F0B5DE4657464E46CA
:103640004546E0B5F1B0139300230C002393934655
:1036500008900991FEF7E6FA03681B782093A38986
:103660001B0604D52369002B01D100F0B0FE38AB56
:10367000279300230024299328930023169317945B
:10368000002319931B930E93C74B38AE1593C74B6A
:103690001A935B461B68002B45D05C4603E06368C9
:1036A0000434002B3AD0252BF9D15C4513D05B466E
:1036B000E51AAD105B463360299B75605B19299351
:1036C000289B01332893072B42DC08360E9B9C462F
:1036D000AC4463460E932368002B24D0231D9B46E5
:1036E00000231F93636800249A4601235B42994696
:1036F000002355460F934F465B4604332A00203A79
:10370000582A2ED8159992008A5897460F991392E5
:1037100049420F9104221D681443EEE75B46E51A07
:10372000AD10A345C6D1299B002B01D001F092F822
:10373000099B9A8940231340002B01D000F003FF1E
:103740000E9871B0F0BCBB46B246A946A046F0BD8B
:103750000999089827AA01F05BFA0028E8D138AE49
:10376000B4E7AA469B46002DDDD000231F9301330A
:1037700048950A93109348AD002399460B941193F2
:10378000189312930B9A842311001940299C1491C9
:10379000134205D10F9B0A9A9F1A002F00DDADE35B
:1037A0001F9B002B0CD01FAB336001237360289B41
:1037B0000134013329942893072B00DDD9E308361F
:1037C000129B002B0CD024AB336002237360289B28
:1037D0000234013329942893072B00DDBEE3083619
:1037E000149B802B00D1BBE24B46109A9F1A002FEE
:1037F00000DDEEE20B9BDB0500D558E2109B356047
:103800009C467360289B6444013329942893072BBA
:103810003CDC08360B9B5B0705D50F9B0A9A9D1A6B
:10382000002D00DDB0E30F9B0A9A934200DA1300EB
:103830000E9A94469C4463460E93002C00D0FAE204
:1038400000232893119B002B03D011990898F8F7B7
:1038500025F938AE1DE72800002130388A001D68A0
:103860005218520011182800303804330928F5D9AD
:103870000F9143E716000C004246641940320133B1
:103880003260756029942893072BC2DD0999089846
:1038900027AA01F0BDF9002800D0D4E2299C38AE57
:1038A000B8E707229B46139BAA46073393431900A8
:1038B0000CC9139111001A001691179201225B0096
:1038C0005B081D931C913A4B52421C981D99B946B6
:1038D000BFF7A3F8002801D000F0B4FC1C981D9994
:1038E0000122334B5242BFF783F8002801D000F089
:1038F000A9FC1698179900220023BFF773F8002837
:1039000001D000F02EFF1F9F5346472B01D900F036
:1039100043FE284D80239C437D3B0A930023119353
:103920000333109300230B94994618932EE1AA4673
:10393000B9469B46139AA30601D400F072FC0723F4
:1039400007329A4301339C46944463461393536869
:1039500012680D930C92002B01DA00F080FD4B46AB
:103960001F9F002B00DA45E3802322009A430B922D
:103970000C9A0D9B110019430B1E00D039E3013343
:103980004A46002A00D0CAE0002B01D000F014FC07
:1039900001331A002240109270AD234200D1ECE0B6
:1039A0002F336F936FADE8E054F00410B8F10410BA
:1039B000FFFFEF7F64A10410AA46B9469B46A30609
:1039C00001D500F098FC139B04CBE10602D46106FC
:1039D00000D592B20C920022139301230D9200277E
:1039E0004A461F97002A09DB8022210091430B9150
:1039F0000C990D9A08001043C2D00B9C012B00D1EA
:103A0000F8E2022B00D197E00723B44698465346CC
:103A1000BA4670AD0A940B930C9A0D9B5E07D408BE
:103A20004146D80826430300300011402F003031B2
:103A3000043D320029601843F0D10C920D930A9C8A
:103A40000B9A6646BC4657469246E20700D48FE082
:103A5000302900D18CE030226346043D083B2A60C7
:103A600070AAD21A92101D0010920B9485E09B460A
:103A7000139BAA4620CBB946984600231F93002DDE
:103A800001D100F065FD10231A0022401892234254
:103A900001D000F03CFC002F01DA00F092FE3A0069
:103AA00000212800F4F798FC002800D0471B272F9E
:103AB00001D900F041FF0023002F01D100F0A8FF41
:103AC000119348A80300E9192A78013504C38D42EF
:103AD000FAD10500BB001097C3180A9700221A609C
:103AE0004346139300231F9F99460B944EE02022D8
:103AF0001D68144301E69B46139B302004CB7821BC
:103B00000C92002213930D92D34B0232144376325F
:103B10001993B94602239246249025915FE700222B
:103B20000B9C012B01D100F002FF022B01D000F011
:103B30008CFE00230C920D930C980D990F22A44635
:103B4000B0460A97199F70AD130003409B00DB59E4
:103B50000E070409043D26432B600B0919003300AE
:103B600030000B43F0D1644646460C900D910A9FFD
:103B700070AB5B1B9B1010930B94109B0A934B45EF
:103B800001DA4B460A93002311931893002F02D0B9
:103B90000A9B01330A930B9A0223110019401291D8
:103BA000134200D1EEE50A9B02330A9302231293DB
:103BB000E8E5AA46139D9B4601CD0300E20601D429
:103BC00000F0B5FC4893002349931F9301331395EC
:103BD0000A93109348ADCFE508221D6814438CE585
:103BE000AA46B9469B46A30600D50EE3139B04CB19
:103BF000E10602D4610600D592B20C920022139322
:103C00000D920023EBE69B46A30600D4F2E2139B41
:103C10000E9A1B681A60D2175A60139B04331393D1
:103C200037E51D686C2D01D100F07BFC1022144398
:103C300063E540221D6814435FE52B221D681F9237
:103C40005BE5139A02CA0F91002900DA5EE51D6850
:103C5000139252E501221D6814434EE51F9A1D6818
:103C6000002A00D049E520321F9246E580221D68D7
:103C7000144342E5190020C92A2D01D100F0DCFED1
:103C8000280030380B000027092800D936E5BA0093
:103C90001D68D2195200171828003038043309283B
:103CA000F5D9002F00DB29E501277F4226E55346A1
:103CB000652B00D8D8E01698179900220023BEF78C
:103CC00089FE002800D1A5E1644B01343360012353
:103CD0007360289B299401332893072B01DD00F0A2
:103CE00014FC0836239D229BAB4203DB0B9BDB07B6
:103CF00000D48FE520AB336001237360289B01342F
:103D0000013329942893072B01DD00F039FC083694
:103D1000013D002D00DC7DE5514A289B9046102D89
:103D200000DCA9E5402242449146102704E0083611
:103D3000103D102D00DC9FE54A46103401333260FF
:103D4000776029942893072BF1DD0999089827AA11
:103D500000F05EFF002876D1299C289B38AEE7E76B
:103D60000F9B0A9A9F1A002F00DC3DE53C4A289BD6
:103D70009046102F04DC1AE0103F0836102F16DD95
:103D8000384A10343260102201337260299428932B
:103D9000072BF1DD0999089827AA00F039FF0028C0
:103DA00051D1103F299C289B38AE102FE8DC4246A9
:103DB000E419403201333260776029942893072B4D
:103DC00000DDD1E34B46109A08369F1A002F00DC25
:103DD00010E5289B102F01DC00F0C8FC1A9A9046D1
:103DE0001022914603E0103F0836102F16DD1D4AC1
:103DF000103432604A460133726029942893072BAD
:103E0000F1DD0999089827AA00F002FF00281AD1CD
:103E1000103F299C289B38AE102FE8DC4246E4195D
:103E2000403201333260776029942893072B00DDFC
:103E3000B6E10836DEE40999089827AA00F0E8FE02
:103E4000002800D1FCE4119B002B00D170E41199F3
:103E50000898F7F723FE6BE4E8A1041048A20410C9
:103E6000B8F10410F8F10410239B289F984608230A
:103E70009946434601340137B144012B00DC4CE143
:103E800001233560736029942897072F00DD97E19F
:103E90004A4620AB13600123013401375360299453
:103EA0002897072F00DD98E107339C46E1444346FD
:103EB000169817995E1E00220023BEF78BFD00287E
:103EC00000D043E14B4601370435A41960C329945F
:103ED0002897072F00DD2CE108239C46E1444A4641
:103EE0002AAB13601B9B01379C46644453602994A2
:103EF0002897072F00DDC9E44E468AE4D04A289B64
:103F00009046102F1EDD2200444603E0103F083685
:103F1000102F15DD102110320133346071602992A9
:103F20002893072BF2DD0999089827AA00F070FE64
:103F3000002888D1103F299A289B38AE102FE9DC41
:103F4000A04614004246E419013332607760299498
:103F50002893072B00DDCCE2083621E40999089864
:103F600027AA00F055FE002800D06CE7299C38AE47
:103F700036E40999089827AA00F04AFE002800D0E4
:103F800061E7299C38AE1BE4AD4A10279046289B78
:103F9000102D04DC1AE0103D0836102D16DD4246C7
:103FA000103401333260776029942893072BF2DDB7
:103FB0000999089827AA00F02BFE002800D042E7B4
:103FC000103D299C289B38AE102DE8DC4246641930
:103FD000013324C629942893072B00DC23E4099994
:103FE000089827AA00F014FE002800D02BE7299C8F
:103FF00019E40B9C0C9A0D9B002B00D03AE2092A85
:1040000000D937E20C9B0B9430336F9301236FADD3
:104010001093B2E52299002900DC44E2239B10931F
:104020009B0012939F10189B9F4200DD90E1002F90
:104030000BDD289BE41901333560776029942893C0
:10404000072B01DD00F083FC0836FB43DB171F4024
:10405000189BDF1B002F00DDC8E1189B109A9B0006
:104060009846229B9A4200DC76E120AA3260012227
:104070007260289A0134013229942892072A00DDBF
:10408000C8E308364146109AD31A129A571ABF103D
:104090009F4200DD1F00002F0CDD289A4544E419E3
:1040A00001323560776029942892072A01DD00F0FB
:1040B0005BFC0836FA43D2171740DD1B002D01DCEC
:1040C000FFF7A8FB5E4A289B9046102D01DCFFF706
:1040D000D3FB402242449146210032001027089C25
:1040E000099E05E00832103D102D01DCFFF7C2FBF0
:1040F0004846103101331060576029912893072BEF
:10410000F0DD3100200027AA00F082FD002800D059
:1041100099E62999289B38AAE5E701230B9A1342CF
:1041200000D0ADE63560736029942897072F00DC36
:10413000D5E60999089827AA00F06AFD002800D062
:1041400081E638AB9946299C289FC8E64346012B57
:1041500000DCC4E6112B01DC00F087FC384B102595
:104160009846402343449A464B4604E00833103EA9
:10417000102E00DCE6E25246103401371A605D6012
:1041800029942897072FF1DD0999089827AA00F0AC
:104190003FFD002800D056E6299C289F38ABE6E773
:1041A0000999089827AA00F033FD002800D04AE6B4
:1041B000299C38AEFFF71EFB002370AD1093DCE4A2
:1041C0000999089827AA00F023FD002800D03AE6B4
:1041D00038AB9946299C289F5AE60999089827AA3E
:1041E00000F016FD002800D02DE638AB9946299C3A
:1041F000289F5CE6E30600D524E1640600D421E1B3
:10420000139B0E9A1B681A8007E50722139B07333E
:10421000934319000CC90C920D9313910023FFF7DF
:10422000DEFB08CAE10600D512E1610600D40FE109
:104230001BB20C93DB170D931392FFF78CFBC04658
:10424000B8F104101698179902000B00BEF7E5FBB1
:10425000002800D0D2E34B46013300D19AE220235C
:1042600052469A43472A00D199E180235B002343B9
:104270001A000B932823079323AB059398465346C4
:10428000049322AB1093039321AB0A9302934B4602
:1042900048AF019200930898169A179B0697FFF76C
:1042A00021F9002305001193B84200D191E2229B2D
:1042B0005246189320239A43472A00D199E1534646
:1042C000662B00D0A1E101234A4623401343189AEC
:1042D000002A00DCF3E20A921092002B00D1FAE1EE
:1042E0004B469446013363441A001092D343DB17C4
:1042F0001A400A92EFE10722139B073393431900F8
:104300000CC90C920D9313910123FFF768FB002F4A
:1043100000DA4FE23A0000212800FAF72FFA119054
:10432000002800D150E3119B5B1B9B101093BB42F4
:1043300000DDBEE21F9F109AD343DB171A404346AD
:10434000139300230A9299460B94119318931DE43A
:104350001F1E00DD6DE678E60B9AD20700D491E6C9
:1043600083E69B46E14BAA46B9461993A30622D59C
:104370000722139B0733934319000CC90C920D932A
:1043800013910223E20701D4FFF729FB0C990D9A40
:104390000800104301D1FFF722FB3022249252463D
:1043A0001C432592FFF71BFB9B46D14BAA46B946FF
:1043B0001993A306DCD4139B04CBE1066ED46106EB
:1043C0006CD592B20C92002213930D92D9E7402142
:1043D0000898F7F721F8099B18601861002800D1A8
:1043E00049E34023099A5361FFF741F9C14A289BE9
:1043F0009046102F00DCC0E1402242449246102239
:1044000021009146089C32002E00099D04E00832EC
:10441000103F102F00DCADE15046106048461031CF
:104420000133506029912893072BF0DD29002000EB
:1044300027AA00F0EDFB002800D004E52999289B6D
:1044400038AAE5E7139B0E9A1B681A60FFF7E5FB95
:104450000C93DB170D93139201D4FFF780FA0C989D
:104460000D99002342428B412D270C920D9301237D
:10447000FFF7B6FA70AD0C980D990A220023BEF72B
:1044800049F80D9B3032043D2A600D910C9A0C9036
:10449000002BF0D1092AEED8FFF76AFB0C9200221C
:1044A00013930D926DE7944B0134336001237360D5
:1044B000289B299401332893072B00DD6DE10836F2
:1044C000002900D01EE101220B9B239913400B43CE
:1044D00001D1FFF79FF920AB3360289B601C0133AB
:1044E000726029902893072B00DDEFE1320008323B
:1044F0001AE10999089827AA00F08AFB002800D041
:10450000A1E4299C38AEFFF74BF90999089827AA2E
:1045100000F07EFB002800D095E4299C38AEFFF720
:10452000E1FB20225D6814430433FFF7E6F8F5F75A
:1045300045F80300421C01D0FFF744FB40220999D3
:104540008B8913438B8101235B420E93FFF7F8F8AD
:104550001097062F01D906231093109B674D0A93DD
:1045600043461393FFF708F90999089827AA00F022
:104570004FFB002800D066E4299C38AEFFF734F9E1
:104580000999089827AA00F043FB002800D05AE4B4
:10459000299C38AEFFF7BCFB594DFFF7BBF94B46E2
:1045A000002B00D061E680235B0023431A000B93AD
:1045B0002823079323AB059398465346049322ABD5
:1045C0001093039321AB0A930293012348AF019206
:1045D000009308980697169A179BFEF783FF05002D
:1045E000B84200D1F3E0229B1893002311930133CA
:1045F0009946189AD31C00DA19E1189B994500DBFB
:1046000084E102235B429C46E244189B013B9946AD
:1046100022934A4653462A932B23002A00DA0EE1BE
:104620002B934B46092B00DCAEE10A94A8464C467E
:10463000B14638AF20000A21BDF706FF3E003031F9
:10464000043F200039600A21BDF7FEFE250004006A
:10465000632DEFDC082203004546B046303352425A
:10466000043F42443B6038AB0A9C4E460A929A4251
:1046700000D3FDE116AA94468F23424663449B1A59
:104680009B089C465F1C2AABA84600221D00002107
:104690006346A4460A9CA818A45804328460080003
:1046A00001318342F6D164464546BF000837BB104E
:1046B0001B931B9A239B94469C4462461092012BA9
:1046C00000DC79E1109A0132D343DB1710921A40D3
:1046D00000230A921893219B002B00D111E12D2376
:1046E0001F9300239946FFF753FAC046A4A1041074
:1046F000E8A10410B8F1041048A204102CA2041080
:1047000074A1041020AB336001237360289B601CEC
:10471000013329902893072B00DDD7E032000832BF
:10472000002900DAA1E023990C18013315605160CB
:1047300029942893072B01DDFFF7A8F8083216000B
:10474000FFF768F8994643464A464033A4190137B3
:104750001360566029942897072F01DCFFF7BCFBF4
:10476000E7E42D232D271F93FFF7CEF8C74A904685
:10477000FFF754FB35000C0016004246E4194032A6
:1047800001333260776029942893072B00DDABE07A
:10479000083662E40623994667E50999089827AA2E
:1047A00000F036FA002801D0FFF74DFB299C229932
:1047B00038AE85E62800F8F7BBFB1F9F020010907B
:1047C000BAE52800FAF77AFE0700FFF770F901232F
:1047D0009946239D282D6EDD0898A900F6F71CFE4A
:1047E0001190002800D14AE1119B0795069343469A
:1047F000059353460493109B089803930A9B0293D6
:104800000B9B01934B460093169A179BFEF76AFE8B
:1048100005004CE50999089827AA00F0F9F9002845
:1048200001D0FFF710FB229B299C38AE2AE402231B
:104830005B429C46531EE244229353462A93012333
:10484000189A9B1A99462D23EAE600230C920D93A1
:10485000FFF7DAF8099C27AA2100089800F0D8F998
:104860004023A2891340FEF767FF4F42103100DB5F
:10487000B6E0864910260C008846403404E0083231
:10488000103F102F00DCADE0103001331460566093
:1048900029902893072BF2DD0999089827AA00F0A0
:1048A000B7F9002801D0FFF7CEFA2998289B38AA3B
:1048B000E6E710973EE500233D001193F7E4002B57
:1048C00000D0AFE001230A93109304E709990898F8
:1048D00027AA00F09DF9002801D0FFF7B4FA229929
:1048E0002998289B38AA1BE70999089827AA00F05D
:1048F0008FF9002801D0FFF7A6FA299C38AEFFF700
:10490000ACFB00231F9F9946FFF740F9239A189BA1
:10491000934241DBE40700D581E0189AD3431100AC
:10492000DB17194067230A919A461092D3E60023B9
:104930000C920D93FFF766FB791C08988900F6F737
:104940006BFD002800D19AE01190FFF7BBF80999A0
:10495000089827AA00F05CF9002801D0FFF773FA45
:10496000299C38AEFFF771FB0999089827AA00F037
:104970004FF9002801D0FFF766FA229B109A299C74
:10498000D31A38AEFFF796FB30232C934B463033C7
:104990002D9304231B938CE618990123002908DD2D
:1049A0009A18D343DB1710921A4067230A929A464B
:1049B00091E601335B1AF3E70123190021401891B6
:1049C000234200D07EE691E44B4642460A93109380
:1049D00000231F9F994613920B941893FFF7D6F864
:1049E0002A4988464146C019403101331160576059
:1049F00029902893072B2ADC083294E6179B002B7A
:104A000016DB1F9F5346472B0FD8214DFEF782FF21
:104A100048AD0A93109311932B00FFF75FF8189B92
:104A20005A1CBEE74A4602325FE41A4DFEF772FF97
:104A30002D232D271F93E5E7139A80CA002F01DA53
:104A400001277F425D6813920B00FEF756FE09991D
:104A5000089827AA00F0DCF8002801D0FFF7F3F946
:104A600029982399289B38AA5EE6084B98466AE65F
:104A700002231B931DE60C23089A136063E5402371
:104A800009998A8913438B815DE5C046B8F104100A
:104A900084A1041094A1041003000020FF2B06D869
:104AA000034A0330D35C18400138434258417047F1
:104AB0003DE8041070B504000D00FDF7EDFE002880
:104AC00000D170BD29002000FDF760FD4342584130
:104AD000F7E7C046002370B5064C050008002360C8
:104AE000BFF76AFB431C00D070BD2368002BFBD0CE
:104AF0002B60F9E7A02E0020F0B5C646150014681B
:104B0000926880460F0000B5002A04D119E0130016
:104B10000834002B15D06B685E1E6E60002B10DD14
:104B20006668002EF3D0330039004046226800F05A
:104B30009BF8431C06D0AA680834921B131EAA6077
:104B4000E9D100200023AB606B6080BCB846F0BDAB
:104B500003000020FF2B03D8024A1030D35C18401A
:104B60007047C0463DE804100EB470B581239DB077
:104B70006A46002521AC9B0040CC93821B95029095
:104B80000690FAF79BFC0B4B6A460A9301235B42A3
:104B9000D382094B039007903200186802A92300C2
:104BA0000E9513950194FAF7A5FD1DB070BC08BCD5
:104BB00003B0184761D40310102100200CB4F0B5E5
:104BC00081239DB06A46002622AC05009B000800A8
:104BD00080CC9382029106911B96FAF76FFC0B4BE7
:104BE0006A460A9301235B4203900790D382280010
:104BF00023003A0002A90E9613960194FAF77AFD63
:104C00001DB0F0BC08BC02B01847C04661D4031008
:104C1000F0B5C64615001468926880460F0000B5CE
:104C2000002A04D119E013000834002B15D06B685A
:104C30005E1E6E60002B10DD6668002EF3D0B300A0
:104C400039004046226800F00FF8431C06D0AA68DD
:104C50000834921B131EAA60E9D100200023AB6028
:104C60006B6080BCB846F0BDF0B546464F46D646B0
:104C7000C0B58E6880460C0091461D0008689E42B3
:104C800039D80C228B5E9022D200134210D135000D
:104C90002A004946F5F71AFC0020A3689B1BA36075
:104CA00023685B192360E0BCBA46B146A846F0BD54
:104CB0000969421A9246606942001218D70FBF185C
:104CC000681C7F1050443A00B84201D90700020026
:104CD0005B0512D511004046F6F79EFB061E1FD05D
:104CE00052462169BEF7FAF8A389124A134080227E
:104CF0001343A38106E01E00CAE74046F8F752FEC0
:104D0000061E09D03000534650446761FF1A2661E1
:104D100020602E00A760BBE740462169F6F7BEFE83
:104D20000C234246136040220120A38940421343D2
:104D3000A381B8E77FFBFFFFF0B54546DE46574647
:104D40004E46E0B503690D6985B080460A000191C1
:104D5000AB4200DA98E00700013D1432AB00143793
:104D6000D618FB1803931B6802929A463368504684
:104D7000013319009946BDF78FFB0400CA4543D3A0
:104D8000029A002394462A0060461D00B4461E0085
:104D90003B00B946924627001C0004C81104090CC8
:104DA0007943120C7A4389190B0CD2182368090431
:104DB0009B461B04090C1B0C5B1A5946160C12046B
:104DC0005B19090C120C8A1A191452181B041514B9
:104DD0001B0C1204134308C48445DED2039A3C0022
:104DE000136866464F465546002B0DD11300043B11
:104DF0009F4204D306E0043B013D9F4202D21A6861
:104E0000002AF8D043461D6140460199FCF72EFC6C
:104E1000002826DB00239C46230039006446B9465F
:104E2000AA469C46029820C80A682F0413041B0C4B
:104E30003F0CDB1B1B19120C2C0C121B1C1412191F
:104E40001B0414141B0C1204134308C18642EAD23B
:104E500055464F46AB00FB181A686446002A0CD032
:104E60000134200005B0F0BCBB46B246A946A046BE
:104E7000F0BD1A68002A03D1013D043B9F42F8D3DC
:104E8000434601341D61ECE70020EBE7F0B54E46E8
:104E90004546DE4657461400E0B51D00816B9FB0C5
:104EA000814604940595002909D00123C26B9340E3
:104EB0004A608B60FCF7E4F800234A4693632E00B7
:104EC0000023002D03DA6E007608059601332B9A35
:104ED00013603200D64B1A409A4200D196E1049AF0
:104EE000059B100019000022002306900791BDF7D2
:104EF00071FD002812D001232A9A13602C9B002BED
:104F000002D0CC4B2C9A1360CB4B039303981FB069
:104F1000F0BCBB46B246A946A046F0BD1CAB01930F
:104F20001DAB00934846069A079BFCF713FD330D13
:104F3000834600D0A6E11D9B1C9F9846BF4BB844FA
:104F40004344202B00DC62E34022D31A9E40BC4B3A
:104F500030004344DC402043BDF76CFD464601234E
:104F6000B84C013E09190E930022B74BBDF7CFFC98
:104F7000B64AB74BBDF7EFFCB64AB74BBDF7CCFC12
:104F8000040030000D00BDF759FDB44AB44BBDF725
:104F9000E2FC02000B0020002900BDF7BDFC04006C
:104FA0000D00BDF763FD002282460023200029008A
:104FB000BDF718FD00280BD05046BDF73FFD2B0074
:104FC0002200BDF707FD4342584153461B1A9A463B
:104FD000BF1B7B1E98465346162B00D9D0E206987D
:104FE000079952469F4BD2009B181A685B68BDF721
:104FF000F9FC002800D15AE101235B429C460023C2
:10500000E2441093002309934346002B04DA012362
:10501000DB1B0993002398465346002B00DB4DE130
:105020005246099B0A929B1A099353420C93002300
:105030009A46289B092B00D949E1052B00DCC5E2E3
:10504000043B00242893032B01D100F06DFC01DC0C
:1050500000F059FC289B042B01D000F008FC012330
:105060000B93299B002B01DC00F05AFC1D001193CF
:10507000089301220423172D01DC00F007FC5B00DC
:105080001800143011000132A842F8D94B46D963F8
:105090004846FBF7CDFF0390002801D100F0B5FE94
:1050A0004B46039A9A63089B0E2B00D97CE0002C98
:1050B0007AD00A98002801DC00F019FD0F210200C7
:1050C000684B0A40D2009B1806111C685D68C30536
:1050D00001D500F00AFC069A079B12921393022353
:1050E0000D93002E12D0604F012333420AD00D9B46
:1050F0002000013329000D933A687B68BDF72BFC33
:1051000004000D0076100837002EEDD11298139987
:1051100022002B00BDF705FC06000F00109B002BA2
:1051200009D0002230003900504BBDF75BFC00284D
:1051300001D000F0FCFB0D98BDF780FC32003B0075
:10514000BDF709FC00224A4BBDF7E6FB494A0B00BC
:10515000944663441290139113930A9B1A93089BED
:105160000D93002B01D000F009FC00223000390023
:10517000414BBDF7CCFB129E139F32003B00040055
:105180000D00BDF745FC002801D000F0DAFD8020BD
:1051900000068446390061440B00320020002900DB
:1051A000BDF720FC00282AD11D9B002B00DAFDE072
:1051B0000A9A0E2A00DDF9E00A9A2A4BD2009B18BF
:1051C0005C681B6804930594299B002B00DB8DE031
:1051D000089B002B00DD89E0089B002B0FD1049871
:1051E00005990022244BBDF7B6FB02000B00069880
:1051F0000799BDF7FDFB002801D100F0A2FD0023B7
:105200000024039E0693299BDD43E9E21B4B2A9A67
:105210003603360B1360264342D12C9B002B01D161
:1052200000F0E2FD164B039308332C9A13606DE6F1
:105230000000F07FBD7D0410BC7D0410320400002E
:1052400012040000000010FE0000F83F61436F638D
:10525000A787D23FB3C8608B288AC63FFB799F508F
:105260001344D33FA8ED041080ED04100000F03F7C
:1052700000001C400000C0FC000014400F2700008C
:10528000CC8C0410069C079D20002A03CA4C120BEC
:105290001443CA4A21009E1800231C9F0E9363E604
:1052A0002C9B002B00D0D8E2C54B03932EE6002F99
:1052B00001DC00F053FC00231093099353460A933A
:1052C00000230C93289BD044092B00D8B5E601227B
:1052D000002301240B92023A289308922993002379
:1052E0004A46D363089B00211193D1E6039B013307
:1052F0001293049A059B069C079D20002900BDF788
:1053000010FBBDF7B3FB0600BDF798FB049A059BA5
:10531000BDF721FB02000B0020002900BDF7F7FAC2
:105320003300039A30331370089B129F012B01D175
:1053300000F01DFC01239846531E9A464346B8468A
:105340001F0021E0049A059B20002900BDF7E9FA1F
:10535000BDF78CFB0600BDF771FB049A059BBDF7FA
:10536000FAFA02000B0020002900BDF7D0FA012351
:105370009C463300524630330137D355089BE044F6
:10538000BB4201D100F0F2FB00228E4BBDF7E3FAE5
:105390000022002304000D00BDF71CFB0028D1D023
:1053A00047460A9B3E0001330993BFE00B9A002A4F
:1053B00000D0EAE0002300240C9E099D0B93002DF1
:1053C0000DD04346002B0ADD2B00454500DD6FE282
:1053D000099AED1AD21A09924246D31A98460C9BA2
:1053E000002B0CD00B9B002B03D0002E01D000F023
:1053F00005FC594648460C9AFCF752F883460121B1
:105400004846FBF747FF53460690002B00D00DE2BD
:10541000289B012B00DC98E001231F22110043444C
:1054200019401A4200D1AEE020235B1A042B00DCA5
:1054300017E21C235B1A099AED1894469C446246B5
:1054400098440992099B002B05DD59461A004846ED
:10545000FCF78EF883464346002B05DD424648465E
:105460000699FCF785F80690109B002B00D0C1E14F
:10547000089B002B00DC97E10B9B002B00D0D8E0B1
:105480000A9B013309930125039B2F005E1E069B97
:10549000A2465D4634009846089E07E02900002396
:1054A0000A224846FBF7F6FD050001374146280071
:1054B000FFF742FC3030E055BE42EFDC089BAB46C4
:1054C000070054460125002B00DDEFE1039B9C46BD
:1054D00000239A466544594601224846FCF748F89D
:1054E00006998346FCF7C2F8002800DCD3E1039A52
:1054F00002E0AA4200D1F3E22E00013D2B78392BC5
:10550000F7D001332B7048460699FBF7B9FD002C04
:105510000CD05346002B05D0A24503D05146484637
:10552000FBF7AEFD21004846FBF7AAFD5946484669
:10553000FBF7A6FD0023099A33702A9B1A602C9B67
:10554000002B00D1E2E41E60E0E4049B002B00D0BD
:1055500062E70499059A1300120300D05CE71A4928
:1055600000220B4206D0099B01320133099301232B
:105570009C46E04453469246002B00D14CE760E144
:10558000012310933EE51C2355E7289A012A00DCED
:1055900096E2089B0C9A5E1EB24200DA8AE1961BE4
:1055A000099AD51A002B00DA90E19C46099AE0444A
:1055B00015006244099289E10000F03F01FCFFFF01
:1055C000D88C0410000024400000F07F289B0124A8
:1055D000032B00D1A8E100DD3CE5022B01D100F056
:1055E00010FC00244B4621004846DC63FBF720FDFD
:1055F0000390A04201D100F008FC4B46039A299485
:105600009A6301230B93023B11930893CCE520226C
:105610002000D31A98409FE4002321000A22484624
:10562000FBF738FD119B04000A96002B00DCCEE34B
:105630000893002D05DD21002A004846FBF798FF5E
:1056400004005346A046002B00D0C1E2089A039BF9
:1056500094469A46013B9C4463460993012357466E
:105660005E46C246049A1A400C92069D30002900FC
:10567000FFF762FB302203009446210063440B9045
:1056800030009B46FBF7F2FF290080465246484611
:10569000FCF70AF8C3680500002B34D10100300084
:1056A000FBF7E4FF290008904846FBF7E9FC089B5C
:1056B000289A134359D10C9B002B00D145E3434654
:1056C000002B00DA4CE35B463B70099B7D1CBB4220
:1056D00000D114E3310000230A224846FBF7DAFC2C
:1056E000002306000A2221004846544537D0FBF724
:1056F000D1FC5146040000230A224846FBF7CAFCAD
:105700002F008246B1E7454601004846D046BA46DA
:105710005F46B346FBF7B4FC002D06DB0123049A79
:105720001340289A15432B4330D15946012248464D
:10573000FBF71EFF06998346FBF798FF002800DC65
:10574000E7E0392F00D1EFE20B9F313753465E1C63
:105750001F700A9BA246013344460993D3E6FBF728
:1057600099FC2F00040082467FE74346002B00DAB5
:105770003EE3289A13430C9A134300D138E3089B65
:10578000002BA0DDD046BA465F46B346392F00D184
:10579000CAE253465E1C0A9B013701330993534604
:1057A000A2461F704446AEE6289B022B00DC63E64F
:1057B000089B039E002B00D025E50699052248464C
:1057C000FBF768FC010006905846FBF74FFF0028E6
:1057D00000DC18E53123039A0A9D561C137001352D
:1057E00048460699FBF74CFC6B1C0993002C00D033
:1057F00098E69BE658460699FBF738FF002800DB41
:1058000036E60A9B59460A2248465E1E0023FBF7ED
:1058100041FC0B9B8346002B00D0FDE6119B002B27
:1058200000DCC7E20A9A089309922CE6010052466E
:105830004846FBF735FE289B0690012B4CDD0023E4
:105840009A46069A9446136903339B00634458684A
:10585000FBF7CCFC20231B1ADFE5D44B0393033367
:10586000E3E4042B00D1EDE53C235B1AE3E50523DB
:105870002893043B0B930A9A299B94466344119303
:1058800001331D1E089301DDFFF7F3FB00214B469A
:10589000D963FFF7FDFB002802D1FF0700D526E6FC
:1058A0002E00013D2B78302BFAD02CE61D000DE6A2
:1058B00043468DE50C9B0C96F31A9A44089B0026F0
:1058C0009C46099AE0441500624409920121484629
:1058D000FBF7E0FC040072E5049B002BAFD10499B8
:1058E000059A13001203AAD139E6B14B0E401A6A89
:1058F0005B6A06980799BDF714F803231290139179
:105900000D93FFF7EEFB0223289300230B93FFF781
:10591000A8FB002800D019E7FB0700D511E715E721
:10592000012308932993DAE400230B93A3E7089B50
:10593000002B00D119E2119C002C00DC34E40A9BFE
:105940000022013B300039001A939A4BBDF703F84F
:1059500006000F000D980130BDF770F832003B00D3
:10596000BCF7F9FF0022944BBCF7D6FF934A0B001B
:1059700094466344129013910D94139339003000B0
:10598000BDF774F8129B139C8D49169317948C469F
:105990000D9C1B91631EDB00634419685A681490C8
:1059A00018911992BDF74AF802000B003000390037
:1059B000BCF7ADFF039E149B04000B98771C30339B
:1059C000DEB20D00189A199B1297002800D12EE123
:1059D00000207C49BCF7A5FF169A179BBCF797FFE0
:1059E000039B22001E702B0014901591BDF710F838
:1059F000002800D0D0E1002352469A46434618932F
:105A00005B461692BB46149E159F129334E0012309
:105A10009C460D9BE2449A4500DBC3E10022300026
:105A20003900644BBCF797FF0022624B06000F0061
:105A300020002900BCF78FFF0D000400BDF716F809
:105A40008046BCF7FBFF02000B0020002900BCF7DA
:105A50005EFF01239C4643460D0004005146039A15
:105A600030335354200032003B002900E344BCF79C
:105A7000B9FF002800D08CE122002B000020524901
:105A8000BCF745FF32003B00BCF7ACFF0028BED09E
:105A9000129B5F469B46012294461A9B039A6344DD
:105AA000984602E0BA4200D139E13E00013F3B781E
:105AB000392BF7D00133DBB23B704346099335E510
:105AC0000E9A002A00D116E1404A94466344099A8E
:105AD000984494469C44634615000C9E0993F5E651
:105AE0003123039A1370099B013309930BE50A9B39
:105AF000002B00D10DE1069807990F225C4222404D
:105B00002F4BD2009B181A685B68BCF724FF241146
:105B100012901391002C00D160E1022206000F00C8
:105B20000023234D0D92012222420BD00D9B300009
:105B3000013339000D932A686B68BCF70CFF012311
:105B400006000F0064100835002CECD1002B01D0AA
:105B5000FFF7E4FA129E139FFFF7E0FA0123DB1B25
:105B60000993002398461093FFF7A8FB47460200CD
:105B70000B00BCF7D1FE0A9B040001339846099341
:105B8000049A059B0D00BCF743FF002809D1049A35
:105B9000059B20002900BCF71DFF002803D0F60755
:105BA00001D5039A81E73E00C0E4C046D88C0410BA
:105BB00080ED04100000244000001C400000C0FCE8
:105BC000A8ED04100000E03F0000F03F33040000A7
:105BD00048466168FBF72CFA051E00D11CE1210044
:105BE00022690C31023292000C30BDF777F90122A4
:105BF00029004846FBF7BCFC804627E5210032001F
:105C00004846FBF74DFC5A46010004004846FBF7A6
:105C100071FB070059464846FBF732FA0C9BBB461E
:105C20009B1B0C9301D1FFF7EAFBFFF7E2FB1698F1
:105C30001799BCF790FE0D9B0E900F9103991A00D7
:105C40008C4662440E700B923E00012B1BD000224A
:105C5000744B20002900BCF77EFE0D000400BCF749
:105C600005FF0700BCF7EAFE0B0002002900200038
:105C7000BCF74DFE30370B9B3770013604000D002A
:105C8000B342E4D11F000E980F990022664BBCF777
:105C900043FE22002B00BCF7A5FE002800D0FAE648
:105CA0000E9A0F9B00206049BCF731FE22002B00AA
:105CB000BCF7AEFE002814D11D9B002B01DAFFF7C4
:105CC00079FB0A9B0E2B01DDFFF774FB1B9A0A9BE5
:105CD0009446DB0063445C681B6804930594FFF7FB
:105CE00008FB3E00013F3B78302BFAD01A9B013372
:105CF0000993FFF71BFC36231C9A9B1AE7E6D04654
:105D00000A9B5F460133A246B34644460993FFF718
:105D1000E2FB0223069E079F0D93FFF7FFF9012286
:105D200094463123E044C7E6534652465D1C39236E
:105D300013700A9BA24601334446039A0993FFF766
:105D4000DBFB00230024069344E54546D046BA46D3
:105D50005F46B346392FE7D0002D00DDF4E4F5E4CB
:105D6000D046BA465F46B346F0E40D98BCF766FEEF
:105D700032003B00BCF7EFFD00222C4BBCF7CCFD02
:105D80002B4A0B0094466344129013911393FFF730
:105D9000ECF9129B5F469B461A9B3E000133099328
:105DA000FFF7C4FB169B9A46189B9846129B9B468E
:105DB000FFF7FAF9289B022B05DC0A9B0993119B3C
:105DC0000893FFF760FB119B0A960893F0E4119B80
:105DD0000893289B022B00DDEAE42AE40223129EAA
:105DE000139F0D93FFF79AF9124B0393FFF78EF869
:105DF000089BD046BA465F46B346002B00DD94E4CC
:105E0000A4E400230B93FFF72CF9B02100220A4BE6
:105E10000A48FF31BEF7DAF90022074B0748084964
:105E2000BEF7D4F9000024400000E03F00001C4011
:105E30000000C0FCCC8C041000840410DC8C041026
:105E4000EF020000F8B5C04601B40248844601BC28
:105E5000604700BFB31C002001B40248844601BC67
:105E6000604700BF4901002001B40248844601BCDC
:105E7000604700BF1505002001B40248844601BCFC
:105E8000604700BFC503002001B40248844601BC3E
:105E9000604700BF6D0D002001B40248844601BC7C
:105EA000604700BF5D11002001B40248844601BC78
:105EB000604700BF651C002001B40248844601BC55
:105EC000604700BF7502002001B40248844601BC4F
:105ED000604700BFF110002001B40248844601BCB5
:105EE000604700BFAD1C002001B40248844601BCDD
:105EF000604700BF6D0D002001B40248844601BC1C
:105F0000604700BFC100002001B40248844601BCC4
:105F1000604700BF5918002001B40248844601BC04
:105F2000604700BFC901002001B40248844601BC9B
:105F3000604700BF3102002001B40248844601BC22
:105F4000604700BFED10002001B40248844601BC48
:105F5000604700BF8903002001B40248844601BCA9
:105F6000604700BF8D1C002001B40248844601BC7C
:105F7000604700BF5503002001B40248844601BCBD
:105F8000604700BFA50A002001B40248844601BC56
:105F9000604700BF0111002001B40248844601BCE3
:105FA000604700BF8918002001B40248844601BC44
:105FB000604700BF0504002001B40248844601BCCC
:105FC000604700BF4D0A002001B40248844601BC6E
:105FD000604700BF2918002001B40248844601BC74
:105FE000604700BF590A002001B40248844601BC42
:105FF000604700BF5109002001B40248844601BC3B
:10600000604700BF8901002001B40248844601BCFA
:10601000604700BF7D09002001B40248844601BCEE
:10602000604700BF0106002001B40248844601BC5D
:10603000604700BFFD00002001B40248844601BC57
:10604000604700BF991C002079220010A522001093
:1060500039240010C12E0010392B00109D2D001086
:106060006D230010C1220010E1220010F522001063
:10607000E9120010FD220010FD1B00106522001027
:10608000A50B0010F1280410C99D0010754D0010DB
:10609000FD0200107D8B00103D69011061E80110C8
:1060A0003593021059460310994F0310E97C0310F1
:0460B000817F0310D9
:1060B8006661696C656420746F20696E69746961D2
:1060C8006C6973650000000043616C6962726174F9
:1060D800696E6720746865204D505536303530201C
:1060E8006D6F64756C652E2E2E6B656570206974F6
:1060F800206C6576656C20616E64207374696C6CC5
:106108002E2E2E0A000000006158203D20000000BD
:1061180067206159203D20006720615A203D2000FA
:1061280067206758203D2000647073206759203D20
:106138002000000064707320675A203D2000000092
:10614800647073004D5055363035302057484F5FD6
:10615800414D5F493A203078253032580A00000016
:106168004D505536303530206E6F7420666F756E21
:1061780064210000696E646578203E3D2030202649
:106188002620696E646578203C2073697A65282921
:1061980000000000636F6E73746578707220456943
:1061A80067656E3A3A44656E7365436F65666673F4
:1061B800426173653C446572697665642C20313EA2
:1061C8003A3A5363616C61722620456967656E3A95
:1061D8003A44656E7365436F6566667342617365BD
:1061E8003C446572697665642C20313E3A3A6F709A
:1061F800657261746F72282928456967656E3A3A35
:10620800496E64657829205B7769746820446572F3
:1062180069766564203D20456967656E3A3A4D6147
:10622800747269783C666C6F61742C20332C203151
:106238003E3B205363616C6172203D20666C6F6148
:10624800743B20456967656E3A3A496E6465782003
:106258003D20696E745D00002F686F6D652F6E6F4D
:106268006F62696E76656E746F722F44726F7062BA
:106278006F782F70692D7069636F2D64726F6E650A
:106288002F6669726D776172652F696E636C7564CC
:10629800652F456967656E2F7372632F436F72654B
:1062A8002F44656E7365436F6566667342617365F7
:1062B8002E68000021656E61626C6564207C7C201C
:1062C8006972715F6861735F68616E646C6572287A
:1062D800494F5F4952515F42414E4B3029000000FF
:1062E8002F686F6D652F6E6F6F62696E76656E745D
:1062F8006F722F7069636F2D73646B2F7372632FC6
:106308007270325F636F6D6D6F6E2F686172647744
:106318006172655F6770696F2F6770696F2E6300C0
:1063280021287261775F6972715F6D61736B5B675A
:1063380065745F636F72655F6E756D28295D2026D1
:10634800206770696F5F6D61736B29007261775F99
:106358006972715F6D61736B5B6765745F636F72A0
:10636800655F6E756D28295D2026206770696F5FEF
:106378006D61736B000000006D616E75666163741A
:1063880075726572203D3D204D414E55464143543E
:10639800555245525F525049000000002F686F6DFA
:1063A800652F6E6F6F62696E76656E746F722F708F
:1063B80069636F2D73646B2F7372632F7270323041
:1063C80034302F7069636F5F706C6174666F726DC3
:1063D8002F706C6174666F726D2E630070617274D9
:1063E800203D3D20504152545F5250320000000081
:1063F8000A2A2A2A2050414E4943202A2A2A0A00DA
:1064080068775F69735F636C61696D656428626949
:1064180074732C206269745F696E64657829000062
:106428002F686F6D652F6E6F6F62696E76656E741B
:106438006F722F7069636F2D73646B2F7372632F84
:10644800636F6D6D6F6E2F68617264776172655FDF
:10645800636C61696D2F636C61696D2E6300000068
:106468004E6F207370696E6C6F636B732061726519
:1064780020617661696C61626C6500003078316317
:10648800203D3D20282A696E7374293E3E313175BE
:10649800000000002F686F6D652F6E6F6F62696E68
:1064A80076656E746F722F7069636F2D73646B2FCE
:1064B8007372632F7270325F636F6D6D6F6E2F68CA
:1064C800617264776172655F6972712F6972712E8A
:1064D8006300000064656C7461203E3D202D3230FD
:1064E80034382026262064656C7461203C3D2032B7
:1064F80030343620262620212864656C74612026D5
:1065080020312900212864656C7461203E3E2031C9
:106518003175290063757272656E74203D3D205F88
:106528005F756E68616E646C65645F757365725FD4
:10653800697271207C7C2063757272656E74203D6F
:106548003D2068616E646C65720000006972715F5D
:1065580068616E646C65725F636861696E5F6672BC
:1065680065655F736C6F745F68656164203E3D208C
:1065780030000000767461626C655F68616E646CFF
:106588006572203D3D205F5F756E68616E646C6565
:10659800645F757365725F6972710000212828282D
:1065A8002875696E747074725F742972656D6F7680
:1065B800655F7468756D625F62697428767461627C
:1065C8006C655F68616E646C65722929202D2028CE
:1065D8002875696E747074725F74296972715F6866
:1065E800616E646C65725F636861696E5F736C6F1E
:1065F8007473292920252073697A656F6628737456
:1066080072756374206972715F68616E646C65721B
:106618005F636861696E5F736C6F7429290000009D
:1066280021657863657074696F6E207C7C2065785D
:1066380063657074696F6E203D3D206E756D202B0B
:1066480020565441424C455F46495253545F495283
:106658005100000066616C736500000069735F7328
:1066680068617265645F6972715F7261775F6861A2
:106678006E646C657228736C6F745F68616E646CAD
:1066880065722900657863657074696F6E00000033
:10669800666F756E640000004E6F2075736572201A
:1066A800495251732061726520617661696C61623B
:1066B8006C65000031203D3D202875696E7470744A
:1066C800725F74296C2D3E7370696E5F6C6F636BBB
:1066D800000000002F686F6D652F6E6F6F62696E26
:1066E80076656E746F722F7069636F2D73646B2F8C
:1066F8007372632F636F6D6D6F6E2F7069636F5F59
:1067080073796E632F6D757465782E6300000000D1
:10671800746F74616C0000006D74782D3E636F7245
:10672800652E7370696E5F6C6F636B006C6F636B63
:106738005F69735F6F776E65725F69645F76616CBE
:106748006964286D74782D3E6F776E657229000034
:106758006D74782D3E656E7465725F636F756E74C7
:1067680000000000706F6F6C2D3E74696D65725F7C
:10677800616C61726D5F6E756D203D3D2074696D51
:1067880065725F616C61726D5F6E756D000000000F
:106798002F686F6D652F6E6F6F62696E76656E74A8
:1067A8006F722F7069636F2D73646B2F7372632F11
:1067B800636F6D6D6F6E2F7069636F5F74696D6560
:1067C8002F74696D652E630064656661756C745F0E
:1067D800616C61726D5F706F6F6C5F696E6974690F
:1067E800616C697A6564282900000000706F6F6C1D
:1067F800735B74615F74696D65725F6E756D287027
:106808006F6F6C2D3E74696D6572295D5B706F6F7B
:106818006C2D3E74696D65725F616C61726D5F6E3F
:10682800756D5D203D3D20706F6F6C00417474651F
:106838006D7074656420746F20736C656570206971
:106848006E73696465206F6620616E206578636584
:106858007074696F6E2068616E646C65723B207538
:10686800736520627573795F776169742069662042
:10687800796F75206D75737400000000486172644B
:106888007761726520616C61726D20256420616C8E
:10689800726561647920636C61696D6564000000EC
:1068A8004E6F20616C61726D7320617661696C61F5
:1068B800626C650076636F5F66726571203E3D208D
:1068C8005049434F5F504C4C5F56434F5F4D494EC4
:1068D8005F465245515F485A2026262076636F5FEF
:1068E80066726571203C3D205049434F5F504C4CC7
:1068F8005F56434F5F4D41585F465245515F485A76
:10690800000000002F686F6D652F6E6F6F62696EF3
:1069180076656E746F722F7069636F2D73646B2F59
:106928007372632F7270325F636F6D6D6F6E2F6855
:10693800617264776172655F706C6C2F706C6C2E1D
:10694800630000006662646976203E3D203136208F
:106958002626206662646976203C3D20333230006A
:1069680028706F73745F64697631203E3D20312052
:10697800262620706F73745F64697631203C3D2051
:1069880037292026262028706F73745F6469763251
:10699800203E3D203120262620706F73745F646985
:1069A8007632203C3D203729000000007265665F82
:1069B80066726571203C3D202876636F5F6672655C
:1069C80071202F20313629006D697373696E672035
:1069D800646F75626C652066756E6374696F6E00AE
:1069E8002A282875696E74385F74202A292828286F
:1069F800766F6964202A29726F6D5F7461626C65B5
:106A08005F666C6F6174292D322929202A20342071
:106A18003E3D2053465F5441424C455F56325F53DA
:106A2800495A45002F686F6D652F6E6F6F62696EEA
:106A380076656E746F722F7069636F2D73646B2F38
:106A48007372632F7270325F636F6D6D6F6E2F702C
:106A580069636F5F646F75626C652F646F75626CD4
:106A6800655F696E69745F726F6D5F727032303422
:106A7800302E63002A282875696E74385F74202ABE
:106A880029726F6D5F7461626C652D3229202A202E
:106A980034203E3D2053465F5441424C455F5632B8
:106AA8005F53495A450000002F686F6D652F6E6F60
:106AB8006F62696E76656E746F722F7069636F2D81
:106AC80073646B2F7372632F7270325F636F6D6DB7
:106AD8006F6E2F7069636F5F666C6F61742F666C81
:106AE8006F61745F696E69745F726F6D5F72703227
:106AF8003034302E630000004F7574206F66206DAF
:106B0800656D6F727900000044656275670000006A
:106B1800626F6F74325F7732357130383000000041
:106B2800322E322E300000007069636F5F770000EC
:106B380070692D7069636F2D64726F6E652D66695B
:106B4800726D776172652D76302E3100417072203A
:106B58003330203230323600666E692B0000000078
:106B6800666E69006E616E00666E692D0000000039
:106B78002C2066756E6374696F6E3A200000000001
:106B8800617373657274696F6E20222573222066A3
:106B980061696C65643A2066696C652022257322F8
:106BA8002C206C696E65202564257325730A000006
:106BB8005541525420737464696E00005541525413
:106BC800207374646F757400554152542073746453
:106BD800696E202F207374646F7574002F686F6D51
:106BE800652F6E6F6F62696E76656E746F722F7047
:106BF80069636F2D73646B2F7372632F7270325FCA
:106C0800636F6D6D6F6E2F7069636F5F7374646906
:106C18006F5F7573622F737464696F5F7573622E2B
:106C28006300000055534220737464696E202F205E
:106C38007374646F75740000526173706265727268
:106C480079205069000000005069636F000000005F
:106C5800426F6172642043444300000052657365CB
:106C6800740000006C656E203E2030002F686F6D48
:106C7800652F6E6F6F62696E76656E746F722F70B6
:106C880069636F2D73646B2F7372632F7270325F39
:106C9800636F6D6D6F6E2F7069636F5F756E69716D
:106CA80075655F69642F756E697175655F69642EB6
:106CB80063000000636F6E6E6563745F696E746570
:106CC800726E616C5F666C6173685F66756E632077
:106CD800262620666C6173685F657869745F7869D9
:106CE800705F66756E6320262620666C6173685F28
:106CF800666C7573685F63616368655F66756E630C
:106D080020262620666C6173685F656E7465725F05
:106D1800636D645F7869705F66756E63000000007C
:106D28002F686F6D652F6E6F6F62696E76656E7412
:106D38006F722F7069636F2D73646B2F7372632F7B
:106D48007270325F636F6D6D6F6E2F6861726477FA
:106D58006172655F666C6173682F666C6173682E1B
:106D680063000000666C6173685F6F666673202B52
:106D780020636F756E74203C3D205049434F5F4639
:106D88004C4153485F53495A455F42595445530053
:106D9800636F6E6E6563745F696E7465726E616C45
:106DA8005F666C6173685F66756E63202626206671
:106DB8006C6173685F657869745F7869705F667520
:106DC8006E6320262620666C6173685F72616E6749
:106DD800655F65726173655F66756E632026262040
:106DE800666C6173685F666C7573685F636163681E
:106DF800655F66756E630000636F6E6E6563745FD2
:106E0800696E7465726E616C5F666C6173685F66EB
:106E1800756E6320262620666C6173685F657869E5
:106E2800745F7869705F66756E6320262620666CCD
:106E38006173685F72616E67655F70726F677261B8
:106E48006D5F66756E6320262620666C6173685FC9
:106E5800666C7573685F63616368655F66756E63AA
:106E680000000000636F6E6E6563745F696E746521
:106E7800726E616C5F666C6173685F66756E6320C5
:106E8800262620666C6173685F657869745F786927
:106E9800705F66756E6320262620666C6173685F76
:106EA800666C7573685F63616368655F66756E635A
:106EB800000000006E6578745F6275666665725FD3
:106EC800707472203C207573625F647072616D2DFE
:106ED8003E6570785F64617461202B2073697A6500
:106EE8006F66287573625F647072616D2D3E6570A0
:106EF800785F6461746129002F686F6D652F6E6F0C
:106F08006F62696E76656E746F722F7069636F2D2C
:106F180073646B2F6C69622F74696E797573622F55
:106F28007372632F706F727461626C652F72617314
:106F380070626572727970692F7270323034302FD6
:106F48006463645F7270323034302E630000000076
:106F5800556E68616E646C656420495251203078C2
:106F680025780A007268706F7274203D3D203000E9
:106F780021286275665F6374726C2026205553421F
:106F88005F4255465F4354524C5F46554C4C29006E
:106F98002F686F6D652F6E6F6F62696E76656E74A0
:106FA8006F722F7069636F2D73646B2F6C69622F1A
:106FB80074696E797573622F7372632F706F727450
:106FC80061626C652F726173706265727279706943
:106FD8002F7270323034302F7270323034305F7527
:106FE80073622E63000000006275665F6374726CE2
:106FF8002026205553425F4255465F4354524C5F0A
:1070080046554C4C00000000657020253032582051
:1070180077617320616C726561647920617661695A
:107028006C61626C6500000043616E277420636FB9
:107038006E74696E75652078666572206F6E20695A
:107048006E6163746976652065702025303258005A
:107058005741524E3A207374617274696E67206E9C
:107068006577207472616E73666572206F6E206139
:107078006C726561647920616374697665206570F6
:1070880020253032580D0A0025732025643A204106
:107098005353455254204641494C45440D0A00007B
:1070A8007364615F74785F686F6C645F636F756E3B
:1070B80074203C3D206C636E74202D20320000004B
:1070C8002F686F6D652F6E6F6F62696E76656E746F
:1070D8006F722F7069636F2D73646B2F7372632FD8
:1070E8007270325F636F6D6D6F6E2F686172647757
:1070F8006172655F6932632F6932632E6300000035
:1071080070726F6772616D2D3E6C656E6774682072
:107118003C3D2050494F5F494E53545255435449C2
:107128004F4E5F434F554E54000000002F686F6D5F
:10713800652F6E6F6F62696E76656E746F722F70F1
:1071480069636F2D73646B2F7372632F7270325F74
:10715800636F6D6D6F6E2F68617264776172655FC2
:1071680070696F2F70696F2E6300000070726F670F
:1071780072616D5F6D61736B203D3D20285F757393
:1071880065645F696E737472756374696F6E5F733B
:10719800706163655B70696F5F6765745F696E6472
:1071A80065782870696F295D20262070726F677274
:1071B800616D5F6D61736B2900000000636F6E7411
:1071C800657874203D3D2063797734335F61737946
:1071D8006E635F636F6E7465787400002F686F6DFF
:1071E800652F6E6F6F62696E76656E746F722F7041
:1071F80069636F2D73646B2F7372632F7270325FC4
:10720800636F6D6D6F6E2F7069636F5F637977342D
:10721800335F6472697665722F63797734335F649C
:1072280072697665722E6300776F726B6572203DA6
:107238003D2026736C6565705F74696D656F757444
:107248005F776F726B6572006765745F636F7265F5
:107258005F6E756D2829203D3D206173796E635FEF
:10726800636F6E746578745F636F72655F6E756D5A
:107278002863797734335F6173796E635F636F6E08
:10728800746578742900000073656C662D3E636F21
:1072980072652E636F72655F6E756D203D3D206768
:1072A80065745F636F72655F6E756D2829000000F5
:1072B8002F686F6D652F6E6F6F62696E76656E747D
:1072C8006F722F7069636F2D73646B2F7372632FE6
:1072D8007270325F636F6D6D6F6E2F7069636F5F71
:1072E8006173796E635F636F6E746578742F617311
:1072F800796E635F636F6E746578745F74687265C6
:107308006164736166655F6261636B67726F756EF6
:10731800642E63007265637572736976655F6D7557
:107328007465785F6F776E6572282673656C662D55
:107338003E6C6F636B5F6D757465782920213D2005
:107348006C6F636B5F6765745F63616C6C65725FBC
:107358006F776E65725F6964282900006765745FDE
:10736800636F72655F6E756D2829203D3D207365DA
:107378006C662D3E636F72652E636F72655F6E7506
:107388006D0000006765745F636F72655F6E756D91
:107398002829203D3D2073656C665F626173652D09
:1073A8003E636F72655F6E756D000000696E64659F
:1073B80078203C20636F756E745F6F6628617379FF
:1073C8006E635F636F6E74657874735F62795F75FF
:1073D8007365725F697271290000000073656C66DD
:1073E8002D3E636F72652E636F72655F6E756D20DB
:1073F8003D3D20616C61726D5F706F6F6C5F636F94
:1074080072655F6E756D2873656C662D3E616C6183
:10741800726D5F706F6F6C29000000002169735FE7
:1074280061745F7468655F656E645F6F665F7469D9
:107438006D65286561726C696573742900000000C8
:107448002F686F6D652F6E6F6F62696E76656E74EB
:107458006F722F7069636F2D73646B2F7372632F54
:107468007270325F636F6D6D6F6E2F7069636F5FDF
:107478006173796E635F636F6E746578742F61737F
:10748800796E635F636F6E746578745F626173654C
:107498002E6300002820282075696E74385F7420D8
:1074A8002A202920282070784974657261746F72C7
:1074B8002029203E3D202628207563486561705BA1
:1074C8002030205D20292029202626202820282039
:1074D80075696E74385F74202A20292028207078F6
:1074E8004974657261746F722029203C3D202628FA
:1074F800207563486561705B20283132382A313045
:10750800323429202D2031205D2029202900000037
:107518002F686F6D652F6E6F6F62696E76656E741A
:107528006F722F44726F70626F782F70692D706957
:10753800636F2D64726F6E652F6669726D77617205
:10754800652F696E636C7564652F46726565525464
:107558004F532D4B65726E656C2F706F727461623C
:107568006C652F4D656D4D616E672F686561705F45
:10757800342E63002820282075696E74385F7420C3
:107588002A20292028207078426C6F636B202920DC
:107598003E3D202628207563486561705B203020B9
:1075A8005D20292029202626202820282075696E7C
:1075B80074385F74202A20292028207078426C6F44
:1075C800636B2029203C3D2026282075634865618F
:1075D800705B20283132382A3130323429202D206E
:1075E80031205D20292029002820282075696E7403
:1075F800385F74202A2029202820707652657475F7
:10760800726E2029203E3D2026282075634865613A
:10761800705B2030205D2029202920262620282064
:10762800282075696E74385F74202A202920282044
:10763800707652657475726E2029203C3D2026288C
:10764800207563486561705B20283132382A3130F3
:10765800323429202D2031205D20292029000000E6
:10766800282028207078426C6F636B2D3E78426C1E
:107678006F636B53697A652029203C20282078574E
:10768800616E74656453697A6520292029203D3D1F
:107698002030000028202820282073697A655F742C
:1076A80020292070784E6577426C6F636B4C696E49
:1076B8006B202920262028203078303030372029A8
:1076C8002029203D3D2030002820282028207369CB
:1076D8007A655F74202920707652657475726E2001
:1076E80029202620282073697A655F74202920289C
:1076F8002030783030303720292029203D3D203077
:107708000000000070785969656C645370696E4CAC
:107718006F636B5B206765745F636F72655F6E751F
:107728006D2829205D203D3D202828766F6964203A
:107738002A293029000000002F686F6D652F6E6FB1
:107748006F62696E76656E746F722F44726F7062C5
:107758006F782F70692D7069636F2D64726F6E6515
:107768002F6669726D776172652F696E636C7564D7
:10777800652F4672656552544F532D4B65726E6581
:107788006C2F706F727461626C652F5468697264D3
:1077980050617274792F4743432F5250323034303E
:1077A8002F706F72742E630078436F72654944209E
:1077B800213D202820696E742029206765745F6345
:1077C8006F72655F6E756D28290000002128207B87
:1077D8002075696E7433325F7420756C495053524A
:1077E8003B205F5F61736D20766F6C6174696C65B7
:1077F800202820226D72732025302C2049505352A6
:1078080022203A20223D7222202820756C495053AC
:107818005220293A3A293B202820282075696E747D
:10782800385F74202920756C495053522029203E16
:1078380020303B207D20290070784C6F636B2D3EF3
:107848007370696E5F6C6F636B00000078457665D6
:107858006E7447726F7570002F686F6D652F6E6F4D
:107868006F62696E76656E746F722F44726F7062A4
:107878006F782F70692D7069636F2D64726F6E65F4
:107888002F6669726D776172652F696E636C7564B6
:10789800652F4672656552544F532D4B65726E6560
:1078A8006C2F6576656E745F67726F7570732E6383
:1078B800000000002820757842697473546F57617E
:1078C8006974466F722026202820282075696E74F6
:1078D80033325F742029203078666630303030309B
:1078E800305520292029203D3D20300075784269F7
:1078F8007473546F57616974466F7220213D20304C
:10790800000000002128202820785461736B476507
:10791800745363686564756C657253746174652823
:1079280029203D3D20282028204261736554797024
:10793800655F742029203020292029202626202828
:1079480020785469636B73546F5761697420213DC3
:107958002030202920290000282075784269747376
:10796800546F5365742026202820282075696E746A
:1079780033325F74202920307866663030303030FA
:10798800305520292029203D3D2030007078517540
:10799800657565536574436F6E7461696E657200D1
:1079A8002F686F6D652F6E6F6F62696E76656E7486
:1079B8006F722F44726F70626F782F70692D7069C3
:1079C800636F2D64726F6E652F6669726D77617271
:1079D800652F696E636C7564652F467265655254D0
:1079E8004F532D4B65726E656C2F71756575652EDD
:1079F8006300000070785175657565536574436F51
:107A08006E7461696E65722D3E75784D657373612C
:107A180067657357616974696E67203C2070785197
:107A280075657565536574436F6E7461696E6572CB
:107A38002D3E75784C656E67746800002820635485
:107A4800784C6F636B202920213D2028202820694D
:107A58006E74385F742029203132372029000000E5
:107A680070785175657565007852657475726E2009
:107A7800213D2028202820282042617365547970F0
:107A8800655F7420292030202920290021282028FA
:107A98002070764974656D546F5175657565203D24
:107AA8003D202828766F6964202A2930292029203A
:107AB8002626202820707851756575652D3E7578C5
:107AC8004974656D53697A6520213D202820554207
:107AD800617365547970655F7420292030552029B9
:107AE80020290000212820282078436F7079506FC2
:107AF800736974696F6E203D3D20282028204261FB
:107B08007365547970655F742029203220292029F3
:107B1800202626202820707851756575652D3E75BC
:107B2800784C656E67746820213D20312029202912
:107B380000000000785461736B0000002F686F6DBF
:107B4800652F6E6F6F62696E76656E746F722F4403
:107B5800726F70626F782F70692D7069636F2D6412
:107B6800726F6E652F6669726D776172652F696EC7
:107B7800636C7564652F4672656552544F532D4B7F
:107B880065726E656C2F7461736B732E63000000F1
:107B980028207578437269746963616C4E657374E3
:107BA800696E67735B206765745F636F72655F6E8C
:107BB800756D2829205D2029203E203055000000C1
:107BC800756C4C6F636B4E756D203C203200000065
:107BD8002F686F6D652F6E6F6F62696E76656E7454
:107BE8006F722F44726F70626F782F70692D706991
:107BF800636F2D64726F6E652F6669726D7761723F
:107C0800652F696E636C7564652F4672656552549D
:107C18004F532D4B65726E656C2F706F7274616275
:107C28006C652F546869726450617274792F474388
:107C3800432F5250323034302F696E636C7564654F
:107C48002F706F72746D6163726F2E680000000090
:107C5800756C4C6F636B426974203C203235367505
:107C6800000000007563526563757273696F6E4337
:107C78006F756E7442794C6F636B5B20756C4C6FDB
:107C8800636B4E756D205D20213D203235357500C2
:107C98007563526563757273696F6E436F756E7441
:107CA80042794C6F636B5B20756C4C6F636B4E75E0
:107CB8006D205D203D3D20300000000028207563C8
:107CC8004F776E65644279436F72655B20756C43CC
:107CD8006F72654E756D205D202620756C4C6F6344
:107CE8006B426974202920213D203000756352655C
:107CF80063757273696F6E436F756E7442794C6FFA
:107D0800636B5B20756C4C6F636B4E756D205D20EB
:107D1800213D203000000000707854686973544396
:107D2800422D3E785461736B52756E53746174655D
:107D3800203D3D20282028204261736554797065D4
:107D48005F7420292028202D3220292029000000B6
:107D58007078546869735443422D3E785461736B4C
:107D680052756E537461746520213D2028202820A7
:107D780042617365547970655F7420292028202D2D
:107D88003220292029000000282075784372697460
:107D98006963616C4E657374696E67735B206765B0
:107DA800745F636F72655F6E756D2829205D202989
:107DB800203D3D20300000002820282028202820B1
:107DC800707844656C617965645461736B4C697350
:107DD8007420292D3E75784E756D6265724F66491F
:107DE80074656D73203D3D202820554261736554AC
:107DF8007970655F74202920302029203F202820B1
:107E0800282042617365547970655F742029203198
:107E18002029203A2028202820426173655479704F
:107E2800655F74202920302029202920290000009E
:107E38007078556E626C6F636B65645443420000E2
:107E480070784576656E744C697374007578536301
:107E5800686564756C657253757370656E64656486
:107E680020213D2028205542617365547970655F53
:107E780074202920305500007078544342203D3D3D
:107E880020785461736B47657443757272656E74BC
:107E98005461736B48616E646C65282900000000AA
:107EA80070785443422D3E75784D757465786573C6
:107EB80048656C64000000007578536368656475F4
:107EC8006C657253757370656E64656420213D201E
:107ED800305500007472756500000000EFBBBF00EC
:107EE800756E696E697469616C697A6564205F5F33
:107EF800616E795F737472696E670000626173699D
:107F0800635F737472696E673A3A5F535F636F6E4B
:107F1800737472756374206E756C6C206E6F742048
:107F280076616C696400000063616E6E6F74206333
:107F38007265617465207368696D20666F7220755B
:107F48006E6B6E6F776E206C6F63616C653A3A6624
:107F5800616365740000000025733A205F5F706FED
:107F6800732028776869636820697320257A7529E2
:107F7800203E20746869732D3E73697A652829202C
:107F880028776869636820697320257A7529000055
:107F980062617369635F737472696E673A3A636F9B
:107FA8007079000062617369635F737472696E67E8
:107FB8003A3A5F535F637265617465006261736921
:107FC800635F737472696E673A3A5F4D5F7265708A
:107FD8006C6163655F6175780000000062617369B8
:107FE800635F737472696E673A3A61737369676E37
:107FF8000000000062617369635F737472696E6781
:108008003A3A617070656E640000000062617369DD
:10801800635F737472696E673A3A726573697A65F9
:108028000000000073706163650000007072696E83
:1080380074000000636E74726C00000075707065E7
:10804800720000006C6F776572000000616C7068E8
:1080580061000000646967697400000070756E63F0
:10806800740000007864696769740000616C6E755B
:108078006D000000677261706800000062617369DA
:10808800635F737472696E673A20636F6E7374729C
:10809800756374696F6E2066726F6D206E756C6C97
:1080A800206973206E6F742076616C69640000002B
:1080B80062617369635F737472696E673A3A657275
:1080C80061736500252E2A4C66000000256D2F255A
:1080D800642F25790000000025483A254D0000004E
:1080E80025483A254D3A255300000000626173691E
:1080F800635F696F733A3A636C65617200000000F0
:1081080062617369635F737472696E673A3A5F4D4F
:108118005F6372656174650062617369635F73743C
:1081280072696E673A3A5F4D5F7265706C6163653C
:10813800000000007374643A3A6261645F616C6CB9
:108148006F6300007374643A3A6261645F617272CB
:1081580061795F6E65775F6C656E677468000000B3
:108168007374643A3A6261645F6361737400000017
:10817800474C49424358585F54554E41424C455329
:10818800000000006F626A5F73697A650000000092
:108198006F626A5F636F756E74000000676C696276
:1081A8006378782E65685F706F6F6C007374643ADB
:1081B8003A657863657074696F6E00007374643A29
:1081C8003A6261645F657863657074696F6E000018
:1081D800254C66006C6F63616C653A3A666163654D
:1081E800743A3A5F535F6372656174655F635F6C8D
:1081F8006F63616C65206E616D65206E6F742076AB
:10820800616C6964000000002D2B785830313233DE
:1082180034353637383961626364656630313233F4
:10822800343536373839414243444546000000006A
:108238002D2B78583031323334353637383961623E
:108248006364656641424344454600002D3031323F
:108258003334353637383900474D540048535400C5
:10826800414B535400000000505354004D535400E8
:108278004353540045535400415354004E53540043
:108288004345540049535400454554004A5354004B
:10829800414D0000504D000025493A254D3A2553DF
:1082A8002025700053756E64617900004D6F6E640F
:1082B8006179000054756573646179005765646E6F
:1082C800657364617900000054687572736461793C
:1082D800000000004672696461790000536174759A
:1082E800726461790000000053756E004D6F6E0076
:1082F80054756500576564005468750046726900D6
:10830800536174004A616E756172790046656272E4
:1083180075617279000000004D61726368000000A9
:10832800417072696C0000004D6179004A756E6594
:10833800000000004A756C790000000041756775FF
:108348007374000053657074656D62657200000097
:108358004F63746F626572004E6F76656D62657209
:1083680000000000446563656D62657200000000EE
:108378004A616E00466562004D617200417072008C
:108388004A756E004A756C00417567005365700048
:108398004F6374004E6F7600446563003A20000016
:1083A800696F73747265616D00000000696F7374A2
:1083B8007265616D206572726F720000556E6B6E2A
:1083C8006F776E206572726F7200000067656E6568
:1083D8007269630073797374656D00002E00000084
:1083E8006E660000696E697479000000616E0000B5
:1083F800504F53495800000042616C6C6F63207302
:108408007563636565646564000000002E2E2F2E79
:108418002E2F2E2E2F2E2E2F2E2E2F2E2E2F6E65F8
:10842800776C69622F6C6962632F7374646C69621C
:108438002F6764746F612D6765746865782E6300B3
:108448002573252E2A640000257325302E2A640002
:108458002B0000002D000000252E326400000000D3
:1084680025326400252E32642F252E32642F252EC6
:1084780032640000256C7500592D256D2D2564008A
:108488002E2A7500252E336400000000252E316445
:1084980000000000252E32643A252E3264000000C8
:1084A800256C6C6400000000252E32643A252E32BB
:1084B800643A252E3264000025652D25622D25009D
:1084C80059000000252B30336C64252E326C640073
:1084D80065256C6400000000256120256220256563
:1084E8002025483A254D3A255320255900000000FB
:1084F80025612025622025652025483A254D3A2505
:108508005320255A202559006D640000626C616E65
:108518006B00000053756363657373004E6F7420BE
:108528006F776E65720000004E6F20737563682068
:1085380066696C65206F72206469726563746F7216
:10854800790000004E6F20737563682070726F6346
:1085580065737300496E7465727275707465642012
:1085680073797374656D2063616C6C00492F4F20BB
:108578006572726F720000004E6F20737563682019
:10858800646576696365206F7220616464726573DF
:1085980073000000417267206C69737420746F6FF8
:1085A800206C6F6E670000004578656320666F7207
:1085B8006D6174206572726F72000000536F636B97
:1085C800657420616C726561647920636F6E6E6595
:1085D80063746564000000004261642066696C652C
:1085E800206E756D626572004E6F206368696C64F9
:1085F80072656E0044657374696E6174696F6E208C
:1086080061646472657373207265717569726564FB
:10861800000000004E6F206D6F72652070726F63EE
:1086280065737365730000004E6F7420656E6F7517
:108638006768207370616365000000005065726DA3
:10864800697373696F6E2064656E69656400000004
:10865800426164206164647265737300446576697D
:108668006365206F72207265736F7572636520622F
:108678007573790046696C65206578697374730051
:1086880043726F73732D646576696365206C696ED8
:108698006B0000004E6F207375636820646576690F
:1086A800636500004E6F74206120646972656374AD
:1086B8006F727900486F737420697320646F776EE6
:1086C80000000000436F6E6E656374696F6E206111
:1086D8006C726561647920696E2070726F6772656B
:1086E8007373000049732061206469726563746F55
:1086F80072790000496E76616C69642061726775F1
:108708006D656E74000000004E6574776F726B20A3
:10871800696E74657266616365206973206E6F7433
:1087280020636F6E6669677572656400436F6E6E6D
:10873800656374696F6E2061626F7274656420622C
:1087480079206E6574776F726B000000546F6F202C
:108758006D616E79206F70656E2066696C65732037
:10876800696E2073797374656D00000046696C65E5
:108778002064657363726970746F722076616C75BA
:108788006520746F6F206C61726765004E6F74208E
:1087980061206368617261637465722064657669DB
:1087A80063650000546578742066696C652062759D
:1087B8007379000046696C6520746F6F206C617274
:1087C80067650000486F737420697320756E726561
:1087D80061636861626C65004E6F207370616365E8
:1087E800206C656674206F6E206465766963650029
:1087F8004E6F7420737570706F727465640000003A
:10880800496C6C6567616C207365656B00000000DE
:10881800526561642D6F6E6C792066696C65207392
:10882800797374656D000000546F6F206D616E7907
:10883800206C696E6B73000042726F6B656E2070FE
:10884800697065004D617468656D61746963732052
:10885800617267756D656E74206F7574206F662020
:10886800646F6D61696E206F662066756E637469EA
:108878006F6E0000526573756C7420746F6F206C96
:1088880061726765000000004E6F206D657373614B
:108898006765206F66206465736972656420747902
:1088A800706500004964656E746966696572207256
:1088B800656D6F7665640000496C6C6567616C2056
:1088C800627974652073657175656E636500000073
:1088D800446561646C6F636B000000004E657477DB
:1088E8006F726B20697320756E726561636861626F
:1088F8006C6500004E6F206C6F636B004E6F7420C8
:10890800612073747265616D0000000053747265B4
:10891800616D20696F63746C2074696D656F75741F
:10892800000000004E6F2073747265616D207265DF
:10893800736F7572636573005669727475616C2024
:108948006369726375697420697320676F6E650067
:1089580050726F746F636F6C206572726F72000073
:10896800556E6B6E6F776E2070726F746F636F6C7D
:10897800000000004D756C7469686F702061747434
:10898800656D707465640000426164206D65737381
:108998006167650046756E6374696F6E206E6F74EB
:1089A80020696D706C656D656E746564000000000B
:1089B8004469726563746F7279206E6F7420656D97
:1089C8007074790046696C65206F722070617468F4
:1089D800206E616D6520746F6F206C6F6E6700008C
:1089E800546F6F206D616E792073796D626F6C6959
:1089F80063206C696E6B73004E6F206275666665E6
:108A08007220737061636520617661696C61626C64
:108A1800650000004E6F20646174610041646472F7
:108A28006573732066616D696C79206E6F7420734D
:108A38007570706F727465642062792070726F74DB
:108A48006F636F6C2066616D696C790050726F742A
:108A58006F636F6C2077726F6E6720747970652012
:108A6800666F7220736F636B65740000536F636B7E
:108A78006574206F7065726174696F6E206F6E2007
:108A88006E6F6E2D736F636B6574000050726F7438
:108A98006F636F6C206E6F7420617661696C6162C0
:108AA8006C650000436F6E6E656374696F6E20724B
:108AB8006566757365640000436F6E6E65637469FF
:108AC8006F6E2072657365742062792070656572B7
:108AD800000000004164647265737320616C726504
:108AE80061647920696E2075736500004164647261
:108AF800657373206E6F7420617661696C61626C56
:108B080065000000536F6674776172652063617554
:108B180073656420636F6E6E656374696F6E206140
:108B2800626F727400000000536F636B6574206994
:108B380073206E6F7420636F6E6E65637465640076
:108B4800536F636B657420697320616C726561642F
:108B58007920636F6E6E6563746564004F7065722B
:108B68006174696F6E2063616E63656C6564000093
:108B78005374617465206E6F74207265636F7665D7
:108B88007261626C6500000050726576696F75737A
:108B9800206F776E65722064696564004F70657236
:108BA8006174696F6E206E6F7420737570706F7268
:108BB800746564206F6E20736F636B6574000000CA
:108BC80056616C756520746F6F206C6172676520E3
:108BD800666F7220646566696E656420646174619D
:108BE80020747970650000004D65737361676520B6
:108BF800746F6F206C6F6E6700000000436F6E6EBD
:108C0800656374696F6E2074696D6564206F75742F
:108C1800000000002E2E2F2E2E2F2E2E2F2E2E2F20
:108C28002E2E2F2E2E2F6E65776C69622F6C69623F
:108C3800632F7374646C69622F6D707265632E6341
:108C480000000000545A00002531315B2D2B302DD7
:108C580039412D5A612D7A5D256E00002531315B31
:108C6800412D5A612D7A5D256E0000002568752515
:108C78006E3A256875256E3A256875256E000000E0
:108C88004D256875256E2E256875256E2E25687507
:108C9800256E00002F256875256E3A256875256EA6
:108CA8003A256875256E0000303132333435363751
:108CB800383961626364656600000000286E756C6F
:108CC8006C290000496E66696E69747900000000BD
:108CD8004E614E002E2E2F2E2E2F2E2E2F2E2E2F63
:108CE8002E2E2F2E2E2F6E65776C69622F6C69627F
:108CF800632F7374646C69622F64746F612E6300F0
:108D08006770696F5F72656D6F76655F7261775FB7
:108D18006972715F68616E646C65725F6D61736BB7
:108D2800656400006770696F5F6164645F72617792
:108D38005F6972715F68616E646C65725F77697490
:108D4800685F6F726465725F7072696F7269747957
:108D58005F6D61736B6564006770696F5F736574DD
:108D68005F6972715F656E61626C65640000000026
:108D78007270323034305F636869705F7665727321
:108D8800696F6E0068775F636C61696D5F636C65BE
:108D9800617200006972715F6164645F7461696C1B
:108DA8005F746F5F667265655F6C6973740000005D
:108DB800696E736572745F626C5F33320000000025
:108DC8006972715F72656D6F76655F68616E646CFC
:108DD800657200006D616B655F6A5F313600000087
:108DE8007265736F6C76655F6A5F313600000000EC
:108DF8006972715F6164645F7368617265645F68FA
:108E0800616E646C657200006972715F7365745F8E
:108E18006578636C75736976655F68616E646C65A7
:108E2800720000007265637572736976655F6D75AF
:108E38007465785F65786974000000006D75746505
:108E4800785F6578697400006D757465785F656E24
:108E58007465725F626C6F636B5F756E74696C00CA
:108E68007265637572736976655F6D757465785F31
:108E78007472795F656E746572000000726563755F
:108E880072736976655F6D757465785F656E746514
:108E9800725F626C6F636B696E67000072756E74E7
:108EA800696D655F696E69745F6D757465780000DA
:108EB800616C61726D5F706F6F6C5F646573747203
:108EC8006F790000616C61726D5F706F6F6C5F67C6
:108ED80065745F64656661756C740000616C6172CD
:108EE8006D5F706F6F6C5F6972715F68616E646CE3
:108EF8006572000000000000FFFFFFFFFFFFFF7F1B
:108F0800706C6C5F696E6974000000005F5F61657A
:108F18006162695F646F75626C655F696E69740030
:108F28005F5F61656162695F666C6F61745F696EDE
:108F38006974000006005250D3F07542106B04109B
:108F480006005250E182887F186B041006005250C8
:108F5800ABB36053286B041006005250BBFF3CB6FD
:108F6800306B041006005250861C0302386B041044
:108F7800060052505422A29D546B04100500525012
:108F8800DE65F4687C540510B63A0010CE3A00103D
:108F9800CE3A0010C23A0010CE3A0010CE3A001075
:108FA800CE3A0010CE3A0010CE3A0010CE3A001059
:108FB800CE3A0010AA3A0010CE3A00109E3A00109D
:108FC800CE3A0010CE3A0010923A00109E3B0010A4
:108FD800C43B0010E63B0010C43B00107E3B001071
:108FE800C43B0010C43B0010C43B0010C43B00103D
:108FF800C43B0010C43B0010C43B0010BA3B001037
:10900800C43B0010C43B0010C43B0010C43B00101C
:10901800C43B0010F23B0010564000106C4000109A
:109028006C4000106C4000106C4000106C40001048
:109038006C4000106C4000106C4000106C40001038
:109048006C4000106C4000106C4000106C40001028
:109058006C4000106C4000106C4000106C40001018
:109068006C4000106C4000106C4000106C40001008
:109078006C4000106C4000106C4000106C400010F8
:109088006C4000106C4000106C4000106C400010E8
:109098006C4000106C400010983E00105A3E0010C2
:1090A800983E00106C4000106C4000106C4000109E
:1090B8006C4000106C4000106C4000106C400010B8
:1090C8006C4000106C4000106C4000106C400010A8
:1090D8006C4000106C4000106C4000106C40001098
:1090E8006C4000103E3C00106C4000106C400010BA
:1090F8006C4000106C4000106C4000106C40001078
:109108006C4000106C4000106C4000103E3C001099
:10911800E63E00103E3C0010983E00105A3E0010FB
:10912800983E001000000000000000000000F03F22
:10913800000000000000244000000000000059402A
:109148000000000000408F40000000000088C3407D
:1091580000000000006AF8400000000080842E41F2
:1091680000000000D01263410000000084D797413E
:109178000000000065CDCD410D0A000006005250E8
:1091880053B4F4A1D06B0410080052501200000030
:1091980008005250921000000000000075470010AF
:1091A800000000007947001085470010BD470010F7
:1091B800B9470010000000000A0000000000030684
:1091C800A6000800020002009C0014000300574992
:1091D8004E555342000000000000000000008000CF
:1091E800040001002800440065007600690063005F
:1091F800650049006E007400650072006600610039
:1092080063006500470055004900440000004E0017
:109218007B006200630037003300390038006300C8
:1092280031002D0037003300630064002D00340046
:109238006300620037002D003900380062003800F2
:109248002D003900310033006100380066006300EA
:10925800610037006200660036007D0000000000F3
:10926800050F2100011C100500DF60DDD88945C706
:109278004C9CD2659D9E648A9F00000306A600014F
:10928800000000000600525053B4F4A12C6C0410E6
:10929800737464696F5F7573625F696E69740000E7
:1092A80000000000406C0410506C0410585B022051
:1092B800586C0410646C0410090254000301008007
:1092C8007D080B00020202000009040000010202EE
:1092D80000040524002001052401000104240206DD
:1092E8000524060001070581030800100904010090
:1092F800020A00000007050202400000070582027A
:109308004000000904020000FF00010512011002DC
:10931800EF0201408A2E0A00000101020301000049
:109328007069636F5F6765745F756E697175655F96
:10933800626F6172645F69645F737472696E6700FB
:10934800666C6173685F646F5F636D640000000042
:109358006463645F656470745F78666572000000BA
:109368006463645F7365745F6164647265737300DA
:109378006463645F696E745F656E61626C6500004A
:1093880068775F656E64706F696E745F616C6C6F2F
:10939800630000006463645F696E69740000000024
:1093A80073796E635F65705F6275666665720000EB
:1093B80056550010B6540010F254001026550010EF
:1093C800565500105655001042550010F254001022
:1093D8005655001056550010565500105655001099
:1093E800565500105655001056550010D854001008
:1093F800A00B0020A00B0020820B0020420C0020B4
:10940800E40B0020F80B00202C0D0020B65A0010A9
:10941800905A00104C5C00106A5A00104C5C001006
:10942800B85900105E5A00104C5C0010D459001056
:10943800EC590010AA5C00109C5C0010EE5C001057
:10944800225E0010EC5D0010045E0010FC5C001051
:109458006C5D0010145E0010757362645F65647063
:10946800745F786665720000757362645F65647026
:10947800745F6F70656E0000757362645F6F70650E
:109488006E5F656470745F7061697200717565758F
:10949800655F6576656E740070726F636573735F80
:1094A8006765745F64657363726970746F720000D6
:1094B80070726F636573735F7365745F636F6E66F5
:1094C8006967000070726F636573735F636F6E74B2
:1094D800726F6C5F7265717565737400636F6E6629
:1094E800696775726174696F6E5F72657365740020
:1094F8007475645F7461736B5F6578740000000055
:109508007475645F7268706F72745F696E697400F5
:1095180000000000F9620010A5630010ED63001060
:109528005D640010496500108966001000000000A5
:10953800000000002D680010C9680010FD680010C8
:109548004D69001025480010996A001000000000BD
:10955800757362645F636F6E74726F6C5F78666553
:10956800725F6362000000007475645F636F6E74FD
:10957800726F6C5F786665720000000063646364F4
:109588005F786665725F636200000000636463640D
:109598005F6F70656E0000007475645F6364635F7D
:1095A8006E5F77726974655F666C7573680000003A
:1095B80076656E646F72645F6F70656E00000000A0
:1095C80074755F656470745F73747265616D5F72E2
:1095D8006561645F786665720000000074755F6598
:1095E8006470745F73747265616D5F7772697465B6
:1095F8005F7866657200000074755F656470745FFB
:1096080073747265616D5F77726974655F7A6C7087
:109618005F69665F6E6565646564000074755F65A3
:109628006470745F76616C69646174650000000041
:10963800747573625F7268706F72745F696E697453
:10964800000000006932635F7365745F626175646E
:1096580072617465000000006896041006FF00003F
:109668000160401080E042B00140841070696F5F73
:1096780072656D6F76655F70726F6772616D0000FD
:1096880063797734335F6472697665725F6465699C
:109698006E69740063797734335F6972715F6465EA
:1096A800696E69740000000063797734335F736C06
:1096B8006565705F74696D656F75745F7265616308
:1096C8006865640063797734335F646F5F706F6CCB
:1096D8006C00000063797734335F6972715F696E7B
:1096E800697400006C6F775F7072696F5F6972717F
:1096F8005F696E69740000006C6F775F7072696FE4
:10970800726974795F6972715F68616E646C6572A1
:10971800000000006C6F775F7072696F5F6972712B
:109728005F6465696E6974006173796E635F636F06
:109738006E746578745F7468726561647361666578
:109748005F6261636B67726F756E645F6465696E93
:10975800697400006173796E635F636F6E74657816
:10976800745F746872656164736166655F62616382
:109778006B67726F756E645F696E697400000000D4
:1097880070726F636573735F756E6465725F6C6F1B
:10979800636B00006173796E635F636F6E746578E5
:1097A800745F746872656164736166655F62616342
:1097B8006B67726F756E645F657865637574655FF6
:1097C80073796E630000000002000000B17E001093
:1097D800DD800010BD7E00104D800010BD8200109D
:1097E8009D8200107D8200105D820010FB800010B9
:1097F80000000000438200103982001059810010D7
:109808006173796E635F636F6E746578745F6261AC
:1098180073655F72656D6F76655F72656164795FA8
:1098280061745F74696D655F776F726B6572000054
:109838007076506F72744D616C6C6F63000000003D
:1098480078506F72744C6F636B496E7465726E6199
:109858006C5370696E556E6C6F636B5769746842B0
:109868006573744566666F7274576169744F725494
:10987800696D656F7574000076506F72744C6F6314
:109888006B496E7465726E616C5370696E556E6C5F
:109898006F636B57697468576169740076596965B5
:1098A8006C64436F7265000076506F727459696515
:1098B8006C640000784576656E7447726F757053F6
:1098C8006574426974730000784576656E744772F2
:1098D8006F75705761697442697473007851756562
:1098E800756547656E6572696353656E6446726F28
:1098F8006D495352000000007072764E6F746966AD
:10990800795175657565536574436F6E7461696ED9
:1099180065720000765461736B45786974437269A7
:10992800746963616C46726F6D49535200000000A0
:10993800765461736B4578697443726974696361BD
:109948006C000000785461736B5072696F726974AF
:1099580079446973696E68657269740076546173D5
:109968006B52656D6F766546726F6D556E6F72647A
:10997800657265644576656E744C697374000000A1
:10998800785461736B52656D6F766546726F6D457D
:1099980076656E744C6973740000000076546173C8
:1099A8006B506C6163654F6E556E6F72646572655E
:1099B800644576656E744C697374000078546173FD
:1099C8006B496E6372656D656E745469636B0000F4
:1099D800785461736B526573756D65416C6C0000EA
:1099E80076506F72745265637572736976654C6FE1
:1099F800636B0000707276436865636B466F7252E2
:109A0800756E53746174654368616E676500000024
:109A1800765461736B53757370656E64416C6C003A
:109A28007072765969656C64466F725461736B0025
:109A38004E5374366C6F63616C653566616365742B
:109A480045000000D0D60410389A041043000000E6
:109A5800A03D0020443D00207C3D0020343D0020F6
:109A6800A83D00204C3D0020B83D0020543D00207A
:109A7800C03D00205C3D0020443C0020243D0020E7
:109A8800483C0020283D0020983D00203C3D002017
:109A9800A43D0020483D0020803D0020383D0020A6
:109AA800AC3D0020503D0020BC3D0020583D00202A
:109AB800C43D0020603D00204C3C00202C3D00208F
:109AC800503C0020303D00209C3D0020403D0020BF
:109AD8000000000000000000740000007200000098
:109AE800750000006500000000000000660000002E
:109AF800610000006C0000007300000065000000B9
:109B080000000000470000004D0000005400000065
:109B1800000000004800000053000000540000004E
:109B280000000000410000004B000000530000004E
:109B38005400000000000000500000005300000026
:109B480054000000000000004D0000005300000019
:109B58005400000000000000430000005300000013
:109B68005400000000000000450000005300000001
:109B780054000000000000004100000053000000F5
:109B880054000000000000004E00000053000000D8
:109B980054000000000000004300000045000000E1
:109BA80054000000000000004900000053000000BD
:109BB80054000000000000004500000045000000BF
:109BC80054000000000000004A000000530000009C
:109BD8005400000000000000250000006D00000097
:109BE8002F00000025000000640000002F00000086
:109BF800250000007900000000000000250000009A
:109C0800480000003A000000250000004D00000058
:109C18003A0000002500000053000000000000008A
:109C2800410000004D00000000000000500000004E
:109C38004D00000000000000250000004900000061
:109C48003A000000250000004D0000003A00000026
:109C5800250000005300000020000000250000003F
:109C680070000000000000005300000075000000B4
:109C78006E00000064000000610000007900000030
:109C8800000000004D0000006F0000006E000000A2
:109C9800640000006100000079000000000000007E
:109CA800540000007500000065000000730000000B
:109CB800640000006100000079000000000000005E
:109CC8005700000065000000640000006E000000FE
:109CD80065000000730000006400000061000000DF
:109CE8007900000000000000540000006800000037
:109CF800750000007200000073000000640000009E
:109D0800610000007900000000000000460000002B
:109D1800720000006900000064000000610000009B
:109D280079000000000000005300000061000000FE
:109D3800740000007500000072000000640000005C
:109D480061000000790000000000000053000000DE
:109D5800750000006E000000000000004D000000CB
:109D68006F0000006E0000000000000054000000BA
:109D780075000000650000000000000057000000AA
:109D880065000000640000000000000054000000AE
:109D98006800000075000000000000004600000098
:109DA800720000006900000000000000530000007D
:109DB8006100000074000000000000004A0000007C
:109DC800610000006E0000007500000061000000E6
:109DD800720000007900000000000000460000004A
:109DE80065000000620000007200000075000000BD
:109DF800610000007200000079000000000000000F
:109E08004D000000610000007200000063000000C7
:109E18006800000000000000410000007000000021
:109E280072000000690000006C00000000000000E3
:109E38004D000000610000007900000000000000F3
:109E48004A000000750000006E0000006500000078
:109E5800000000004A000000750000006C000000CF
:109E680079000000000000004100000075000000BB
:109E78006700000075000000730000007400000017
:109E880000000000530000006500000070000000A2
:109E980074000000650000006D0000006200000012
:109EA8006500000072000000000000004F00000084
:109EB80063000000740000006F00000062000000F2
:109EC8006500000072000000000000004E00000065
:109ED8006F00000076000000650000006D000000C3
:109EE8006200000065000000720000000000000031
:109EF80044000000650000006300000065000000E9
:109F08006D000000620000006500000072000000A3
:109F1800000000004A000000610000006E00000020
:109F2800000000004600000065000000620000001C
:109F3800000000004D0000006100000072000000F9
:109F480000000000410000007000000072000000E6
:109F5800000000004A000000750000006E000000CC
:109F6800000000004A000000750000006C000000BE
:109F780000000000410000007500000067000000BC
:109F880000000000530000006500000070000000A1
:109F9800000000004F000000630000007400000093
:109FA800000000004E0000006F0000007600000076
:109FB800000000004400000065000000630000008D
:109FC80000000000250000007300000025000000CC
:109FD8002E0000002A0000006400000000000000BD
:109FE800250000007300000025000000300000007C
:109FF8002E0000002A00000064000000000000009D
:10A00800250000003200000064000000000000008D
:10A01800250000002E00000032000000640000004F
:10A028002F000000250000002E0000003200000074
:10A03800640000002F000000250000002E00000032
:10A04800320000006400000000000000250000004D
:10A058006C000000750000000000000059000000BE
:10A068002D000000250000006D0000002D000000FC
:10A078002500000064000000000000002E00000021
:10A088002A00000075000000000000002500000004
:10A098002E000000330000006400000000000000F3
:10A0A800250000002E0000003100000064000000C0
:10A0B80000000000250000006C0000006C0000009B
:10A0C8006400000000000000250000002E000000D1
:10A0D80032000000640000003A0000002500000083
:10A0E8002E00000032000000640000003A0000006A
:10A0F800250000002E00000032000000640000006F
:10A108000000000025000000650000002D00000090
:10A1180025000000620000002D000000250000005E
:10A1280000000000590000000000000025000000A9
:10A138002B00000030000000330000006C0000001D
:10A1480064000000250000002E000000320000001E
:10A158006C000000640000000000000049000000DE
:10A168004E000000460000000000000069000000EA
:10A178006E00000066000000000000004E000000B5
:10A18800410000004E000000000000006E000000CA
:10A19800610000006E0000000000000030000000B8
:10A1A80031000000320000003300000034000000DD
:10A1B80035000000360000003700000038000000BD
:10A1C8003900000041000000420000004300000088
:10A1D80044000000450000004600000000000000A8
:10A1E80030000000310000003200000033000000A1
:10A1F8003400000035000000360000003700000081
:10A208003800000039000000610000006200000012
:10A2180063000000640000006500000066000000A4
:10A2280000000000280000006E000000750000001B
:10A238006C0000006C000000290000000000000015
:10A248003000000000000000000000008CCA04106C
:10A25800E5B400102DB500100000000060CA04101D
:10A2680049B5001091B5001000000000A8D30410F3
:10A27800ADB50010F5B50010000000007CD3041047
:10A2880011B6001059B6001000000000B0CA041042
:10A29800A9BC0010E5BC001000000000CCD30410DD
:10A2A80001BD001041BD001053743132636F646505
:10A2B8006376745F6261736500000000D0D6041095
:10A2C800B0A20410537432335F5F636F64656376C2
:10A2D800745F61627374726163745F62617365490C
:10A2E80044736331305F6D6273746174655F744584
:10A2F80000000000C4D80410CCA204100000000024
:10A30800020000004C9A041002000000C4A20410CD
:10A3180002000000537437636F64656376744944C0
:10A32800736331305F6D6273746174655F74450087
:10A338004CD804101CA30410FCA20410537432332C
:10A348005F5F636F64656376745F61627374726183
:10A3580063745F626173654944696331305F6D623C
:10A3680073746174655F744500000000C4D80410FC
:10A3780044A3041000000000020000004C9A0410DE
:10A3880002000000C4A204100200000053743763E6
:10A398006F64656376744944696331305F6D6273D5
:10A3A800746174655F7445004CD8041094A304105C
:10A3B80074A30410537432335F5F636F646563760C
:10A3C800745F61627374726163745F62617365491B
:10A3D8004473447531305F6D6273746174655F7482
:10A3E80045000000C4D80410BCA3041000000000FD
:10A3F800020000004C9A041002000000C4A20410DD
:10A4080002000000537437636F64656376744944CF
:10A4180073447531305F6D6273746174655F744540
:10A42800000000004CD804100CA40410ECA3041085
:10A43800537432335F5F636F64656376745F616220
:10A448007374726163745F626173654944694475CA
:10A4580031305F6D6273746174655F74450000002C
:10A46800C4D8041038A40410000000000200000042
:10A478004C9A041002000000C4A20410020000005C
:10A48800537437636F6465637674494469447531FE
:10A49800305F6D6273746174655F7445000000001D
:10A4A8004CD8041088A4041068A40410000000000C
:10A4B800FCA20410000000000000000000000000E2
:10A4C8000000000000000000000000000000000084
:10A4D80000000000000000000000000038A3041085
:10A4E8001DC300106DC3001079C6001071BF0010A5
:10A4F8007DC8001079BF00107DBF001035C700105F
:10A5080081BF00100000000074A3041000000000C8
:10A518000000000000000000000000000000000033
:10A528000000000000000000000000000000000023
:10A5380000000000B0A3041031C3001089C300104C
:10A5480059C9001071BF0010A9C9001079BF0010C7
:10A558007DBF001055C7001081BF0010000000002B
:10A56800ECA3041000000000000000000000000040
:10A5780000000000000000000000000000000000D3
:10A588000000000000000000000000002CA40410DF
:10A5980045C30010A5C300102DC5001085BF0010CD
:10A5A800ADC8001079BF00107DBF0010C5C40010F1
:10A5B80081BF00100000000068A404100000000023
:10A5C8000000000000000000000000000000000083
:10A5D8000000000000000000000000000000000073
:10A5E80000000000A8A4041059C30010C1C3001043
:10A5F80075C4001085BF001015C4001079BF001085
:10A608007DBF0010DDC3001081BF0010A6EE001052
:10A61800D8EE0010D8EE0010D8EE0010D8EE0010DA
:10A62800D8EE0010D8EE0010D8EE0010D8EE0010CA
:10A6380074EE0010D8EE0010D8EE0010D8EE00101E
:10A64800D8EE0010D8EE0010D8EE001042EE001040
:10A65800D8EE0010D8EE001006EE0010D8EE00106C
:10A66800D8EE0010CEEF001000F0001000F000103F
:10A6780000F0001000F0001000F0001000F00010D2
:10A6880000F0001000F000109CEF001000F0001027
:10A6980000F0001000F0001000F0001000F00010B2
:10A6A80000F000106AEF001000F0001000F0001039
:10A6B8002EEF001000F0001000F00010C4D80410B5
:10A6C800E4A6041000000000020000003CC70410CB
:10A6D80002000000B8AB0410020C00002A4E5374AC
:10A6E80031335F5F66616365745F7368696D733189
:10A6F800325F474C4F42414C5F5F4E5F3131336EA2
:10A70800756D70756E63745F7368696D49634545EF
:10A7180000000000C4D804103CA70410000000008A
:10A728000200000020C7041002000000B8AB0410AB
:10A73800020C00002A4E537431335F5F6661636513
:10A74800745F7368696D7331325F474C4F42414C97
:10A758005F5F4E5F313132636F6C6C6174655F733C
:10A7680068696D4963454500C4D8041090A7041072
:10A77800000000000200000038C8041002000000B9
:10A78800B8AB0410020C00002A4E537431335F5FDB
:10A7980066616365745F7368696D7331325F474CD6
:10A7A8004F42414C5F5F4E5F3131356D6F6E657959
:10A7B80070756E63745F7368696D49634C62314587
:10A7C80045450000C4D80410ECA7041000000000A0
:10A7D8000200000070C8041002000000B8AB0410AA
:10A7E800020C00002A4E537431335F5F6661636563
:10A7F800745F7368696D7331325F474C4F42414CE7
:10A808005F5F4E5F3131356D6F6E657970756E6360
:10A81800745F7368696D49634C6230454545000053
:10A82800C4D8041048A8041000000000020000006A
:10A8380048C9041002000000B8AB04100208000068
:10A848002A4E537431335F5F66616365745F736862
:10A85800696D7331325F474C4F42414C5F5F4E5FC9
:10A868003131346D6F6E65795F6765745F736869E0
:10A878006D49634545000000C4D80410A0A8041021
:10A88800000000000200000090C90410020000004F
:10A89800B8AB0410020800002A4E537431335F5FCE
:10A8A80066616365745F7368696D7331325F474CC5
:10A8B8004F42414C5F5F4E5F3131346D6F6E657949
:10A8C8005F7075745F7368696D4963454500000082
:10A8D800C4D80410F8A8041000000000020000000A
:10A8E800A0C8041002000000B8AB04100210000059
:10A8F8002A4E537431335F5F66616365745F7368B2
:10A90800696D7331325F474C4F42414C5F5F4E5F18
:10A918003131336D657373616765735F7368696D32
:10A928004963454500000000C4D8041050A904102C
:10A93800000000000200000058D0041002000000CF
:10A94800B8AB0410020C00002A4E537431335F5F19
:10A9580066616365745F7368696D7331325F474C14
:10A968004F42414C5F5F4E5F3131336E756D70758C
:10A978006E63745F7368696D497745450000000030
:10A98800C4D80410A8A904100000000002000000A8
:10A99800FCCF041002000000B8AB0410020C000049
:10A9A8002A4E537431335F5F66616365745F736801
:10A9B800696D7331325F474C4F42414C5F5F4E5F68
:10A9C800313132636F6C6C6174655F7368696D49AE
:10A9D80077454500C4D80410FCA904100000000005
:10A9E8000200000054D1041002000000B8AB0410AB
:10A9F800020C00002A4E537431335F5F6661636551
:10AA0800745F7368696D7331325F474C4F42414CD4
:10AA18005F5F4E5F3131356D6F6E657970756E634E
:10AA2800745F7368696D49774C623145454500002C
:10AA3800C4D8041058AA0410000000000200000046
:10AA48008CD1041002000000B8AB0410020C000006
:10AA58002A4E537431335F5F66616365745F736850
:10AA6800696D7331325F474C4F42414C5F5F4E5FB7
:10AA78003131356D6F6E657970756E63745F7368AB
:10AA8800696D49774C62304545450000C4D80410CB
:10AA9800B4AA0410000000000200000064D20410F0
:10AAA80002000000B8AB0410020800002A4E5374DC
:10AAB80031335F5F66616365745F7368696D7331B5
:10AAC800325F474C4F42414C5F5F4E5F3131346DCE
:10AAD8006F6E65795F6765745F7368696D497745FF
:10AAE80045000000C4D804100CAB0410000000009E
:10AAF80002000000ACD2041002000000B8AB041041
:10AB0800020800002A4E537431335F5F6661636543
:10AB1800745F7368696D7331325F474C4F42414CC3
:10AB28005F5F4E5F3131346D6F6E65795F7075743C
:10AB38005F7368696D49774545000000C4D8041003
:10AB480064AB04100000000002000000BCD1041037
:10AB580002000000B8AB0410021000002A4E537423
:10AB680031335F5F66616365745F7368696D733104
:10AB7800325F474C4F42414C5F5F4E5F3131336D1E
:10AB8800657373616765735F7368696D4977454578
:10AB9800000000004E5374366C6F63616C65356657
:10ABA80061636574365F5F7368696D450000000016
:10ABB800D0D604109CAB0410C4D80410E0AB041029
:10ABC800000000000200000020CA0410020000007B
:10ABD800B8AB0410020800002A4E537431335F5F8B
:10ABE80066616365745F7368696D7331325F474C82
:10ABF8004F42414C5F5F4E5F31313374696D655F21
:10AC08006765745F7368696D4963454500000000B6
:10AC1800C4D8041038AC0410000000000200000082
:10AC28003CD3041002000000B8AB04100208000076
:10AC38002A4E537431335F5F66616365745F73686E
:10AC4800696D7331325F474C4F42414C5F5F4E5FD5
:10AC580031313374696D655F6765745F7368696DF9
:10AC6800497745450000000000000000C4A6041014
:10AC780055D900102DDA0010C9F10110D1F10110D9
:10AC880035F70110ADF70110CDF5011000000000F7
:10AC98001CA70410BDD90010D5DA001085CD00100E
:10ACA80049D20010E5F101100000000070A704105F
:10ACB80049DB001021DC001061F1011069F101107D
:10ACC80009F6011091F50110E9F7011081F601105C
:10ACD80071F1011079F10110A1F1011000000000DB
:10ACE800CCA70410B1DB0010E5DB0010F9F001106F
:10ACF80001F10110F9F60110BDF6011045F6011039
:10AD080071F7011009F1011011F1011039F1011069
:10AD18000000000028A804104DD7001075D80010B6
:10AD2800B1CE001049DE00100000000080A8041019
:10AD38007DD70010E5D8001031CF001055D3001092
:10AD480000000000D8A8041011D60010ADD70010DC
:10AD58007DCF001001D400106DCF0010000000005E
:10AD680030A904100DD8001061DA001001A80210F3
:10AD780009A802107DAB021065AE0210A5AE021044
:10AD88000000000088A90410F5D9001095DA001019
:10AD980099CF001085D400101DA8021000000000F3
:10ADA800DCA904107DDB001099DC001099A70210C3
:10ADB800A1A702106DAC021025AE0210A5AD0210BD
:10ADC80025AD0210A9A70210B1A70210D9A7021039
:10ADD8000000000038AA041015DB00105DDC00102C
:10ADE80031A7021039A70210F5AB0210E5AC02102A
:10ADF80065AD0210E5AD021041A7021049A7021087
:10AE080071A702100000000094AA04108DD600104B
:10AE1800ADD80010C5D0001001DD00100000000002
:10AE2800ECAA0410BDD600101DD9001045D10010A1
:10AE3800B9D200100000000044AB041039D600104D
:10AE4800EDD600108DD1001041D500107DD1001035
:10AE580000000000C0AB04101DD700103DD8001042
:10AE6800A5CE001071CE00103DCE001009CE001006
:10AE7800D5CD0010A1CD00100000000018AC0410C2
:10AE8800DDD7001085D90010B9D0001085D000108A
:10AE980051D000101DD00010E9CF0010B5CF001020
:10AEA8005374313063747970655F62617365000053
:10AEB800D0D60410A8AE0410537435637479706545
:10AEC80049634500C4D80410C0AE04100000000057
:10AED800020000004C9A041002000000B8AE0410F2
:10AEE8000200000053743563747970654977450032
:10AEF8004CD80410ECAE041028D004100000000058
:10AF0800CCAE0410F1060110950701105908011084
:10AF1800D10801106908011025090110E90601107E
:10AF280055070110ED06011041070110000000004F
:10AF3800F8AE04101D070110690701107909011006
:10AF4800D50A0110550B0110E10B01106D0A011013
:10AF5800790A0110A10A0110AD0A0110750C01103F
:10AF68007D0C0110990C0110C10C01102A0A011066
:10AF7800160A01100E0A0110060A0110FE09011036
:10AF88002A0A01102A0A0110F6090110EE09011017
:10AF98002A0A01102A0A01102A0A01102A0A011095
:10AFA8002A0A01102A0A01102A0A0110E6090110CA
:10AFB8002A0A01102A0A01102A0A01102A0A011075
:10AFC8002A0A01102A0A0110DE0901102A0A0110B2
:10AFD8002A0A01102A0A01102A0A01102A0A011055
:10AFE8002A0A01102A0A01102A0A0110D60901109A
:10AFF8002A0A01102A0A01102A0A01102A0A011035
:10B008002A0A01102A0A01102A0A01102A0A011024
:10B018002A0A01102A0A01102A0A01102A0A011014
:10B028002A0A01102A0A01102A0A01102A0A011004
:10B038002A0A01102A0A01102A0A01102A0A0110F4
:10B048002A0A01102A0A01102A0A01102A0A0110E4
:10B058002A0A01102A0A01102A0A01102A0A0110D4
:10B068002A0A01102A0A01102A0A01102A0A0110C4
:10B078002A0A01102A0A01102A0A0110CE09011011
:10B088001A160110AE16011090170110641701105E
:10B098006E1501108223011016240110F8240110E6
:10B0A800CC240110D62201106E3301103633011062
:10B0B8001C330110EC3201108A3301102A380110B8
:10B0C800F2370110D8370110A8370110463801109F
:10B0D800E2590110DC520110DC520110DC5201105F
:10B0E800DC520110DC520110DC520110DC5201105C
:10B0F800DC520110DC520110DC520110DC5201104C
:10B10800DC520110DC520110DC520110DC5201103B
:10B11800DC520110DC520110DC520110DC5201102B
:10B12800DC520110DC520110DC520110DC5201101B
:10B13800DC520110DC520110DC520110DC5201100B
:10B148007C570110DA550110D05F0110FE5C011028
:10B15800DC520110DC520110DC5201101E5E01109D
:10B16800AC5B0110DC520110DC520110DC52011002
:10B17800005C0110DC520110DC520110DC5201109D
:10B18800DC5201104E5C0110B05C0110745D0110BE
:10B19800BC5D0110DC520110765E0110CC5E01101E
:10B1A800125A01106A5A0110DC520110DC520110C7
:10B1B800DC520110DC520110DC520110DC5201108B
:10B1C8007C570110DA550110BE5F011004570110B9
:10B1D80004570110DC520110DC520110DA5501103D
:10B1E800DC520110CE580110DC520110DC52011063
:10B1F8002259011040580110DC52011072590110F7
:10B20800DC520110DE5E0110DC52011040580110C2
:10B21800DC520110DC520110E65E0110365F0110AD
:10B228003E5F0110537431306D6F6E65795F6261F6
:10B2380073650000D0D604102CB204105374313357
:10B248006D657373616765735F62617365000000A4
:10B25800D0D6041044B2041053743974696D655F14
:10B268006261736500000000D0D6041060B204105B
:10B278004E5374375F5F637878313137636F6C6C26
:10B2880061746549634545004CD8041078B20410D0
:10B298004C9A04104E5374375F5F637878313138B5
:10B2A8006E756D70756E63744963454500000000E6
:10B2B8004CD804109CB204104C9A04104E537437A6
:10B2C8005F5F637878313131306D6F6E6579707595
:10B2D8006E637449634C623145454500C4D8041017
:10B2E800C4B2041000000000020000004C9A0410D0
:10B2F800020000003CB20410020000004E537437F4
:10B308005F5F637878313131306D6F6E6579707554
:10B318006E637449634C623045454500C4D80410D7
:10B3280004B3041000000000020000004C9A04104E
:10B33800020000003CB20410020000004E537437B3
:10B348005F5F6378783131386D65737361676573F2
:10B358004963454500000000C4D8041044B30410F4
:10B3680000000000020000004C9A041002000000D7
:10B3780058B20410020000004E5374375F5F6378C0
:10B38800783131396D6F6E65795F676574496353DC
:10B398007431396973747265616D6275665F697459
:10B3A800657261746F724963537431316368617295
:10B3B8005F747261697473496345454545000000CF
:10B3C8004CD8041080B304104C9A04104E537437B0
:10B3D8005F5F6378783131396D6F6E65795F70754D
:10B3E800744963537431396F73747265616D627532
:10B3F800665F6974657261746F7249635374313141
:10B40800636861725F747261697473496345454525
:10B41800450000004CD80410D4B304104C9A041012
:10B428004E5374375F5F63787831313874696D656E
:10B438005F67657449635374313969737472656100
:10B448006D6275665F6974657261746F7249635382
:10B45800743131636861725F7472616974734963CE
:10B468004545454500000000C4D8041028B4041020
:10B4780000000000020000004C9A041002000000C6
:10B4880070B20410020000000000000090B2041026
:10B49800750F0110DD0F011011120110B912011002
:10B4A8009D0E011000000000B8B2041039BB001056
:10B4B80065BB0010810E0110890E0110911001105A
:10B4C800311001106110011000000000E4B20410F6
:10B4D80005B2001031B20010190E0110210E011032
:10B4E80001100110E111011081110110B1110110B9
:10B4F800290E0110310E0110590E01100000000034
:10B5080024B304106DB2001099B20010B10D0110EF
:10B51800B90D011051110110C1100110F1100110E5
:10B5280021110110C10D0110C90D0110F10D0110FB
:10B538000000000060B30410450F0110610F0110F6
:10B54800950E0110B16F0310990E01100000000054
:10B55800C8B30410B50E0110C90E0110612F0110F7
:10B56800FD2F0110000000001CB40410E50E0110AE
:10B57800F90E0110AD3A0110793C011000000000ED
:10B5880070B40410150F0110290F0110910E01104D
:10B59800A9650110C56601108D4D0110214F0110DC
:10B5A800753E0110E167011096870110C8870110E8
:10B5B800C8870110C8870110C8870110C887011003
:10B5C800C8870110C8870110C88701106487011057
:10B5D800C8870110C8870110C8870110C8870110E3
:10B5E800C8870110C887011032870110C887011069
:10B5F800C8870110F6860110C8870110C887011096
:10B60800BE880110F0880110F0880110F088011040
:10B61800F0880110F0880110F0880110F0880110FE
:10B62800F08801108C880110F0880110F088011052
:10B63800F0880110F0880110F0880110F0880110DE
:10B648005A880110F0880110F08801101E88011036
:10B65800F0880110F0880110C4D8041080B60410D6
:10B668000000000002000000B8B204100200000050
:10B67800B8AB0410020C00002A4E537431335F5FDC
:10B6880066616365745F7368696D7331325F474CD7
:10B698004F42414C5F5F4E5F3131336E756D70754F
:10B6A8006E63745F7368696D496345450000000007
:10B6B800C4D80410D8B6041000000000020000002E
:10B6C80090B2041002000000B8AB0410020C000095
:10B6D8002A4E537431335F5F66616365745F7368C4
:10B6E800696D7331325F474C4F42414C5F5F4E5F2B
:10B6F800313132636F6C6C6174655F7368696D4971
:10B7080063454500C4D804102CB70410000000009D
:10B7180002000000E4B2041002000000B8AB0410FC
:10B72800020C00002A4E537431335F5F6661636513
:10B73800745F7368696D7331325F474C4F42414C97
:10B748005F5F4E5F3131356D6F6E657970756E6311
:10B75800745F7368696D49634C6231454545000003
:10B76800C4D8041088B704100000000002000000CC
:10B7780024B3041002000000B8AB0410020C00004F
:10B788002A4E537431335F5F66616365745F736813
:10B79800696D7331325F474C4F42414C5F5F4E5F7A
:10B7A8003131356D6F6E657970756E63745F73686E
:10B7B800696D49634C62304545450000C4D80410A2
:10B7C800E4B704100000000002000000C8B3041031
:10B7D80002000000B8AB0410020800002A4E53749F
:10B7E80031335F5F66616365745F7368696D733178
:10B7F800325F474C4F42414C5F5F4E5F3131346D91
:10B808006F6E65795F6765745F7368696D496345D5
:10B8180045000000C4D804103CB804100000000023
:10B82800020000001CB4041002000000B8AB0410B1
:10B83800020800002A4E537431335F5F6661636506
:10B84800745F7368696D7331325F474C4F42414C86
:10B858005F5F4E5F3131346D6F6E65795F707574FF
:10B868005F7368696D49634545000000C4D80410DA
:10B8780094B80410000000000200000060B3041037
:10B8880002000000B8AB0410021000002A4E5374E6
:10B8980031335F5F66616365745F7368696D7331C7
:10B8A800325F474C4F42414C5F5F4E5F3131336DE1
:10B8B800657373616765735F7368696D496345454F
:10B8C80000000000C4D80410ECB804100000000008
:10B8D800020000000CC0041002000000B8AB041005
:10B8E800020C00002A4E537431335F5F6661636552
:10B8F800745F7368696D7331325F474C4F42414CD6
:10B908005F5F4E5F3131336E756D70756E63745F56
:10B918007368696D4977454500000000C4D8041074
:10B9280044B904100000000002000000E4BF041045
:10B9380002000000B8AB0410020C00002A4E537439
:10B9480031335F5F66616365745F7368696D733116
:10B95800325F474C4F42414C5F5F4E5F313132633B
:10B968006F6C6C6174655F7368696D4977454500F4
:10B97800C4D8041098B904100000000002000000A8
:10B9880038C0041002000000B8AB0410020C00001C
:10B998002A4E537431335F5F66616365745F736801
:10B9A800696D7331325F474C4F42414C5F5F4E5F68
:10B9B8003131356D6F6E657970756E63745F73685C
:10B9C800696D49774C62314545450000C4D804107B
:10B9D800F4B90410000000000200000078C0041050
:10B9E80002000000B8AB0410020C00002A4E537489
:10B9F80031335F5F66616365745F7368696D733166
:10BA0800325F474C4F42414C5F5F4E5F3131356D7D
:10BA18006F6E657970756E63745F7368696D497769
:10BA28004C62304545450000C4D8041050BA041093
:10BA380000000000020000001CC104100200000009
:10BA4800B8AB0410020800002A4E537431335F5F0C
:10BA580066616365745F7368696D7331325F474C03
:10BA68004F42414C5F5F4E5F3131346D6F6E657987
:10BA78005F6765745F7368696D49774545000000C5
:10BA8800C4D80410A8BA0410000000000200000086
:10BA980070C1041002000000B8AB041002080000D6
:10BAA8002A4E537431335F5F66616365745F7368F0
:10BAB800696D7331325F474C4F42414C5F5F4E5F57
:10BAC8003131346D6F6E65795F7075745F73686955
:10BAD8006D49774545000000C4D8041000BB041028
:10BAE8000000000002000000B4C0041002000000C2
:10BAF800B8AB0410021000002A4E537431335F5F54
:10BB080066616365745F7368696D7331325F474C52
:10BB18004F42414C5F5F4E5F3131336D65737361E6
:10BB28006765735F7368696D497745450000000074
:10BB3800C4D8041058BB0410000000000200000024
:10BB480070B4041002000000B8AB04100208000032
:10BB58002A4E537431335F5F66616365745F73683F
:10BB6800696D7331325F474C4F42414C5F5F4E5FA6
:10BB780031313374696D655F6765745F7368696DCA
:10BB88004963454500000000C4D80410B0BB041048
:10BB98000000000002000000C4C104100200000000
:10BBA800B8AB0410020800002A4E537431335F5FAB
:10BBB80066616365745F7368696D7331325F474CA2
:10BBC8004F42414C5F5F4E5F31313374696D655F41
:10BBD8006765745F7368696D4977454500000000C3
:10BBE8000000000060B60410FD7301103D750110DF
:10BBF800810E0110890E01109110011031100110F1
:10BC08006110011000000000B8B604107175011031
:10BC180055760110C16901105D6F01109D0E01106C
:10BC2800000000000CB704103177011019780110DA
:10BC3800190E0110210E011001100110E11101105F
:10BC480081110110B1110110290E0110310E0110DE
:10BC5800590E01100000000068B704109576011015
:10BC6800A1770110B10D0110B90D0110511101108A
:10BC7800C1100110F110011021110110C10D0110A6
:10BC8800C90D0110F10D011000000000C4B7041027
:10BC9800CD7201105D740110ED6A0110BD790110BB
:10BCA800000000001CB804105D73011095740110A9
:10BCB8006D6B0110C56F01100000000074B804100E
:10BCC800BD7101103D720110B96B01108570011032
:10BCD800A96B011000000000CCB804102D740110ED
:10BCE800A9750110E9930110F1930110B5950110A0
:10BCF80045960110799601100000000024B904103F
:10BD0800DD75011015760110D16B0110756E0110EB
:10BD1800059401100000000078B90410FD760110A8
:10BD2800DD7701108193011089930110E5950110C9
:10BD380049970110AD960110E196011091930110F9
:10BD480099930110C193011000000000D4B90410A8
:10BD5800C97601106577011019930110219301101C
:10BD6800159601107D970110B197011015970110D4
:10BD7800299301103193011059930110000000001C
:10BD880030BA04109D720110C5730110FD6C0110CA
:10BD98007D7801100000000088BA04102D7301108E
:10BDA8008D7301107D6D0110FD7001100000000001
:10BDB800E0BA0410E5710110FD720110C56D0110A3
:10BDC800E16E0110B56D01100000000038BB0410D1
:10BDD8000D72011005750110E16A0110AD6A0110BC
:10BDE800796A0110456A0110116A0110DD690110B4
:10BDF800E16701100000000090BB04106D72011093
:10BE0800CD740110F16C0110BD6C0110896C01102A
:10BE1800556C0110216C0110ED6B0110F5E6011055
:10BE2800129C01105E9E01108A9D0110589D011000
:10BE3800DA9A01103EA801108AAA0110B6A90110C9
:10BE480084A9011006A70110E4B50110B0B50110CE
:10BE580094B5011066B5011000B6011068BA01105A
:10BE680034BA011018BA0110EAB9011084BA0110E5
:10BE780010E0011082D3011082D3011082D3011087
:10BE880082D3011082D3011082D3011082D3011012
:10BE980082D3011082D3011082D3011082D3011002
:10BEA80082D3011082D3011082D3011082D30110F2
:10BEB80082D3011082D3011082D3011082D30110E2
:10BEC80082D3011082D3011082D3011082D30110D2
:10BED80082D3011082D3011082D3011082D30110C2
:10BEE800F8D70110BED6011044E0011018DF011088
:10BEF80082D3011082D3011082D30110B4DE011065
:10BF08002EDE011082D3011082D3011082D30110DA
:10BF1800D6DD011082D3011082D3011082D3011023
:10BF280082D30110D0DD011078DD011054DD01103D
:10BF3800E6DC011082D3011078DC011070DC0110FE
:10BF480002DC0110BCDA011082D3011082D3011087
:10BF580082D3011082D3011082D3011082D3011041
:10BF6800F8D70110BED6011046E10110BED8011065
:10BF7800BED8011082D3011082D30110BED60110A1
:10BF880082D301104CDA011082D3011082D3011040
:10BF9800EAD90110ACD5011082D301108ADF011053
:10BFA80082D30110A4D9011082D30110ACD501109D
:10BFB80082D3011082D3011050D9011082DF011001
:10BFC800ACE001104E5374375F5F637878313137D6
:10BFD800636F6C6C61746549774545004CD80410F3
:10BFE800CCBF04104C9A04104E5374375F5F6378CB
:10BFF800783131386E756D70756E63744977454563
:10C00800000000004CD80410F0BF04104C9A041033
:10C018004E5374375F5F637878313131306D6F6EAE
:10C02800657970756E637449774C62314545450092
:10C03800C4D8041018C0041000000000020000005A
:10C048004C9A0410020000003CB2041002000000E8
:10C058004E5374375F5F637878313131306D6F6E6E
:10C06800657970756E637449774C62304545450053
:10C07800C4D8041058C004100000000002000000DA
:10C088004C9A0410020000003CB2041002000000A8
:10C098004E5374375F5F6378783131386D657373E9
:10C0A800616765734977454500000000C4D80410EE
:10C0B80098C0041000000000020000004C9A041010
:10C0C8000200000058B20410020000004E537437FA
:10C0D8005F5F6378783131396D6F6E65795F676559
:10C0E800744977537431396973747265616D627517
:10C0F800665F6974657261746F7249775374313120
:10C10800636861725F747261697473497745454504
:10C11800450000004CD80410D4C004104C9A0410F8
:10C128004E5374375F5F6378783131396D6F6E6560
:10C13800795F7075744977537431396F73747265A8
:10C14800616D6275665F6974657261746F72497753
:10C1580053743131636861725F74726169747349D1
:10C1680077454545450000004CD8041028C1041007
:10C178004C9A04104E5374375F5F637878313138C6
:10C1880074696D655F67657449775374313969738C
:10C19800747265616D6275665F6974657261746FEA
:10C1A80072497753743131636861725F747261697F
:10C1B800747349774545454500000000C4D804100C
:10C1C8007CC1041000000000020000004C9A04101A
:10C1D8000200000070B2041002000000000000001D
:10C1E800E4BF0410DD94011091950110E59701104A
:10C1F8009598011005940110000000000CC004106F
:10C2080041BC00106DBC0010E9930110F1930110BE
:10C21800B5950110459601107996011000000000AF
:10C2280038C0041015B4001041B4001081930110F7
:10C2380089930110E595011049970110AD960110F9
:10C24800E19601109193011099930110C193011087
:10C258000000000078C004107DB40010A9B40010DC
:10C268001993011021930110159601107D97011063
:10C27800B1970110159701102993011031930110FE
:10C288005993011000000000B4C00410AD940110CF
:10C29800C9940110FD93011001700310019401105D
:10C2A800000000001CC104101D94011031940110FD
:10C2B80059B20110F5B201100000000070C104105D
:10C2C8004D94011061940110D5BC01104DBE0110B0
:10C2D80000000000C4C104107D9401109194011065
:10C2E800F9930110C5E40110DDE50110D9CE011064
:10C2F8005DD0011025C00110F5E601104E395F5FD1
:10C30800676E755F6378783138737464696F5F73CB
:10C31800796E635F66696C656275664963537431EB
:10C3280031636861725F747261697473496345450A
:10C33800450000004CD8041004C304108CCD041030
:10C348004E395F5F676E755F6378783138737464F0
:10C35800696F5F73796E635F66696C65627566495C
:10C368007753743131636861725F74726169747391
:10C3780049774545450000004CD8041048C30410CF
:10C38800C0CD0410000000003CC30410E5E8011013
:10C39800FDE801106D9D0210719D0210A9E90110C0
:10C3A800B9EB011091E90110A99D0210EDEA011005
:10C3B8005DE901104DE9011071E90110DDEA011094
:10C3C80031EB01100000000080C3041019E90110CE
:10C3D80031E90110C59D0210C99D0210EDE9011057
:10C3E80051EB01109DE90110019E021041EA011074
:10C3F80081EA011031EA011095EA0110B5EA01104D
:10C4080011EB011053743962617369635F696F736B
:10C41800496353743131636861725F74726169741E
:10C4280073496345450000004CD804100CC404103F
:10C4380098C4041053743962617369635F696F73D8
:10C44800497753743131636861725F7472616974DA
:10C4580073497745450000004CD804103CC40410CB
:10C4680098C404100000000030C404100DED011041
:10C4780035ED01100000000060C4041021ED01102A
:10C4880051ED0110537438696F735F626173650011
:10C49800D0D604108CC404100000000098C4041006
:10C4A8003DEF011095EF011053690000C4D8041046
:10C4B800B0C40410000000000100000030C40410E3
:10C4C80003F4FFFF5374313362617369635F697307
:10C4D800747265616D497753743131636861725F55
:10C4E800747261697473497745450000C4D80410B3
:10C4F800CCC40410000000000100000060C4041057
:10C5080003F4FFFF20C5041034C504100800000020
:10C5180000000000B4C40410A9EF0110F9EF0110E5
:10C52800F8FFFFFFF8FFFFFFB4C40410CDEF0110C0
:10C5380021F0011050C5041064C504100800000063
:10C5480000000000F4C4041051F00110A1F0011023
:10C55800F8FFFFFFF8FFFFFFF4C4041075F00110A7
:10C56800C9F001106C0D0210580D0210440D021094
:10C57800320D0210740D02101C1102100811021065
:10C58800F4100210E2100210241102103479021083
:10C59800C8730210C8730210C8730210C87302105F
:10C5A800C8730210C8730210C8730210C87302104F
:10C5B800C8730210C8730210C8730210C87302103F
:10C5C800C8730210C8730210C8730210C87302102F
:10C5D800C8730210C8730210C8730210C87302101F
:10C5E800C8730210C8730210C8730210C87302100F
:10C5F800C8730210C8730210C87302107E74021048
:10C6080014740210A07A021084760210C873021003
:10C61800C8730210C873021032760210DA7502105D
:10C62800C8730210C8730210C8730210F67A021099
:10C63800C8730210C8730210C8730210C8730210BE
:10C64800B8790210727902103C7B0210D878021077
:10C65800C87302107C78021044780210E877021040
:10C66800DA760210C8730210C8730210C873021079
:10C67800C8730210C8730210C87302107E740210C7
:10C6880014740210627902103275021032750210A9
:10C69800C8730210C873021014740210C873021011
:10C6A800647B0210C8730210C87302102A7C02103F
:10C6B8009E750210C8730210247A0210C873021003
:10C6C800147A0210C87302109E750210C873021003
:10C6D800C8730210D0790210907A0210C07B021041
:10C6E800AE850210F2800210688002104E8002109F
:10C6F800E4810210A08E0210A0890210168902108F
:10C70800FC880210948A0210537437636F6C6C6152
:10C7180074654963450000004CD8041010C7041024
:10C728004C9A04105374386E756D70756E63744945
:10C73800634500004CD804102CC704104C9A041010
:10C748005374376E756D5F67657449635374313917
:10C758006973747265616D6275665F69746572612B
:10C76800746F72496353743131636861725F7472B4
:10C778006169747349634545450000004CD804104D
:10C7880048C704104C9A04105374376E756D5F7067
:10C7980075744963537431396F73747265616D626E
:10C7A80075665F6974657261746F72496353743139
:10C7B80031636861725F7472616974734963454576
:10C7C800450000004CD8041090C704104C9A04107F
:10C7D800537431375F5F74696D6570756E63745F2C
:10C7E8006361636865496345000000004CD8041024
:10C7F800D8C704104C9A0410537431315F5F7469C0
:10C808006D6570756E637449634500004CD80410FB
:10C8180000C804104C9A0410537431306D6F6E6563
:10C828007970756E637449634C6231454500000048
:10C83800C4D8041020C80410000000000200000042
:10C848004C9A0410020000003CB2041002000000E0
:10C85800537431306D6F6E657970756E63744963AA
:10C868004C62304545000000C4D8041058C8041074
:10C8780000000000020000004C9A041002000000B2
:10C888003CB20410020000005374386D6573736184
:10C898006765734963450000C4D8041090C8041044
:10C8A80000000000020000004C9A04100200000082
:10C8B80058B2041002000000537432335F5F636F94
:10C8C80064656376745F61627374726163745F62D6
:10C8D80061736549636331305F6D62737461746558
:10C8E8005F744500C4D80410C0C8041000000000DC
:10C8F800020000004C9A041002000000C4A20410B8
:10C90800020000005374396D6F6E65795F67657456
:10C918004963537431396973747265616D62756600
:10C928005F6974657261746F7249635374313163FE
:10C938006861725F74726169747349634545450043
:10C948004CD804100CC904104C9A04105374396D57
:10C958006F6E65795F7075744963537431396F739D
:10C96800747265616D6275665F6974657261746F12
:10C9780072496353743131636861725F74726169BB
:10C9880074734963454545004CD8041054C90410D4
:10C998004C9A041053743874696D655F70757449E6
:10C9A80063537431396F73747265616D6275665F54
:10C9B8006974657261746F72496353743131636865
:10C9C80061725F747261697473496345454500001B
:10C9D8004CD804109CC904104C9A04105374387431
:10C9E800696D655F67657449635374313969737438
:10C9F8007265616D6275665F6974657261746F7284
:10CA0800496353743131636861725F747261697428
:10CA18007349634545450000C4D80410E4C90410AF
:10CA280000000000020000004C9A04100200000000
:10CA380070B2041002000000537431385F5F6D6FEC
:10CA48006E657970756E63745F6361636865496369
:10CA58004C623045450000004CD8041040CA041010
:10CA68004C9A0410537431385F5F6D6F6E6579703E
:10CA7800756E63745F636163686549634C623145D1
:10CA8800450000004CD804106CCA04104C9A0410DD
:10CA9800537431365F5F6E756D70756E63745F6366
:10CAA80061636865496345004CD8041098CA04104E
:10CAB8004C9A04100000000020C7041075F3011000
:10CAC80011F5011015F90110F9F90110E5F101103E
:10CAD800000000003CC7041001BE00104DBE00104D
:10CAE800C9F10110D1F1011035F70110ADF70110AE
:10CAF800CDF501100000000084C70410FDF10110FD
:10CB080089F20110993A0210013E0210B94402104C
:10CB1800554B0210F1510210E5590210256102101F
:10CB2800AD300210D1310210F53202101952021044
:10CB380000000000CCC7041011F20110A5F201108A
:10CB48000D200210ED1F0210F5220210F925021027
:10CB5800A5270210291A0210991D02101523021088
:10CB680000000000F4C704104DF20110F9F20110A2
:10CB78000000000014C8041091F30110D1F3011053
:10CB88000000000038C80410B5B7001001B8001044
:10CB980061F1011069F1011009F6011091F5011018
:10CBA800E9F7011081F6011071F1011079F1011016
:10CBB800A1F101100000000070C804101DB8001099
:10CBC80069B80010F9F0011001F10110F9F601102F
:10CBD800BDF6011045F6011071F7011009F10110B9
:10CBE80011F1011039F1011000000000A0C8041073
:10CBF80045F3011061F30110DDF1011059700310C4
:10CC0800E1F1011000000000ECC804100000000071
:10CC1800000000000000000000000000000000000C
:10CC280000000000000000000000000000000000FC
:10CC38000000000048C9041025F20110C1F20110DB
:10CC480019910210D99102100000000090C9041037
:10CC580039F20110DDF20110D9120210D1140210BC
:10CC680000000000D8C9041061F201100DF3011092
:10CC780025F801100000000020CA041075F2011008
:10CC880029F30110D9F101105D7D0210797E02109F
:10CC98004D6D0210E16E02104D610210536F0000DD
:10CCA800C4D80410A4CC0410000000000100000047
:10CCB80030C4041003F4FFFF5374313362617369A5
:10CCC800635F6F73747265616D4977537431316353
:10CCD8006861725F747261697473497745450000D1
:10CCE800C4D80410C0CC04100000000001000000EB
:10CCF80060C4041003F4FFFF14CD041028CD041001
:10CD08000400000000000000A8CC0410F9930210F1
:10CD18003D940210FCFFFFFFFCFFFFFFA8CC0410AE
:10CD2800199402106194021044CD041058CD0410D7
:10CD38000400000000000000E8CC04108D940210EC
:10CD4800D1940210FCFFFFFFFCFFFFFFE8CC0410AA
:10CD5800AD940210F5940210537431356261736911
:10CD6800635F73747265616D62756649635374318C
:10CD780031636861725F74726169747349634545B0
:10CD880000000000D0D6041060CD04105374313573
:10CD980062617369635F73747265616D6275664918
:10CDA8007753743131636861725F74726169747347
:10CDB8004977454500000000D0D6041094CD0410F2
:10CDC800000000008CCD04101D9E02104D9E021024
:10CDD8006D9D0210719D0210759D0210899D0210B3
:10CDE800A59D0210A99D0210CD9F0210AD9D0210B5
:10CDF800A59F0210B59D0210F99E0210BD9D02105C
:10CE080000000000C0CD0410359E0210699E02107B
:10CE1800C59D0210C99D0210CD9D0210E19D021012
:10CE2800FD9D0210019E021079A00210059E0210BD
:10CE38007D9F02100D9E0210859E0210159E021005
:10CE480018C4021004C40210F0C30210DEC302109A
:10CE580020C4021008C80210F4C70210E0C702106C
:10CE6800CEC7021010C802109E2E0310F62403101D
:10CE7800F6240310F6240310F6240310F6240310F6
:10CE8800F6240310F6240310F6240310F6240310E6
:10CE9800F6240310F6240310F6240310F6240310D6
:10CEA800F6240310F6240310F6240310F6240310C6
:10CEB800F6240310F6240310F6240310F6240310B6
:10CEC800F6240310F6240310F6240310F6240310A6
:10CED800F6240310F62403103E280310AC26031092
:10CEE800C82C0310D0290310F6240310F6240310CD
:10CEF800F62403108429031032290310F6240310A2
:10CF0800F6240310F6240310162D0310F62403103C
:10CF1800F6240310F6240310F6240310CE2D031074
:10CF2800802D0310642D0310062B0310F624031024
:10CF3800A62A0310742B0310542A03102C2A03105A
:10CF4800F6240310F6240310F6240310F624031025
:10CF5800F6240310F62403103E280310AC26031011
:10CF6800CA2E0310D8270310D8270310F62403105D
:10CF7800F6240310AC260310F6240310662C0310C5
:10CF8800F6240310F6240310162C0310F6280310B9
:10CF9800F6240310D62D0310F6240310902E031048
:10CFA800F6240310F6280310F6240310F6240310C1
:10CFB800422E0310BA2C0310B02B03104A39031069
:10CFC800003403107233031058330310A8340310CD
:10CFD8002A420310343D0310AA3C0310903C03106E
:10CFE800523E0310537437636F6C6C6174654977F4
:10CFF800450000004CD80410ECCF04104C9A0410E3
:10D00800537432315F5F63747970655F6162737402
:10D01800726163745F62617365497745000000005F
:10D02800C4D8041008D0041000000000020000005A
:10D038004C9A041002000000B8AE04100200000070
:10D048005374386E756D70756E637449774500005A
:10D058004CD8041048D004104C9A04105374376EFE
:10D06800756D5F6765744977537431396973747284
:10D0780065616D6275665F6974657261746F724926
:10D088007753743131636861725F74726169747364
:10D0980049774545450000004CD8041064D0041079
:10D0A8004C9A04105374376E756D5F7075744977B8
:10D0B800537431396F73747265616D6275665F6937
:10D0C80074657261746F7249775374313163686142
:10D0D800725F747261697473497745454500000051
:10D0E8004CD80410ACD004104C9A04105374313747
:10D0F8005F5F74696D6570756E63745F63616368A3
:10D1080065497745000000004CD80410F4D004109D
:10D118004C9A0410537431315F5F74696D65707592
:10D128006E637449774500004CD804101CD1041074
:10D138004C9A0410537431306D6F6E657970756E4A
:10D14800637449774C62314545000000C4D8041027
:10D158003CD1041000000000020000004C9A0410AA
:10D16800020000003CB20410020000005374313089
:10D178006D6F6E657970756E637449774C62304572
:10D1880045000000C4D8041074D104100000000049
:10D19800020000004C9A0410020000003CB2041087
:10D1A800020000005374386D6573736167657349D5
:10D1B80077450000C4D80410ACD10410000000006A
:10D1C800020000004C9A04100200000058B204103B
:10D1D80002000000537432335F5F636F64656376E7
:10D1E800745F61627374726163745F6261736549CD
:10D1F800776331305F6D6273746174655F74450085
:10D20800C4D80410DCD104100000000002000000A3
:10D218004C9A041002000000C4A20410020000008E
:10D228005374396D6F6E65795F67657449775374A8
:10D2380031396973747265616D6275665F697465A9
:10D248007261746F72497753743131636861725FC8
:10D258007472616974734977454545004CD8041068
:10D2680028D204104C9A04105374396D6F6E657986
:10D278005F7075744977537431396F73747265616F
:10D288006D6275665F6974657261746F7249775310
:10D29800743131636861725F74726169747349775C
:10D2A800454545004CD8041070D204104C9A04101F
:10D2B80053743874696D655F707574497753743148
:10D2C800396F73747265616D6275665F69746572D2
:10D2D80061746F72497753743131636861725F7436
:10D2E8007261697473497745454500004CD804104C
:10D2F800B8D204104C9A041053743874696D655F81
:10D308006765744977537431396973747265616DEF
:10D318006275665F6974657261746F724977537478
:10D328003131636861725F747261697473497745FA
:10D3380045450000C4D8041000D3041000000000C4
:10D34800020000004C9A04100200000070B20410A1
:10D3580002000000537431385F5F6D6F6E6579703D
:10D36800756E63745F636163686549774C623045C5
:10D37800450000004CD804105CD304104C9A0410EB
:10D38800537431385F5F6D6F6E657970756E637455
:10D398005F636163686549774C6231454500000009
:10D3A8004CD8041088D304104C9A041053743136A6
:10D3B8005F5F6E756D70756E63745F6361636865DA
:10D3C800497745004CD80410B4D304104C9A041083
:10D3D80000000000FCCF0410ADA90210E9AA021059
:10D3E800E5AE0210A5B002101DA802100000000052
:10D3F80028D0041000000000000000000000000019
:10D408000000000000000000000000000000000014
:10D418000000000000000000000000000000000004
:10D4280000000000000000000000000000000000F4
:10D4380058D0041009BF001055BF001001A80210F1
:10D4480009A802107DAB021065AE0210A5AE02104D
:10D4580000000000A0D0041035A80210C1A80210D6
:10D4680025EF02107DF2021009F902106DFF02107B
:10D47800D1050310910D03109114031091E50210CA
:10D48800A9E60210C1E70210F90503100000000028
:10D49800E8D0041049A80210DDA8021015D5021022
:10D4A800F5D40210C9D70210C1DA021065DC0210E7
:10D4B800D9CF0210A1D20210E9D702100000000053
:10D4C80010D1041085A8021031A902100000000034
:10D4D80030D10410C9A9021009AA021000000000E6
:10D4E80054D10410C5B9001011BA001099A7021040
:10D4F800A1A702106DAC021025AE0210A5AD021056
:10D5080025AD0210A9A70210B1A70210D9A70210D1
:10D51800000000008CD104102DBA001079BA001058
:10D5280031A7021039A70210F5AB0210E5AC0210C2
:10D5380065AD0210E5AD021041A7021049A702101F
:10D5480071A7021000000000BCD104107DA90210D0
:10D5580099A9021015A802109570031019A80210B5
:10D568000000000008D204100000000000000000C5
:10D5780000000000000000000000000000000000A3
:10D588000000000000000000000000000000000093
:10D5980064D204105DA80210F9A802108144031097
:10D5A8004145031000000000ACD2041071A802101D
:10D5B80015A902100DCA0210B9CB02100000000014
:10D5C800F4D2041099A8021045A90210D1AF021094
:10D5D800000000003CD30410ADA8021061A902109D
:10D5E80011A802106D30031085310310A11F03101C
:10D5F80025210310B91403105374396261645F6103
:10D608006C6C6F63000000004CD8041000D6041046
:10D6180004D704100000000010D604101D4C03109D
:10D62800314C0310154C0310537432306261645F3F
:10D6380061727261795F6E65775F6C656E67746839
:10D64800000000004CD8041030D6041010D6041086
:10D65800000000004CD60410554C0310694C031010
:10D668004D4C03105374386261645F6361737400D6
:10D678004CD804106CD6041004D704100000000025
:10D6880078D604108D4C0310A14C0310854C031060
:10D698004E31305F5F637878616269763131375F28
:10D6A8005F636C6173735F747970655F696E666FD1
:10D6B800450000004CD8041098D6041080D80410F7
:10D6C80000000000BCD60410054D0310194D0310CE
:10D6D800AD5E0310AD5E0310914D0310BD4C0310F9
:10D6E800754D0310354D0310F14C03105374396513
:10D6F8007863657074696F6E00000000D0D60410FE
:10D70800F4D60410537431336261645F65786365DD
:10D718007074696F6E0000004CD804100CD70410A8
:10D7280004D704104E31305F5F63787861626976A0
:10D738003131355F5F666F726365645F756E7769F7
:10D748006E644500D0D604102CD704104E31305FDB
:10D758005F637878616269763131395F5F666F72CD
:10D768006569676E5F657863657074696F6E45009B
:10D77800D0D6041054D704100000000020D704109D
:10D78800D1540310E5540310DD5403102855031039
:10D79800D655031088550310285503106E550310ED
:10D7A80000560310005603100056031000560310CD
:10D7B800A455031094550310285503106E550310F3
:10D7C8004E395F5F676E755F637878323072656374
:10D7D8007572736976655F696E69745F6572726F79
:10D7E800724500004CD80410C8D7041004D70410A0
:10D7F80000000000ECD70410455D0310595D0310CC
:10D80800D5540310000000004E31305F5F63787814
:10D81800616269763132305F5F73695F636C61732F
:10D82800735F747970655F696E666F45000000000C
:10D838004CD8041010D80410BCD604100000000006
:10D8480038D80410955D0310A95D0310AD5E031070
:10D85800AD5E0310914D0310BD4C0310855E03109F
:10D86800FD5D0310C55D0310537439747970655FED
:10D87800696E666F00000000D0D6041070D80410DE
:10D888004E31305F5F637878616269763132315F3B
:10D898005F766D695F636C6173735F747970655FE0
:10D8A800696E666F450000004CD8041088D80410D3
:10D8B800BCD6041000000000B0D80410E15E0310CC
:10D8C800F55E0310AD5E0310AD5E0310914D0310BD
:10D8D800BD4C031095630310A55F0310115F03107F
:10D8E800537437636F646563767449636331305F7B
:10D8F8006D6273746174655F744500004CD80410E0
:10D90800E8D80410ECC80410537437636F64656377
:10D91800767449776331305F6D6273746174655FE3
:10D92800744500004CD8041010D9041008D2041013
:10D938000000000004D9041061670310096803108F
:10D9480031670310416703103167031049670310FB
:10D958004D6703105167031049670310000000006A
:10D968002CD9041095670310C9670310A968031020
:10D97800416703105D690310D96903105D670310DF
:10D98800096A0310F569031000001F003B005A00E4
:10D9980078009700B500D400F300110130014E0162
:10D9A8006D0100001F003C005B0079009800B60084
:10D9B800D500F400120131014F016E010203000489
:10D9C800537431316C6F6769635F6572726F72008F
:10D9D8004CD80410C8D9041004D704105374313239
:10D9E8006C656E6774685F6572726F720000000024
:10D9F8004CD80410E4D90410D8D904105374313227
:10DA08006F75745F6F665F72616E67650000000016
:10DA18004CD8041004DA0410D8D9041053743133E4
:10DA280072756E74696D655F6572726F7200000061
:10DA38004CD8041024DA041004D7041000000000A5
:10DA4800D8D904102D71031031720310E970031036
:10DA580000000000F8D90410B1710310B972031066
:10DA6800E97003100000000018DA0410F1710310C7
:10DA780075720310E97003100000000038DA041012
:10DA8800ED7003106D710310E97003104E53743874
:10DA9800696F735F62617365376661696C7572651A
:10DAA8004235637878313145000000004CD80410C5
:10DAB80094DA0410F8DB0410537431335F5F696F34
:10DAC800735F6661696C75726500000040DB041065
:10DAD800C0DA0410B4DA0410537431395F5F696F27
:10DAE800736661696C5F747970655F696E666F00F3
:10DAF800C4D80410E0DA041000000000010000009F
:10DB080038D804100000000000000000B4DA041047
:10DB1800F1790310057A0310E97903100000000079
:10DB2800D4DA0410797A03109D7A0310E979031086
:10DB380000000000F8DA0410217A0310357A031087
:10DB4800AD5E0310AD5E0310914D0310517A0310C2
:10DB5800855E0310FD5D0310C55D03104CD80410ED
:10DB680070DB0410DCDB04102A4E31325F474C4F67
:10DB780042414C5F5F4E5F313137696F5F6572724A
:10DB88006F725F63617465676F72794500000000AA
:10DB98000000000064DB04106D7C0310817C03101E
:10DBA800617C0310BD7E03109D7C0310AD7D0310C6
:10DBB800B57D0310E57D03104E5374335F56323143
:10DBC800346572726F725F63617465676F727945ED
:10DBD80000000000D0D60410C0DB041053743132AA
:10DBE80073797374656D5F6572726F7200000000FF
:10DBF8004CD80410E4DB041038DA04104CD80410B4
:10DC080010DC0410DCDB04102A4E31325F474C4F25
:10DC180042414C5F5F4E5F31323267656E657269B3
:10DC2800635F6572726F725F63617465676F727943
:10DC3800450000004CD8041048DC0410DCDB04105C
:10DC48002A4E31325F474C4F42414C5F5F4E5F3145
:10DC5800323173797374656D5F6572726F725F6369
:10DC6800617465676F72794500000000000000006C
:10DC7800F8DB0410217E0310357E0310E9700310D1
:10DC88000000000004DC0410257D0310097E031049
:10DC9800057D0310BD7E0310517E0310AD7D03107A
:10DCA8000D7D0310E57D0310000000003CDC04102E
:10DCB800A97D0310157E0310297D0310BD7E031076
:10DCC800517E0310317D0310F17E0310E57D0310B2
:10DCD8004E537438696F735F626173653766616943
:10DCE8006C757265450000004CD80410D8DC04102F
:10DCF80004D7041000000000F0DC0410B57F031006
:10DD0800F57F0310B17F0310FC85031068850310AD
:10DD180068850310688503106885031068850310FB
:10DD2800688503106885031068850310EA85031069
:10DD3800EA850310EA850310EA850310EA850310D3
:10DD480068850310688503106885031068850310CB
:10DD580068850310688503106885031068850310BB
:10DD680068850310688503106885031068850310AB
:10DD7800688503106885031068850310688503109B
:10DD88006885031068850310EA8503106885031009
:10DD9800688503106885031068850310688503107B
:10DDA800688503106885031068850310688503106B
:10DDB80068850310EE85031068850310728D0310C3
:10DDC800BC930310C0900310129103100C91031020
:10DDD800F8900310C090031035000000CEFBFFFF41
:10DDE800CB03000001000000000000003400000028
:10DDF800CEFBFFFFCB030000010000000000000085
:10DE0800BC89D897B2D29C3C33A7A8D523F6493908
:10DE18003DA7F444FD0FA5329D978CCF08BA5B252A
:10DE2800436FAC6428066811000000000000000081
:10DE380000000000000000000000000000000000DA
:10DE480000000000000000000000000000000000CA
:10DE5800000000000000000010111213141516171E
:10DE68001819000000000000001A1B1C1D1E1F00CE
:10DE7800000000000000000000000000000000009A
:10DE88000000000000000000001A1B1C1D1E1F00DF
:10DE9800000000000000000000000000000000007A
:10DEA800000000000000000000000000000000006A
:10DEB800000000000000000000000000000000005A
:10DEC800000000000000000000000000000000004A
:10DED800000000000000000000000000000000003A
:10DEE800000000000000000000000000000000002A
:10DEF800000000000000000000000000000000001A
:10DF08000000000000000000000000000000000009
:10DF180000000000000000000000000000000000F9
:10DF280000000000000000003AA10310F8A0031050
:10DF3800FEA0031004A103100AA1031010A10310EE
:10DF480016A103101CA1031022A1031028A103107D
:10DF58002EA1031034A10310F2A0031032A903105C
:10DF680032A7031032A7031032A7031032A70310F9
:10DF780032A7031032A7031032A7031032A70310E9
:10DF880032A7031032A7031032A7031032A70310D9
:10DF980032A7031032A7031032A7031032A70310C9
:10DFA80032A7031032A7031032A7031032A70310B9
:10DFB80032A7031032A7031032A7031032A70310A9
:10DFC80032A7031032A7031032A7031040A9031089
:10DFD80082A90310E0A903103EAA031032A7031078
:10DFE80098AE0310C0AE031036A7031064A7031041
:10DFF80032A7031032A7031032A70310CAAC0310CC
:10E0080032A7031032A703109CA7031032A70310EE
:10E0180002AC0310C4AC031044AC03106CAC031086
:10E028005CA8031094AA0310BEAA0310CCAA03107C
:10E0380022AB031032A7031032A7031032A7031034
:10E0480032A7031032A7031032A7031076AC0310CF
:10E0580000A80310B6AC031038A8031038A80310A2
:10E0680032A70310D0AC031000A8031032A7031086
:10E07800F6AC031036A7031064A7031000AD031015
:10E0880008AD031032A703109CA703101CAD0310A2
:10E098002CAD031070AD031080AA031086A80310DE
:10E0A800A4A80310ECA8031004A9031024AC0310BF
:10E0B80082AB0310F2BC031006BD031006BD0310AB
:10E0C80006BD031006BD031066C2031006BD03108B
:10E0D80006BD031006BD031006BD031006BD0310E0
:10E0E80096BD031096BD031096BD031096BD031090
:10E0F80096BD031096BD031096BD031096BD031080
:10E1080096BD031096BD031006BD031006BD03108F
:10E1180006BD031006BD031006BD031006BD03109F
:10E1280006BD031006BD031006BD031006BD03108F
:10E138005CC20310ACBD031006BD0310ACBD0310D8
:10E1480006BD031006BD031006BD031006BD03106F
:10E15800A6C0031006BD031006BD031052C103106C
:10E1680006BD031006BD031006BD031006BD03104F
:10E1780006BD031006BD031006BD031006BD03103F
:10E1880090C0031006BD031006BD0310EAC00310BB
:10E1980006BD031006BD031006BD031006BD03101F
:10E1A80006BD031006BD031006BD031046C10310CB
:10E1B80066C10310ACBD0310ACBD0310ACBD0310A9
:10E1C80076C1031086C1031006BD031006BD0310F7
:10E1D80044C2031006BD0310B6C0031024CA0310BE
:10E1E800DAC0031006BD031006BD0310E2C0031019
:10E1F80006BD03102CCA031006BD031006BD03108C
:10E2080090C00310ECBF031038BE0310ECBF03101E
:10E2180038BE031038BE031072C0031082BE03104C
:10E2280082BE031082BE031082BE031082BE03109A
:10E2380082BE031082BE031082BE031082BE03108A
:10E2480038BE031038BE031038BE031038BE0310A2
:10E2580038BE031038BE031038BE0310E0BE0310EA
:10E268007EBE03107EBE03107EBE031096BE031052
:10E27800D0BF031038BE031038BE0310F8BE031019
:10E2880038BE031038BE031038BE031038BE031062
:10E298003EC0031038BE031036C0031038BE03104A
:10E2A80038BE031038BE031028C0031038BE031050
:10E2B80038BE031038BE0310F8BF0310D4BE0310D5
:10E2C80038BE031038BE031038BE031038BE031022
:10E2D80038BE031038BE031038BE0310E0BE03106A
:10E2E8007EBE03107EBE03107EBE031096BE0310D2
:10E2F800D0BF031038BE031038BE0310F8BE031099
:10E3080038BE031038BE031038BE031038BE0310E1
:10E318003EC0031038BE031036C0031038BE0310C9
:10E3280038BE031038BE031028C0031038BE0310CF
:10E3380038BE031038BE0310F8BF0310D4BE031054
:10E34800B6C303103CC30310B6C303103CC3031089
:10E358003CC30310D0C3031088C3031088C3031041
:10E3680088C3031088C3031088C3031088C303102D
:10E3780088C30310C0C30310C0C303103CC30310F9
:10E388003CC303103CC303103CC303103CC303103D
:10E398003CC303103CC3031018C3031018C3031075
:10E3A80018C3031018C3031018C3031018C30310AD
:10E3B8003CC303103CC303103CC303103CC303100D
:10E3C8003CC303103CC303103CC303103CC30310FD
:10E3D8003CC303103CC303103CC303103CC30310ED
:10E3E8003CC303103CC303103CC303103CC30310DD
:10E3F8003CC3031098C303103CC303103CC3031071
:10E408003CC303103CC303103CC303103CC30310BC
:10E418003CC303103CC3031018C3031018C30310F4
:10E4280018C3031018C3031018C3031018C303102C
:10E438003CC303103CC303103CC303103CC303108C
:10E448003CC303103CC303103CC303103CC303107C
:10E458003CC303103CC303103CC303103CC303106C
:10E468003CC303103CC303103CC303103CC303105C
:10E478003CC3031098C303100A0001000200030004
:10E488000400050006000700080009000A000B0048
:10E498000C000D000E000F0010000000788304101F
:10E4A8007C83041080830410848304103083041058
:10E4B800888304108C8304109083041094830410C0
:10E4C800988304109C830410A08304100C83041008
:10E4D800148304102083041028830410308304104C
:10E4E800348304103C830410448304104C830410C8
:10E4F80058830410608304106C830410F0820410A5
:10E50800F4820410F8820410FC82041000830410C2
:10E518000483041008830410AC820410B48204102D
:10E52800BC820410C4820410D0820410DC8204105F
:10E53800E4820410E8800410D4800410E0840410FD
:10E54800988204109C820410F88404100C83041030
:10E5580014830410208304102883041030830410CB
:10E56800348304103C830410448304104C83041047
:10E5780058830410608304106C8304101085041001
:10E58800A08204100C6104100C6104100C610410CA
:10E598000C6104100C6104104CD3031028D3031031
:10E5A8006CD303107CD3031034D3031034D303107B
:10E5B8008CD3031034D3031034D3031034D3031093
:10E5C80034D303109CD3031034D3031034D3031073
:10E5D80034D30310ACD3031034D3031034D3031053
:10E5E800C8D3031034D30310D8D3031034D3031083
:10E5F80034D303103CD3031080DE03107CDE0310F9
:10E6080078DE031074DE031070DE03106CDE031076
:10E6180068DE031064DE031060DE03105CDE0310A6
:10E6280058DE031054DE031050DE03104CDE0310D6
:10E6380048DE03102EDD031044DE031040DE031015
:10E648003CDE031038DE031034DE031030DE031026
:10E658002CDE031028DE031024DE031020DE031056
:10E668001CDE031018DE031014DE031010DE031086
:10E678000CDE031008DE031004DE031000DE0310B6
:10E68800FCDD0310F8DD0310F4DD03102EDD0310AC
:10E698002EDD03102EDD03102EDD03102EDD0310FA
:10E6A8002EDD03102EDD03102EDD0310F0DD031028
:10E6B800ECDD03102EDD03102EDD03102EDD03101C
:10E6C8002EDD03102EDD03102EDD03102EDD0310CA
:10E6D8002EDD03102EDD03102EDD03102EDD0310BA
:10E6E8002EDD03102EDD0310E8DD0310E4DD03103A
:10E6F800E0DD0310DCDD03102EDD03102EDD03103A
:10E708002EDD0310D8DD03102EDD03102EDD0310DF
:10E718002EDD0310D4DD03102EDD03102EDD0310D3
:10E72800D0DD03102EDD03102EDD0310CCDD031029
:10E738002EDD03102EDD03102EDD03102EDD031059
:10E748002EDD03102EDD03102EDD03102EDD031049
:10E758002EDD03102EDD0310C8DD03102EDD03109F
:10E76800C4DD0310C0DD0310BCDD03102EDD031073
:10E778002EDD0310B8DD03102EDD03102EDD03108F
:10E788002EDD03102EDD03102EDD03102EDD031009
:10E798002EDD03102EDD0310B4DD0310B0DD0310F1
:10E7A800ACDD0310A8DD0310A4DD0310A0DD031009
:10E7B8002EDD03109CDD031098DD031094DD03109B
:10E7C80090DD03108CDD031088DD031084DD031059
:10E7D80080DD03107CDD031068DD031064DD0310A9
:10E7E80060DD03105CDD03102EDD031058DD03101F
:10E7F80054DD031050DD03104CDD03102EDD031033
:10E808002EDD03102EDD03102EDD03102EDD031088
:10E8180078DD03102EDD03102EDD03102EDD03102E
:10E8280074DD031070DD03106CDD031048DD031088
:10E8380044DD03100020202020202020202028282C
:10E8480028282820202020202020202020202020A8
:10E8580020202020208810101010101010101010E8
:10E868001010101010040404040404040404041018
:10E8780010101010101041414141414101010101A6
:10E888000101010101010101010101010101010170
:10E89800101010101010424242424242020202027C
:10E8A8000202020202020202020202020202020240
:10E8B80010101010200000000000000000000000F0
:10E8C8000000000000000000000000000000000040
:10E8D8000000000000000000000000000000000030
:10E8E8000000000000000000000000000000000020
:10E8F8000000000000000000000000000000000010
:10E9080000000000000000000000000000000000FF
:10E9180000000000000000000000000000000000EF
:10E9280000000000000000000000000000000000DF
:10E93800000000000000000064EB031040E9031031
:10E9480040E9031040E9031040E9031040E90310CF
:10E9580040E9031040E9031040E9031040E90310BF
:10E9680040E9031040E9031040E9031040E90310AF
:10E9780040E9031040E9031040E9031040E903109F
:10E9880040E9031040E9031040E9031040E903108F
:10E9980040E9031040E9031040E9031040E903107F
:10E9A80040E9031040E903109CEB0310ECEB031063
:10E9B8003AEC031098EC031040E90310DAEC03106A
:10E9C800FEEC031044E9031072E9031040E9031058
:10E9D80040E9031040E903108EED031040E90310ED
:10E9E80040E90310AAE9031040E903100CF10310F1
:10E9F8000CF003107CEF0310A4EF031078EA031067
:10EA080084F1031030F1031036F1031012F00310F3
:10EA180040E9031040E9031040E9031040E90310FE
:10EA280040E9031040E90310B8EF03100EEA0310A1
:10EA380006F0031054EA031054EA031040E90310E7
:10EA480094ED03100EEA031040E90310CEED031015
:10EA580044E9031072E90310D8ED0310E0ED031048
:10EA680040E90310AAE90310F6ED031006EE0310BF
:10EA780034EE031066EF0310A2EA0310C4EA031091
:10EA880010EB03102AEB031072F0031088F0031048
:10EA98007AF7031090F7031090F7031090F703101C
:10EAA80090F70310C2FB031090F7031090F70310C0
:10EAB80090F7031090F7031090F7031046F803102F
:10EAC80046F8031046F8031046F8031046F80310FA
:10EAD80046F8031046F8031046F8031046F80310EA
:10EAE80046F8031090F7031090F7031090F70310FF
:10EAF80090F7031090F7031090F7031090F70310A6
:10EB080090F7031090F7031090F70310EEF9031035
:10EB180090F7031090F7031090F7031090F7031085
:10EB280090F7031090F7031090F703107CFB031085
:10EB380090F7031090F703108CFB031090F7031065
:10EB480090F7031090F7031090F7031090F7031055
:10EB580090F7031090F7031090F703105CF8031078
:10EB680090F7031090F70310FCF8031090F70310C8
:10EB780090F7031090F7031090F7031090F7031025
:10EB880090F7031090F7031004FA031012FA031019
:10EB980090F7031090F7031090F703101AFA031078
:10EBA80040FA031090F7031090F70310ACFB031022
:10EBB80090F70310B4F90310B6020410E4F9031037
:10EBC80090F7031090F70310A2FB031090F70310BF
:10EBD800BE02041090F7031090F703105CF80310BE
:10EBE800CAFC031040FC0310CAFC031040FC0310CD
:10EBF80040FC0310E4FC03109CFC03109CFC031075
:10EC08009CFC03109CFC03109CFC03109CFC031050
:10EC18009CFC0310D4FC0310D4FC031040FC03102C
:10EC280040FC031040FC031040FC031040FC0310A0
:10EC380040FC031040FC03101EFC03101EFC0310D4
:10EC48001EFC03101EFC03101EFC03101EFC031008
:10EC580040FC031040FC031040FC031040FC031070
:10EC680040FC031040FC031040FC031040FC031060
:10EC780040FC031040FC031040FC031040FC031050
:10EC880040FC031040FC031040FC031040FC031040
:10EC980040FC0310ACFC031040FC031040FC0310C4
:10ECA80040FC031040FC031040FC031040FC031020
:10ECB80040FC031040FC03101EFC03101EFC031054
:10ECC8001EFC03101EFC03101EFC03101EFC031088
:10ECD80040FC031040FC031040FC031040FC0310F0
:10ECE80040FC031040FC031040FC031040FC0310E0
:10ECF80040FC031040FC031040FC031040FC0310D0
:10ED080040FC031040FC031040FC031040FC0310BF
:10ED180040FC0310ACFC03100A00010002000300D1
:10ED28000400050006000700080009000A000B009F
:10ED38000C000D000E000F00100000000000000085
:10ED480005000000190000007D0000000000000020
:10ED5800BC89D897B2D29C3C33A7A8D523F64939A9
:10ED68003DA7F444FD0FA5329D978CCF08BA5B25CB
:10ED7800436FAC642806C80A0080E03779C3414372
:10ED8800176E05B5B5B89346F5F93FE9034F384D09
:10ED9800321D30F94877825A3CBF737FDD4F1575B5
:10EDA800000000000000F03F0000000000002440C8
:10EDB80000000000000059400000000000408F40A3
:10EDC800000000000088C34000000000006AF8400E
:10EDD8000000000080842E4100000000D012634132
:10EDE8000000000084D797410000000065CDCD41A8
:10EDF800000000205FA00242000000E87648374289
:10EE0800000000A2941A6D42000040E59C30A24226
:10EE18000000901EC4BCD64200003426F56B0C439B
:10EE28000080E03779C3414300A0D8855734764342
:10EE380000C84E676DC1AB43003D9160E458E143A3
:10EE4800408CB5781DAF154450EFE2D6E41A4B4418
:10EE580092D54D06CFF08044F64AE1C7022DB5445D
:10EE6800B49DD9794378EA441F0000001C000000D3
:10EE78001F0000001E0000001F0000001E00000010
:10EE88001F0000001F0000001E0000001F000000FF
:10EE98001E0000001F0000001F0000001D000000F1
:10EEA8001F0000001E0000001F0000001E000000E0
:10EEB8001F0000001F0000001E0000001F000000CF
:10EEC8001E0000001F000000B02C0410102A0410BF
:10EED800102A0410A82C0410102A0410102A041058
:10EEE800102A0410102A0410102A0410102A0410E2
:10EEF800962C04108C2C0410102A0410A429041039
:10EF0800CC2C0410102A0410C42C0410EC2A041071
:10EF1800EC2A0410EC2A0410EC2A0410EC2A041041
:10EF2800EC2A0410EC2A0410EC2A0410EC2A041031
:10EF3800102A0410102A0410102A0410102A041091
:10EF4800102A0410102A0410102A0410102A041081
:10EF5800102A0410102A0410042D0410102A04107A
:10EF6800102A0410102A0410102A0410102A041061
:10EF7800102A0410102A0410102A0410102A041051
:10EF8800102A0410EC2B0410102A0410102A041064
:10EF9800102A0410102A0410102A04105A2B0410E6
:10EFA800102A0410102A04108E310410102A04109C
:10EFB800102A0410102A0410102A0410102A041011
:10EFC800102A0410102A0410102A0410102A041001
:10EFD800102A04103E2B04104E310410102A04107D
:10EFE800102A0410102A04100A2B04104E310410A1
:10EFF800102A0410102A0410302B0410102A0410B0
:10F00800122B0410EE3104101A2E0410122E0410C4
:10F01800102A0410C22D0410102A0410E63104101E
:10F02800102A0410102A0410F63104102020202081
:10F038002020202020202020202020203030303088
:10F048003030303030303030303030305C3C0410CC
:10F058006237041062370410543C041062370410FD
:10F0680062370410623704106237041062370410E4
:10F0780062370410423C04103A3C04106237041012
:10F0880014370410743C0410623704106C3C0410EC
:10F0980056380410563804105638041056380410E0
:10F0A80056380410563804105638041056380410D0
:10F0B800563804106237041062370410623704109F
:10F0C8006237041062370410623704106237041084
:10F0D8006237041062370410623704106237041074
:10F0E800A238041062370410A238041062370410E2
:10F0F800623704106237041062370410D83B0410DA
:10F108006237041062370410623704106237041043
:10F118006237041062370410623704106237041033
:10F128006237041062370410623704106243041017
:10F138006237041062370410623704106237041013
:10F148006237041062370410623704106237041003
:10F158006237041062370410B23B04102E390410D1
:10F16800A2380410A2380410A2380410323C04104B
:10F178002E3904106237041062370410223C041040
:10F1880062370410063C0410E03B0410F63A041001
:10F19800EE3A0410623704106E3A04106237041015
:10F1A800B83904106237041062370410A8430410F9
:10F1B80020000000200000002000000020000000C7
:10F1C80020000000200000002000000020000000B7
:10F1D80020000000200000002000000020000000A7
:10F1E8002000000020000000200000002000000097
:10F1F8003000000030000000300000003000000047
:10F208003000000030000000300000003000000036
:10F218003000000030000000300000003000000026
:10F228003000000030000000300000003000000016
:10F23800A564FE7FF0800201B0B0B0ABFFFF0158BB
:10F24800D201048A0600880204FA0600B80204EA19
:10F258000600E60204DA0600BE0404CA0600F60444
:10F2680004BA0600AA0504AA0600DC05049A0600EA
:10F278009606040000A606040000B606040000C6B0
:10F2880006040000D606040000E606040000F606A0
:10F2980004000086070400003D64FE7FB0B0A800AB
:10F2A800FF1011010816223A013E04000001000077
:10F2B800000000002164FE7FB0B0AA00FF10290101
:10F2C8001DB40102C00101BA0102CC0101C401044C
:10F2D800D80103D00104E00103DC010A00000100A9
:10F2E8007F0000000000000000000000E963FE7FCE
:10F2F800F0800201B0B0B0ABFF1059014F460400D6
:10F3080000960104B605018203040000840402CEBD
:10F31800050194044800008A0502C40501AE0502EF
:10F32800D80501B20502E20501C00504EC0500C8D4
:10F338000504F40503D20504FE0503DC0504FC05F9
:10F3480003E60504800603F0050C000001007F00B9
:10F3580000000000000000007D63FE7FF0801001C7
:10F36800B0B0B0ABFF1075016C5E22C80E01B401DD
:10F3780004EC0E03C20128C80E01F40104EA0E03CE
:10F38800800204C80E01C60204EE0E03D40204C8AB
:10F398000E019A0304E20E03A803B602C80E019CEC
:10F3A8000604E60E03AA0628C80E01DC0604E40ECD
:10F3B80003E80604C80E01AE0704E80E03BC070400
:10F3C800C80E01FC0704D60E03C60AF802C80E01CF
:10F3D800D20E2200007F00007D0000000000000027
:10F3E800F562FE7FB0B0A800FFFF010C12021E00FC
:10F3F8001604000024040000DD62FE7FB0B0A800FF
:10F40800FFFF010C1202240016043400300400002F
:10F41800C562FE7FB0B0A800FFFF010C12021E00FB
:10F428001604000024040000AD62FE7FB0B0A800FE
:10F43800FFFF010C120224001604340030040000FF
:10F448009562FE7FB0B0A800FFFF010C12021E00FB
:10F4580016040000240400007D62FE7FB0B0A800FE
:10F46800FFFF010C120224001604340030040000CF
:10F478006562FE7FB0B0A800FFFF010C12021E00FB
:10F4880016040000240400004D62FE7FB0B0A800FE
:10F49800FFFF010C1202240016043400300400009F
:10F4A8003562FE7FB0B0A800FFFF01080404120017
:10F4B800180400002162FE7FB0B0A800FFFF010819
:10F4C80004041200180400000D62FE7FB0B0A8000A
:10F4D800FFFF01080404120018040000F961FE7F10
:10F4E800B0B0A800FFFF01080404120018040000CF
:10F4F800E561FE7FB0B0AA00FFFF01101A043400D6
:10F50800260400002E02320040040000C961FE7F7C
:10F51800B0B0A800FFFF010804041200180400009E
:10F52800B561FE7FB0B0AA00FFFF01101A043400D5
:10F53800260400002E023200400400009961FE7F7C
:10F54800B0B0A800FFFF010804041200180400006E
:10F558008561FE7FB0B0AA00FFFF01101A043400D5
:10F56800260400002E023200400400006961FE7F7C
:10F57800B0B0A800FFFF010804041200180400003E
:10F588005561FE7FB0B0AA00FFFF01101A043400D5
:10F59800260400002E023200400400003961FE7F7C
:10F5A800B0B0A800FFFF010804041200180400000E
:10F5B8002561FE7FB0B0A800FFFF010C12021E00FB
:10F5C80016040000240400000D61FE7FB0B0A800FE
:10F5D800FFFF010C1202240016043400300400005E
:10F5E800F560FE7FB0B0A800FFFF010C12021E00FC
:10F5F8001604000024040000DD60FE7FB0B0A800FF
:10F60800FFFF010C1202240016043400300400002D
:10F61800C560FE7FB0B0A800FFFF01080404120017
:10F6280018040000B160FE7FB0B0A800FFFF010819
:10F6380004041200180400009D60FE7FB0B0AA0008
:10F64800FFFF01101A043400260400002E023200C5
:10F65800400400008160FE7FB0B0A800FFFF0108F1
:10F6680004041200180400006D60FE7FB0B0AA0008
:10F67800FFFF01101A043400260400002E02320095
:10F68800400400005160FE7FB0B0A800FFFF0108F1
:10F6980004041200180400003D60FE7FF080080199
:10F6A800B0B0B0ABFFFF01382E04A205005204C071
:10F6B80005007E04BE0500AC0104BC0500960204EA
:10F6C8000000C60204BA0500EA0204B80500960361
:10F6D80004B60500C20304AC0500AC048A010000AE
:10F6E80080100181B0B0AB300000000080100181B3
:10F6F800B0B0AB3000000000DD5FFE7FB0A80900AD
:10F70800FFFF010C121E54004A0A54005E04000058
:10F71800C55FFE7FB0AB1200FFFF010A323A8601D7
:10F728000090010400000000AD5FFE7F2080110101
:10F73800B0B0B0ABFFFF010A3C3A9401009E01044F
:10F7480000000000915FFE7FB0A90C00FFFF010CD4
:10F75800261E68005E0A680072040000795FFE7F5A
:10F7680030800A01B0B0B0ABFFFF011018249C0133
:10F778000092010A9C0100A601040000595FFE7F67
:10F7880030800C01B0B0B0ABFFFF01102C24B001E9
:10F7980000A6010AB00100BA01040000395FFE7F2B
:10F7A800B0B0A800FFFF01002D5FFE7FB0B0A80039
:10F7B800FFFF0100215FFE7FB0B0A800FFFF01003E
:10F7C800155FFE7FB0B0A800FFFF0100095FFE7F54
:10F7D800F0801601B0B0B0ABFFFF01115204A802CF
:10F7E80000A4018401A80200B20204000000000085
:10F7F800E55EFE7F70801501B0B0B0ABFFFF011071
:10F808005004D6010098013ED60100E00104000032
:10F81800C55EFE7F10800101B0B0B0ABFFFF0122D2
:10F82800122A00004412A80200720200007E129EF2
:10F838000200AC01020000B60112AA0200A40204F0
:10F8480000000000915EFE7F10800101B0B0B0ABF7
:10F85800FFFF0129122800004212C20200700200B4
:10F8680000860112D60200BA01020000D00172CC53
:10F878000200C8020E0000D80204D60200000000F0
:10F88800555EFE7FB0A90200FFFF010E10020000C6
:10F898001A2A82010088010400000000395EFE7FF8
:10F8A800B0A90200FFFF010E100200001A2A82010F
:10F8B80000880104000000001D5EFE7F1080030127
:10F8C800B0B0B0ABFFFF012E123200004C12A00303
:10F8D800007A0200008601129E0300B401020000B3
:10F8E800C00112920300EE01020000FA01129C030B
:10F8F80000A6027600000000DD5DFE7F1080030197
:10F90800B0B0B0ABFFFF012E123200004C12A003C2
:10F91800007A0200008601129E0300B40102000072
:10F92800C00112920300EE01020000FA01129C03CA
:10F9380000A60276000000009D5DFE7F3080040175
:10F94800B0B0B0ABFFFF0145143200004E12DA032D
:10F95800007E020000960112CC0300CA01020000DA
:10F96800E20112E403009602020000AC0212E60370
:10F9780000DE02780000D60304CC0300E003040094
:10F9880000E80304E60300EC0304E40300000000BD
:10F99800455DFE7F30800401B0B0B0ABFFFF01458C
:10F9A800143200004E12DA03007E020000960112A3
:10F9B800CC0300CA01020000E20112E4030096022F
:10F9C800020000AC0212E60300DE02780000D60353
:10F9D80004CC0300E003040000E80304E60300ECA1
:10F9E8000304E40300000000ED5CFE7FB0A8010002
:10F9F800FFFF010C1404000024025800540E0000FC
:10FA0800D55CFE7FB0A80100FFFF010C14040000C4
:10FA180024025800540E0000BD5CFE7F10800501D2
:10FA2800B0B0B0ABFFFF01131E0400003A02E801BA
:10FA380000443CD80100D40114000000995CFE7F0A
:10FA480070800501B0B0B0ABFFFF01132A040000BD
:10FA58006802A20200724AA402009E021600000078
:10FA6800755CFE7FF0800E01B0B001ABFFFF010FA7
:10FA780058020000B00172B80200BE020400000083
:10FA8800555CFE7FF0800E01B0B001ABFFFF010FA7
:10FA980058020000B00172B80200BE020400000063
:10FAA800355CFE7F70800901B0B001ABFFFF010E2D
:10FAB8003E0400006A02DE0100B4013400000000C8
:10FAC800155CFE7FF0800C01B0B001ABFFFF010FA9
:10FAD8004A040000900102AC0200DC015A00000058
:10FAE800F55BFE7FB0B0AA00FFFF01BC01980104DE
:10FAF8000000A00104B60900B401040000BC010420
:10FB0800B40900EC0104CA0900840204BC09008C91
:10FB1800021C0000B20204B80900C802040000D4A4
:10FB28000204BA0900EA02340000A20304B2090080
:10FB3800DE0304B00900F60304CC0900FE03040048
:10FB480000860404EA0900C20404E80900DA04048F
:10FB5800DA0900E204040000EA0404EC0900FE04E7
:10FB6800040000880504FE0900BA0504FC0900D257
:10FB78000504EE0900DA05FC010000DA0704AE0905
:10FB8800009608049E0900AE0804800A00B608041E
:10FB98000000BE08049E0A00FA08049C0A009209A4
:10FBA800048E0A009A0914000000000080020181F6
:10FBB800B0B0ABF00000000080020181B0B0ABF043
:10FBC80000000000115BFE7FB0B0A800FFFF01003D
:10FBD800055BFE7FB0B0A800FFFF0100F95AFE7F69
:10FBE800B0B0A800FFFF0100ED5AFE7FB0B0A8003A
:10FBF800FFFF0100E15AFE7FB0B0A800FFFF010837
:10FC08000E0422002C04000080020181B0B0ABF089
:10FC18000000000080020181B0B0ABF000000000DD
:10FC2800B55AFE7FB0B0A800FFFF0100A95AFE7FB9
:10FC3800B0B0A800FFFF01009D5AFE7FB0B0A80039
:10FC4800FFFF0100915AFE7FF0800C01B0B0B0AB0D
:10FC5800FFFF010E1E04000030049E0100A40104F1
:10FC680000000000715AFE7FF0800A01B0B0B0AB0E
:10FC7800FF102901213404B2020046049C020082CC
:10FC88000104940201A40170B402019802049E02C6
:10FC980000AE0204000001000000000080020181A3
:10FCA800B000AB10000000002D5AFE7FF08020014C
:10FCB800B0B0B0ABFF1045013C9801F409B61A008A
:10FCC800E00B04C61A00FA0CBA04B61A00B81104FC
:10FCD800D81A01EA1104C81A01F611040000C81262
:10FCE8009C07B61A00FC194A0000D41A04DE1A0050
:10FCF800E21A04000001000000000000D959FE7F4C
:10FD0800F0802001B0B0B0ABFF1045013C9801F481
:10FD180009B61A00E00B04C61A00FA0CBA04B61A9F
:10FD280000B81104D81A01EA1104C81A01F611041E
:10FD38000000C8129C07B61A00FC194A0000D41A21
:10FD480004DE1A00E21A04000001000000000000AE
:10FD58008559FE7F10800F01B0B0B0ABFFFF010ADC
:10FD6800424E920100980104000000006959FE7F8C
:10FD7800F0801001B0B0B0ABFFFF010B62BC01A670
:10FD88000200A2020E0000004D59FE7FF0801E0105
:10FD9800B0B0B0ABFF1079016FE20130860900FE08
:10FDA80002B802F60800B80604860900E6061EF640
:10FDB8000800880704980901BA0704880901C407DC
:10FDC800040000D60732860900940804F60800AA41
:10FDD8000804860900BE0804F60800DA0804860943
:10FDE80000E00804F60800E80804860900EC0804A6
:10FDF8000000F20804F608008209040000940904CF
:10FE08009E0900A209040000010000000000000093
:10FE1800C558FE7FF0801E01B0B0B0ABFF1079016D
:10FE28006FE20130860900FE02B802F60800B80643
:10FE380004860900E6061EF60800880704980901EA
:10FE4800BA0704880901C407040000D607328609E6
:10FE580000940804F60800AA0804860900BE0804ED
:10FE6800F60800DA0804860900E00804F60800E845
:10FE78000804860900EC08040000F20804F60800EB
:10FE880082090400009409049E0900A209040000E4
:10FE980001000000000000003D58FE7F800E970121
:10FEA800B0B0ABF0FFFF0122564EA40300F6014AA2
:10FEB800A60300D40224A40300FE0220A60300A087
:10FEC8000304A40300BC03040000000080040181B3
:10FED800B0B0ABF000000000800E0181B0B0ABF014
:10FEE800000000000E970181B0ABF0800000000018
:10FEF80008970181B0ABF0800000000080200181EC
:10FF0800B0B0ABF00000000080360181B0B0ABF0BB
:10FF180000000000C157FE7FB0B0A800FFFF010835
:10FF28000E0418001E040000803C0181B0B0ABF044
:10FF38000000000080100181B0B0AB90000000000C
:10FF480080100181B0B0AB900000000080100181EA
:10FF5800B0B0ABF00000000080100181B0B0AB3051
:10FF68000000000080100181B0B0AB30000000003C
:10FF78006557FE7FB0A80900FFFF010C122254004C
:10FF88004A0A54005E0400004D57FE7FB0A90C00D9
:10FF9800FFFF010C222264005A0A64006E0400006C
:10FFA8003557FE7FB0A80900FFFF010C1220520050
:10FFB800480A52005C0400001D57FE7F3080120181
:10FFC800B0B0B0ABFFFF01106E04AE0100960104A3
:10FFD800AE0100B801040000FD56FE7FB0A90C0078
:10FFE800FFFF010C22206200580A62006C04000026
:08FFF800E556FE7F3080120186
:020000041005E5
:10000000B0B0B0ABFFFF01106A04AC0100A0010466
:10001000AC0100B601040000C556FE7FB0B0A800D8
:10002000FFFF0100B956FE7FB0B0A800FFFF01003E
:10003000AD56FE7FB0B0A800FFFF0100A156FE7FC5
:10004000B0B0A800FFFF01009556FE7FF0801A01B6
:10005000B0B0B0ABFFFF01115204AA0200A0018AA8
:1000600001AA0200B4020400000000007156FE7FE5
:10007000F0801C01B0B0B0ABFFFF011152049A0335
:1000800000B001EA019A0300A4030400000000008C
:100090004D56FE7F10800501B0B0B0ABFFFF0122CE
:1000A000122A00004012D601006E0200007612E211
:1000B0000100A401020000AA0112E00100DC010419
:1000C000000000001956FE7F30800601B0B0B0ABD2
:1000D000FFFF012F142800004012FA01006E0200F9
:1000E00000800112920200B401020000C6011284D5
:1000F000020080020E00008E0204840200940204BA
:1001000092020000D955FE7FB0AA0700FFFF010C44
:10011000100200001A44720078040000C155FE7FEE
:10012000B0AA0700FFFF010D100200001A2C7C008E
:100130008201040000000000A555FE7F1080070129
:10014000B0B0B0ABFFFF012D123200004812B00278
:1001500000760200007E12BE0200AC01020000B474
:100160000112BC0200E201020000EA0112BA020020
:1001700096022400000000006555FE7F10800701F4
:10018000B0B0B0ABFFFF012D123200004812B00238
:1001900000760200007E12BE0200AC01020000B434
:1001A0000112BC0200E201020000EA0112BA0200E0
:1001B00096022400000000002555FE7F30800801D3
:1001C000B0B0B0ABFFFF0140143200004A12E602AB
:1001D00000780200008C0112840300C001020000BC
:1001E000D20112FE02008602020000980212F00202
:1001F00000CA02300000FA0204F00200800304FE8C
:100200000200860304840300D554FE7F3080080179
:10021000B0B0B0ABFFFF0140143200004A12E6025A
:1002200000780200008C0112840300C0010200006B
:10023000D20112FE02008602020000980212F002B1
:1002400000CA02300000FA0204F00200800304FE3B
:1002500002008603048403008554FE7FB0A90600D3
:10026000FFFF010C1204000020023E003A0E0000C5
:100270006D54FE7FB0A90600FFFF010C12040000C0
:1002800020023E003A0E00005554FE7F30801001DF
:10029000B0B0B0ABFFFF011E220400003A02CA0159
:1002A000004402BA01009801040000A20104BA014E
:1002B00000C60104000000002554FE7F30801001BC
:1002C000B0B0B0ABFFFF0113240400003C02DA0120
:1002D000004630CA0100C601140000000154FE7F30
:1002E000F0801201B0B001ABFFFF010F5802000017
:1002F000B6016CBC0200C20204000000E153FE7FA4
:10030000F0801201B0B001ABFFFF010F58020000F6
:10031000B80174D40200DA0204000000C153FE7F69
:10032000F0801001B0B001ABFFFF010F52040000DC
:10033000960102A40200EE0140000000A153FE7FDE
:1003400030800E01B0B001ABFFFF010E3A04000097
:100350006002B8010084013E000000008153FE7F6E
:10036000B0B0AA00FFFF01BC019801040000A00189
:1003700004B60900B401040000BC0104B40900EC97
:100380000104CA0900840204BC09008C021C00009C
:10039000B20204B80900C802040000D40204BA0979
:1003A00000EA02340000A20304B20900DE0304B034
:1003B0000900F60304CC0900FE03040000860404CF
:1003C000EA0900C20404E80900DA0404DA0900E2D8
:1003D00004040000EA0404EC0900FE0404000088A0
:1003E0000504FE0900BA0504FC0900D20504EE0963
:1003F00000DA05FC010000DA0704AE0900960804E3
:100400009E0900AE0804800A00B608040000BE0879
:10041000049E0A00FA08049C0A009209048E0A004D
:100420009A09140000000000B552FE7FB0B0A80089
:10043000FFFF0100A952FE7FB0B0A800FFFF01003E
:100440009D52FE7FB0B0A800FFFF01009152FE7FD9
:10045000F0800C01B0B0B0ABFFFF010E1E04000035
:100460003004A60100AC0104000000007152FE7FC0
:10047000F0800A01B0B0B0ABFF1035012D3404CAD2
:1004800002005204C40200920104A40201B40170EB
:10049000CC0201A80204B00200AC0204A40201C014
:1004A00002040000C60204C40200010000000000B3
:1004B0002D52FE7FF0802201B0B0B0ABFF1045019D
:1004C0003C9A01AA0B981800820D04A81800F00E9F
:1004D000A6029818009A11048A1801CC1104F81782
:1004E00001D811040000B4129E05981800E6170404
:1004F00000008618049018009418140000010000F1
:1005000000000000D951FE7FF0802201B0B0B0ABF6
:10051000FF1045013C9A01AA0B981800820D04A80F
:100520001800F00EA6029818009A11048A1801CC3F
:100530001104F81701D811040000B4129E05981890
:1005400000E61704000086180490180094181400A0
:1005500000010000000000008551FE7F10800F01A7
:10056000B0B0B0ABFFFF010A424E92010098010407
:10057000000000006951FE7F30801001B0B0B0ABC8
:10058000FFFF010A5A6ACA0100C6010E00000000FE
:100590004D51FE7FF0801C01B0B0B0ABFF10710177
:1005A000688201020000CE012CCE0800E202AA02FD
:1005B000BE08008A0604CE0800A4061ABE0800D6AB
:1005C0000604E00801880704D0080194070400002D
:1005D000A8072CCE0800E00704BE0800F40704CEEC
:1005E0000800880804BE0800A008040000A6080A45
:1005F000BE0800B4080ACE0800CA08040000DC08DF
:1006000004E60800EA080400000100000000000001
:10061000CD50FE7FF0801C01B0B0B0ABFF10710177
:10062000688201020000CE012CCE0800E202AA027C
:10063000BE08008A0604CE0800A4061ABE0800D62A
:100640000604E00801880704D008019407040000AC
:10065000A8072CCE0800E00704BE0800F40704CE6B
:100660000800880804BE0800A008040000A6080AC4
:10067000BE0800B4080ACE0800CA08040000DC085E
:1006800004E60800EA080400000100000000000081
:100690004D50FE7F800C9701B0B0ABF0FFFF01170B
:1006A0004C8601EC0200E0016AD00200CC0204ECAE
:1006B0000200E8020400000080040181B0B0ABF049
:1006C00000000000800E0181B0B0ABF0000000001F
:1006D0000E970181B0ABF080000000000897018107
:1006E000B0ABF0800000000080200181B0B0ABF022
:1006F0000000000080360181B0B0ABF000000000C7
:10070000803C0181B0B0ABF000000000801001819E
:10071000B0B0AB900000000080100181B0B0AB9091
:100720000000000080140181B0B0ABF000000000B8
:10073000AD4FFE7FB0B0A800FFFF01080E04180007
:100740001E040000994FFE7FB0B0AA00FFFF010811
:100750000E041C00180E0000854FFE7FB0B0AA00EA
:10076000FFFF01080E041C00180E0000714FFE7FF1
:10077000B0B0AA00FFFF01080E041C00180E000014
:100780005D4FFE7FB0B0AA00FFFF01080E041C0001
:10079000180E0000494FFE7FB0B0AA00FF101901EB
:1007A0000C14021E01220428032C08000001007F03
:1007B000000000000000000000000000214FFE7F4C
:1007C000B0B0A800FFFF0100154FFE7FB0B0A80039
:1007D000FFFF0100094FFE7FB0B0AA00FFFF01003C
:1007E000FD4EFE7FB0B0A800FFFF01008025018113
:1007F000B0B0AB1000000000E54EFE7FF0800401B9
:10080000B0B0B0ABFFFF010E180400002604D40105
:1008100000DA010400000000C54EFE7FF0800601F2
:10082000B0B0B0ABFF103101262004D802003E0466
:10083000D602005204AA02018C0104BA0201A401EA
:1008400004AA0201BE0204C20200D2020400000196
:100850000000000000000000854EFE7FF0800C01CB
:10086000B0B0B0ABFFFF018901500400006012CCB2
:100870000700AE0104B80700BC0112BA07008602E7
:1008800004EA0700960212D60700DC0204B0070053
:10089000EE0212CA0700A80404B20700E20412CA5A
:1008A0000700860502B8070092050200009C0502B9
:1008B000EA0700AA0502B00700B20502B60700C8A1
:1008C0000502B40700D005028C0700AE0604000044
:1008D000B20604AE0700B80604EA0700BE0604B874
:1008E0000700C406040000CA0604B00700C60710CB
:1008F00000000000E94DFE7FF0800C01B0B0B0AB0D
:10090000FFFF018901500400006012CC0700AE0116
:1009100004B80700BC0112BA0700860204EA070007
:10092000960212D60700DC0204B00700EE0212CADB
:100930000700A80404B20700E20412CA07008605F3
:1009400002B8070092050200009C0502EA0700AA0F
:100950000502B00700B20502B60700C80502B407D9
:1009600000D005028C0700AE06040000B20604AEFB
:100970000700B80604EA0700BE0604B80700C4066C
:10098000040000CA0604B00700C6071000000000FB
:100990004D4DFE7FF0800801B0B0B0ABFF10840178
:1009A000017A5404AC06016404A206037204F4053F
:1009B00003AA0104940603BA0104980603C80104BB
:1009C000960603F40104920603840204F6050392DA
:1009D000028A01B40503FA0302900603820420B4DC
:1009E0000503B40402AC0601BC0402B40503C80448
:1009F000028E0603D00444B4050394050400009A53
:100A00000504AA0503A00504FE0503A60504AC061B
:100A100001F005048606008A060400000100007D3E
:100A200000000000B94CFE7FAB08B100FF101D01B3
:100A3000141E04560144045E014E0400005A046C66
:100A4000007004000001000000000000914CFE7FD7
:100A5000B0B0A800FFFF01081A042200280400001B
:100A600080040181B0B0ABF000000000714CFE7F4B
:100A7000B0B0A800FFFF01080E0418001E0400001B
:100A80005D4CFE7FF0801001B0B0B0ABFF1055019F
:100A90004BDE017CA007008803F2018007008E0571
:100AA00016A00700AA0510800700BE0504A20701D2
:100AB000F00504900701FC0504000090063CA00727
:100AC00000D406040000E00604A007008C07040020
:100AD000009C0704A80700AC070400000100000008
:100AE00000000000F94BFE7FF0801001B0B0B0AB09
:100AF000FF1055014BDE017CA007008803F2018046
:100B000007008E0516A00700AA0510800700BE0585
:100B100004A20701F00504900701FC050400009001
:100B2000063CA00700D406040000E00604A007006D
:100B30008C070400009C0704A80700AC0704000011
:100B40000100000000000000954BFE7F8008970127
:100B5000B0B0ABF0FFFF0122563CC80300EE014CE1
:100B6000CA0300CE0224C80300FE022ACA0300C43E
:100B70000304C80300E20304000000000E97018193
:100B8000B0ABF080000000000E970181B0ABF080A8
:100B90000000000008970181B0ABF0800000000069
:100BA00008970181B0ABF080000000000897018138
:100BB000B0ABF0800000000080080181B0B0AB3025
:100BC000000000000A970181B0ABF0800000000037
:100BD0000A970181B0ABF08000000000014BFE7F5E
:100BE000F0800A01B0B0B0ABFFFF01331A10000073
:100BF0009201B208E21000C8098C020000AC0C4E51
:100C0000E21000A20D440000880E9A01E21000C418
:100C10000F120000EC0F1CE21000E81004000000AE
:100C2000BD4AFE7F30800C01B0B0B0ABFFFF010BBE
:100C300022D201920200980204000000A14AFE7F25
:100C400030800C01B0B0B0ABFFFF010B22D201929B
:100C50000200980204000000854AFE7F30800C01EB
:100C6000B0B0B0ABFFFF010B22D20192020098029C
:100C700004000000694AFE7FF0800E01B0B0B0AB06
:100C8000FFFF011C1A86050000F6058004F00C0029
:100C9000960A480000FE0B26F00C00BA0C4000003B
:100CA000800E0181B0B0ABF000000000314AFE7F41
:100CB000F0800C01B0B0B0ABFFFF011C1A8C050036
:100CC00000FC058604FE0C00A20A4A00008C0C26DB
:100CD000FE0C00C80C400000054AFE7FF0800C01AD
:100CE000B0B0B0ABFFFF011C1A82050000F205FA9C
:100CF00003E60C008C0A480000F40B26E60C00B05A
:100D00000C400000D949FE7FF0800C01B0B0B0ABC0
:100D1000FFFF011C1A82050000F205FA03E60C0031
:100D20008C0A480000F40B26E60C00B00C400000D2
:100D3000800B0181B0B0AB7000000000A149FE7FC4
:100D4000F0801601B0B0B0ABFFFF011C1AE4050043
:100D500000D406C804C60E00B80B580000C20D2609
:100D6000C60E00FE0D5200007549FE7FF080140192
:100D7000B0B0B0ABFFFF011C1ACA050000BA06AE46
:100D800004880E00840B5A0000880D26880E00C4CB
:100D90000D4E0000800E0181B0B0ABF000000000ED
:100DA0000C970181B0ABF080000000000697018134
:100DB000B0ABF0800000000080200181B0B0ABF04B
:100DC0000000000080360181B0B0ABF000000000F0
:100DD00080320181B0B0ABF00000000080100181D2
:100DE000B0B0AB900000000080100181B0B0AB90BB
:100DF00000000000E948FE7FF0801401B0B0B0AB05
:100E0000FF1045013B76DE08961100880A04F010B9
:100E100000D60ADA02961100B40D04901101E60D15
:100E200004FA1001F20D040000FE0DD40296110028
:100E3000EC100E00008611049E1100A211040000A7
:100E400001000000000000009548FE7FF0801401C2
:100E5000B0B0B0ABFF1045013B76B209C41100DC65
:100E60000A04AE11009C0BD802C41100F80D04B0A6
:100E70001101AA0E049E1101B60E040000C20EBE9E
:100E800002C411009A11040000AA1104BC1100C090
:100E90001114000001000000000000004148FE7F26
:100EA00010800B01B0B0B0ABFFFF010A3C5AAC019F
:100EB00000B20104000000002548FE7FF0800C0114
:100EC000B0B0B0ABFFFF010B58C801C00200BC02BC
:100ED0000E0000000948FE7FB0B0AA00FFFF01002D
:100EE000FD47FE7FB0A90200FF1035012518040060
:100EF0000032029001037404AC0100A40108D40183
:100F000000B201040000C40104CE0100C80104AC19
:100F100001000200017D00000000000030C8FFFF5A
:100F2000BD47FE7FB0A90200FF103501250C04006B
:100F3000006602A001037A049601009C01040000EF
:100F4000B40108DA0100CA0104D40100CE010496FC
:100F500001000200017D000000000000F0C7FFFF5B
:100F60007D47FE7FF0800401B0B0B0ABFF103D01C3
:100F70002E18040000800118E00403EE01BA01E01D
:100F80000403F2036EE00403F404089405008A05E8
:100F900004A405008E0504A205009E0504000002BD
:100FA00000017D0000000000A4C7FFFF3147FE7F65
:100FB000F0800C01B0B0B0ABFF104101321C040056
:100FC000007A02AA0203920104C60200F20118AAE2
:100FD0000203A20208AA0203BE0208EE0200CC022B
:100FE000040000DE0204E80200E20204C60200027D
:100FF00000017D000000000054C7FFFFE146FE7FB6
:10100000B0B0AA00FFFF0100D546FE7FB0A90200E4
:10101000FF1035012518040000320290010374040A
:10102000AC0100A40108D40100B201040000C40115
:1010300004CE0100C80104AC01000200017D0000E3
:101040000000000008C7FFFF30800181B0AB08B18D
:1010500000000000F0800181B0AB08B1000000008A
:10106000F0800181B0AB08B1000000008001018177
:10107000B0B0ABB00000000080020181B0B0AB3076
:101080000000000080020181B0B0AB300000000021
:101090004D46FE7FB0B0A800FFFF01004146FE7F35
:1010A000B0B0A800FFFF01003546FE7FB0B0AA0037
:1010B000FFFF01002946FE7FB0B0A800FFFF01003E
:1010C00080010181B0B0AB100000000080010181FF
:1010D000B0B0AB100000000080010181B0B0AB10D7
:1010E00000000000F945FE7FF0800401B0B0B0AB15
:1010F000FFFF010E180400002604DC0100E20104D9
:101100000000000007B20181B0AB108000000000B9
:10111000CD45FE7FF0800601B0B0B0ABFF103D01C1
:10112000322004D802004604D202007404A2020154
:10113000B20104B20201CA0104A20201B60204BA59
:101140000200CA02040000CE0204B20201D402046A
:10115000D202000100000000000000008145FE7F77
:10116000F0800C01B0B0B0ABFFFF019C016412B085
:101170000800B00104960800C80112980800900207
:1011800004BA0800A40212C20800EC0204BC080061
:10119000AA0312940800F20402DE070096050C0070
:1011A00000A60504960800AC0504BA0800B40502C0
:1011B000960800C205020000D00502BC0800DC054C
:1011C00002BA0800E40502AA0800EC0502A808001B
:1011D000F405028C0800FC050A940800D007048E70
:1011E0000800D407040000DA0704BC0800900804D3
:1011F000980800A408040000AC0804B00800B60871
:10120000040000BE0804C20800000000D144FE7FB4
:10121000F0800C01B0B0B0ABFFFF019C016412B0D4
:101220000800B00104960800C80112980800900256
:1012300004BA0800A40212C20800EC0204BC0800B0
:10124000AA0312940800F20402DE070096050C00BF
:1012500000A60504960800AC0504BA0800B405020F
:10126000960800C205020000D00502BC0800DC059B
:1012700002BA0800E40502AA0800EC0502A808006A
:10128000F405028C0800FC050A940800D007048EBF
:101290000800D407040000DA0704BC080090080422
:1012A000980800A408040000AC0804B00800B608C0
:1012B000040000BE0804C208000000002144FE7FB4
:1012C000F0800801B0B0B0ABFF108C010180015A72
:1012D00004F605036804800603AA01048A0603C411
:1012E0000104900603D201049806038002049C06C0
:1012F000039A0204A20603A80268AE0603D60304FA
:10130000EE0501860404E605038C0404A40503A08D
:101310000402EE0501AE0402DE0503B60408AE06C3
:1013200003CA0402DC050396050400009A0504AE16
:101330000603A00504EE0501F205048206008606F8
:101340000400008C06049A06039E0604B2060301FC
:1013500000007D00000000008543FE7FAB08B10067
:10136000FF101D011420045A0148046201520400B8
:10137000005E047000740400000100000000000022
:101380005D43FE7FB0B0A800FFFF01081A042200F1
:101390002804000080040181B0B0ABF00000000020
:1013A0003D43FE7FB0B0A800FFFF01080E04180007
:1013B0001E0400002943FE7FF0801001B0B0B0ABE6
:1013C000FF105901507A020000CC018401C60700C9
:1013D00080039C02B60700B00516C60700CC0510B6
:1013E000B60700E00504D80701920604C807019E6D
:1013F00006040000B20654C60700A407040000B2A9
:101400000704C60700C207040000D40704DE070073
:10141000E20704000001000000000000C142FE7F5E
:10142000F0801001B0B0B0ABFF105901507A02004B
:1014300000CC018401C6070080039C02B60700B0FF
:101440000516C60700CC0510B60700E00504D8074E
:1014500001920604C807019E06040000B20654C6A5
:101460000700A407040000B20704C60700C207046F
:101470000000D40704DE0700E207040000010000BA
:10148000000000005942FE7F80089701B0B0ABF029
:10149000FFFF01224C3E9C0300A8016E800300AABE
:1014A00002249C0300DA0204800300FC02049C0373
:1014B000009803040000000030800181B0AB08B147
:1014C000000000000A970181B0ABF080000000002E
:1014D0000A970181B0ABF0800000000008970181FD
:1014E000B0ABF0800000000008970181B0ABF08045
:1014F0000000000008970181B0ABF0800000000000
:1015000080080181B0B0AB30000000000A97018173
:10151000B0ABF080000000000A970181B0ABF08012
:1015200000000000B941FE7FF0800C01B0B0B0AB0C
:10153000FFFF013D1A1000009201FE08D410009434
:101540000AA80200008C0D34D41000FC0D18000015
:10155000CC0E18D41000EA0E0200009E0F3CD410EE
:1015600000F00F0C00008A1002D41000DA10040002
:10157000000000006941FE7F30800C01B0B0B0ABCC
:10158000FFFF010B24DE018602008C020400000034
:101590004D41FE7F30800C01B0B0B0ABFFFF010BBE
:1015A00024DE018602008C02040000003141FE7F2F
:1015B00030800C01B0B0B0ABFFFF010B24DE018620
:1015C00002008C02040000001541FE7FF0800E0135
:1015D000B0B0B0ABFFFF011C1AB4050000BE06EAB4
:1015E00003BC0C00D00A500000F60B1EBC0C009C83
:1015F0000C2A0000800E0181B0B0ABF000000000AA
:10160000DD40FE7FF0800E01B0B0B0ABFFFF011CEB
:101610001ABC050000C606F203D20C00E00A560010
:10162000008C0C1ED20C00B20C2A0000B140FE7FD0
:10163000F0800C01B0B0B0ABFFFF011C1AA8050090
:1016400000B006DE03AE0C00B60A540000E00B1E2C
:10165000AE0C00860C3200008540FE7FF0800C014D
:10166000B0B0B0ABFFFF011C1AA8050000B006DE49
:1016700003AE0C00B60A540000E00B1EAE0C008650
:101680000C320000800B0181B0B0AB700000000094
:101690004D40FE7FF0801401B0B0B0ABFFFF0127DA
:1016A0001AA4060000AE078404920E00DA0B0400B0
:1016B000008A0C04920E00DE0C020000B40D209291
:1016C0000E00DC0D400000001540FE7FF08012018E
:1016D000B0B0B0ABFFFF01271AF60500008007FA93
:1016E00003C80D009C0B040000CC0B04C80D00982F
:1016F0000C020000F00C1EC80D00960D3C0000000E
:10170000800E0181B0B0ABF0000000000E970181A7
:10171000B0ABF0800000000006970181B0ABF08014
:101720000000000080200181B0B0ABF0000000009C
:1017300080360181B0B0ABF000000000803A01813A
:10174000B0B0ABF00000000080100181B0B0AB90F1
:101750000000000080100181B0B0AB9000000000DC
:101760007D3FFE7FF0801601B0B0B0ABFF104501A9
:101770003B76F808FC1100A20A04AA1200960CAEEF
:1017800002FC1100CE0E049C1201800F048C120189
:101790008C0F040000980FD402FC1100F0111C0003
:1017A00000981204A21200A612040000010000001A
:1017B00000000000293FFE7FF0801401B0B0B0AB04
:1017C000FF1045013B76BE09F21000E80A04A011A3
:1017D00000B60BB602F21000F00D04921101A20E39
:1017E00004821101AE0E040000BA0EB002F2100025
:1017F000EE101400008E11049811009C11040000DA
:101800000100000000000000D53EFE7F10800B01AB
:10181000B0B0B0ABFFFF010A3C5AAC0100B201040A
:1018200000000000B93EFE7F70800B01B0B0B0AB8D
:10183000FFFF010B548E01800200FC010E0000002E
:1018400080010181B0B0ABB00000000080010181D7
:10185000B0B0AB100000000080020181B0B0AB302E
:101860000000000080070181B0B0AB7000000000F4
:1018700080010181B0B0AB1000000000613EFE7F2E
:10188000F0800401B0B0B0ABFF1019010F440A4E54
:101890000194014AE40100EC010400000100000091
:1018A00000000000393EFE7FB0B0AA00FFFF01003B
:1018B0002D3EFE7FF0801601B0B0B0ABFF101901D5
:1018C0001028A4080000A40904A80901B009040014
:1018D0000001000000000000053EFE7FB0B0A8003F
:1018E000FF100D01040206080101000000000000C5
:1018F000ED3DFE7FB0B0A800FF100D01040204080A
:10190000010100000000000080040181B0B0ABF0D4
:101910000000000080140181B0B0ABF000000000B6
:10192000800A0181B0B0ABF000000000B13DFE7F45
:10193000B0B0A800FFFF010C0A041C001404000052
:1019400026040000993DFE7FB0B0A800FFFF010C07
:101950000A041C001404000026040000813DFE7FE0
:10196000B0B0A800FFFF010C0A04220014043600E6
:1019700032040000693DFE7FB0B0A800FFFF010CFB
:101980000A0422001404360032040000513DFE7F98
:10199000B0B0A800FFFF01080E04180022040000E8
:1019A0003D3DFE7FB0B0A800FFFF01080E04180007
:1019B0002204000080030181B0B0AB700000000081
:1019C0001D3DFE7FB0B0A800FF100D010802040EFF
:1019D00001120800007F000000000000013DFE7FB2
:1019E000B0B0A800FF100D0108020408010C0800A7
:1019F000007F000000000000E53CFE7FB0B0A800C2
:101A0000FF100D010804040A010E0800007F000009
:101A100000000000C93CFE7FAB708000FF100D018C
:101A200008240468016C0800007F0000000000002A
:101A3000AD3CFE7FAB708000FF100D0108240468F0
:101A4000016C0800007F000000000000913CFE7F58
:101A500010800101B0B0B0ABFFFF010828466E0056
:101A600074040000793CFE7F10800101B0B0B0AB7F
:101A7000FFFF010828466E00740400008001018108
:101A8000B0B0AB1000000000553CFE7FB0B0A80025
:101A9000FFFF0100493CFE7FB0B0A800FFFF01003E
:101AA0003D3CFE7F30801601B0B0B0ABFFFF0119A6
:101AB0001E0200002E04F201006A04F001009801E9
:101AC00004F401008602040000000000113CFE7FC7
:101AD000B0A90200FFFF010C1A0448002E043C00CC
:101AE000381A0000F93BFE7FB0B0A800FFFF0108E4
:101AF0000A04120018040000E53BFE7FB0A80100B4
:101B0000FFFF01082204320038040000D13BFE7FB1
:101B1000B0A80500FFFF010C0C02000014042A000D
:101B200030040000B93BFE7FB0AA0100FF10110194
:101B30000828043803480800007F00007D000000EA
:101B40000000000080030181B0B0AB100000000075
:101B500076B20181B0AB308000000000800A0181C4
:101B6000B0B0ABF0000000003F020181B0AB3080AC
:101B70000000000080040181B0B0ABF00000000064
:101B80004882FB7F010000006482FB7FACD6FF7FB0
:101B90007486FB7FB0B0A8808C86FB7F04D7FF7F64
:101BA000E486FB7F010000000887FB7FB0B0A880BF
:101BB0002487FB7F010000002487FB7F00D7FF7F85
:101BC0000888FB7F010000007088FB7F28D7FF7F1B
:101BD0007C8BFB7FAB08B180788CFB7F0100000021
:101BE0008C8CFB7F7CD7FF7F7094FB7F0100000013
:101BF000D494FB7FB0B0AA800C96FB7FECD7FF7F1C
:101C00003096FB7FFCD7FF7F6496FB7F0CD8FF7F6D
:101C10008896FB7F1CD8FF7FBC96FB7FB0B0AA8064
:101C2000F497FB7F24D8FF7F1898FB7F34D8FF7F81
:101C30004C98FB7F44D8FF7F7098FB7F54D8FF7F80
:101C4000A498FB7FB0B0A880E498FB7F5CD8FF7FAE
:101C5000F898FB7FB0B0A8803899FB7F60D8FF7FF1
:101C60004C99FB7FB0B0A8808C99FB7F64D8FF7F34
:101C7000A099FB7FB0B0A880E099FB7F68D8FF7F78
:101C8000F499FB7FB0B0AA802C9BFB7F6CD8FF7FC0
:101C9000709BFB7F80D8FF7F849BFB7F8CD8FF7F6E
:101CA000C89BFB7FA0D8FF7FDC9BFB7FB0B0AA80E6
:101CB000149DFB7FA4D8FF7F589DFB7FB8D8FF7F82
:101CC0006C9DFB7FC4D8FF7FB09DFB7FD8D8FF7F82
:101CD000C49DFB7FB0B0A880609EFB7FDCD8FF7FF7
:101CE000849EFB7FECD8FF7FB89EFB7FB0B0AA80BC
:101CF000509FFB7FF4D8FF7F749FFB7F04D9FF7F49
:101D0000A89FFB7FB0B0A880DC9FFB7F0CD9FF7F32
:101D1000F09FFB7FB0B0A88028A0FB7F10D9FF7F89
:101D20003CA0FB7FB0B0A880D8A0FB7F14D9FF7F78
:101D30001CA1FB7F28D9FF7F30A1FB7FB0B0AA8018
:101D4000C8A1FB7F2CD9FF7F0CA2FB7F40D9FF7F6E
:101D500020A2FB7F01000000B0ACFB7F44D9FF7FD5
:101D600024B0FB7FB0A8018038B0FB7FB0AB0A8005
:101D700034B1FB7FB0B0A88038B1FB7F6CD9FF7F56
:101D8000B0B1FB7FB0AB0A80E4B1FB7FB0B0A880FC
:101D9000ECB1FB7FB0A801801CB2FB7FB0AB0A8026
:101DA00018B3FB7FB0B0A8801CB3FB7F48D9FF7F7E
:101DB00094B3FB7FB0AB0A80C4B3FB7FB0B0A88004
:101DC000CCB3FB7FB0A80180E0B3FB7FAB08B18050
:101DD00020B4FB7F0100000070B4FB7F24D9FF7F9B
:101DE000D8B4FB7F34D9FF7F6CB5FB7F44D9FF7F2C
:101DF00010B6FB7F58D9FF7F8CB6FB7F68D9FF7F79
:101E000040B7FB7F80D9FF7F08B8FB7F010000004F
:101E1000ACBBFB7F90D9FF7FDCBBFB7F94D9FF7FFE
:101E20000CBCFB7F010000006CBCFB7F90D9FF7FE6
:101E3000A4BCFB7F94D9FF7FDCBCFB7F01000000CA
:101E4000C0BEFB7F90D9FF7F00C0FB7FACD9FF7F76
:101E5000ECC0FB7F01000000F8C0FB7FBCD9FF7F16
:101E600020C2FB7FE8D9FF7F80C3FB7FB0A8018041
:101E7000B0C3FB7F14DAFF7F3CC4FB7F28DAFF7F0F
:101E8000C8C4FB7F3CDAFF7F68C6FB7F74DAFF7F44
:101E900008C8FB7FACDAFF7FFCC9FB7FFCDAFF7F61
:101EA000F0CBFB7F4CDBFF7F58CCFB7F5CDBFF7F05
:101EB000C0CCFB7F6CDBFF7FB4CDFB7F88DBFF7F7B
:101EC000F0CEFB7FB0B0A88020CFFB7F01AB0A80B3
:101ED00068D1FB7F94DBFF7FB0D2FB7FACDBFF7F61
:101EE000F8D3FB7FC4DBFF7FE8D4FB7FDCDBFF7F25
:101EF00028D6FB7FF4DBFF7F5CDBFB7FB0B0AA80E2
:101F0000A4DBFB7F01000000ECDBFB7FB0B0A8800E
:101F100040DCFB7FAB08B18080DCFB7F0100000070
:101F200080DCFB7F90DCFF7F80DDFB7FB0B0A88092
:101F3000A4DDFB7FAB08B1801CDEFB7FB0AA018073
:101F4000B4DEFB7FB0B0AA8000DFFB7FB0A90280C7
:101F500048DFFB7FAB108080B8DFFB7FAB08B18030
:101F6000C0E0FB7FB0B0A880F0E0FB7FAB08B180A1
:101F700034E1FB7FB0B0AA807CE1FB7F0100000070
:101F80009CE1FB7FB0B0A880F0E1FB7FAB08B180A3
:101F900034E2FB7F0100000034E2FB7F24DCFF7FA2
:101FA0003CE3FB7FB0B0A88060E3FB7FB0B0AA80C9
:101FB000A8E3FB7FAB08B180D0E3FB7FB0AA018030
:101FC00068E4FB7FB0B0AA80B8E4FB7FB0A90280D0
:101FD00000E5FB7FAB10808074E5FB7FAB08B18030
:101FE00088E6FB7FB0B0A880B8E6FB7FB0B0AA80DF
:101FF000F8E6FB7F01000000F8E6FB7FD0DBFF7F07
:102000001CE7FB7FD4DBFF7F38E7FB7F010000008C
:1020100058E7FB7FD0DBFF7F7CE7FB7FD4DBFF7FD4
:10202000A8E7FB7FB0AA3F80F8E7FB7FD0DBFF7F0C
:1020300028E8FB7F0100000098E8FB7FAB10808060
:1020400038E9FB7F010000000CEBFB7FC4DBFF7F66
:1020500090EBFB7FC8DBFF7F1CECFB7F01000000E7
:10206000E4EEFB7FC4DBFF7FF8EEFB7F01000000A6
:1020700004EFFB7FC0DBFF7F18EFFB7FB0AA01807E
:102080005CEFFB7FBCDBFF7F78EFFB7FB0B0AA800B
:1020900080F1FB7FB8DBFF7F20F2FB7FD0DBFF7F8F
:1020A00064F3FB7F00DCFF7FE8F3FB7F04DCFF7F52
:1020B0004801FC7F50DCFF7FA80EFC7F9CDCFF7F8B
:1020C0003C0FFC7FB0DCFF7F6C10FC7FC4DCFF7F2B
:1020D0002015FC7F44DDFF7FD419FC7FC4DDFF7F2A
:1020E000981BFC7FB0A80580D41BFC7FE8DDFF7F38
:1020F000841DFC7FECDDFF7F7821FC7FF0DDFF7F1E
:102100000029FC7FF4DDFF7F842CFC7FF8DDFF7F5E
:10211000102EFC7FFCDDFF7F0C30FC7F00DEFF7F9C
:102120002C30FC7FB0B0A8805430FC7F04DEFF7FF1
:102130007844FC7F08DEFF7F8C45FC7F0CDEFF7F50
:10214000A046FC7F10DEFF7FF447FC7F010000000B
:102150007048FC7FB0A801808448FC7FB0AB0A8047
:102160008049FC7FB0B0A8808449FC7FF4DDFF7F0C
:10217000FC49FC7FB0AB0A80304AFC7FB0B0A8803D
:10218000384AFC7FB0A80180644AFC7FB0AB0A806B
:10219000604BFC7FB0B0A880644BFC7FD0DDFF7F3C
:1021A000DC4BFC7FB0AB0A800C4CFC7FB0B0A8804D
:1021B000144CFC7FB0A80180244CFC7FB0AA0180A5
:1021C000B44CFC7FB4DDFF7F184DFC7FC4DDFF7F86
:1021D0008C4DFC7FD4DDFF7FEC4DFC7FE4DDFF7F89
:1021E000A44EFC7FFCDDFF7F144FFC7F0CDEFF7FE5
:1021F000CC4FFC7F010000007853FC7F1CDEFF7F8A
:10220000A853FC7F01000000D453FC7F18DEFF7F41
:102210000454FC7F1CDEFF7F3C54FC7F20DEFF7FEC
:102220007454FC7F010000005456FC7F1CDEFF7FCD
:102230008C57FC7F38DEFF7F3459FC7F54DEFF7FF4
:10224000105AFC7F80DEFF7F245BFC7FB0A80180FA
:10225000545BFC7FB0DEFF7FCC5BFC7FC0DEFF7F8A
:10226000505CFC7FD4DEFF7F885DFC7F0CDFFF7F4E
:10227000C05EFC7F44DFFF7F4860FC7F8CDFFF7F18
:10228000D061FC7FD4DFFF7F1462FC7FE4DFFF7F3F
:102290005862FC7FF4DFFF7F2463FC7F1CE0FF7F3C
:1022A0000064FC7FB0B0A8803064FC7F01AB0A8082
:1022B0007866FC7F28E0FF7FBC67FC7F40E0FF7F03
:1022C0001869FC7F58E0FF7F486AFC7F70E0FF7F61
:1022D0000C6BFC7F88E0FF7F4070FC7F01000000FA
:1022E000CC71FC7F44E1FF7FE071FC7F01000000C6
:1022F000EC71FC7F40E1FF7F0072FC7FB0AA01809F
:102300009072FC7F3CE1FF7FAC72FC7FB0B0AA8092
:10231000D474FC7F38E1FF7F7C75FC7F50E1FF7F48
:10232000E076FC7F8CE1FF7F0483FC7FD8E1FF7FB8
:10233000288FFC7F24E2FF7FBC8FFC7F38E2FF7F89
:102340008C90FC7F4CE2FF7F0895FC7FC4E2FF7F0E
:102350008499FC7F3CE3FF7FF49AFC7FB0A8058062
:102360002C9BFC7F54E3FF7FBC9CFC7F58E3FF7FEA
:10237000C09FFC7F5CE3FF7FD0A7FC7F60E3FF7F13
:1023800058ABFC7F64E3FF7FD4ACFC7F68E3FF7F46
:10239000C0AEFC7F6CE3FF7F2CC1FC7F70E3FF7F4E
:1023A0003CC2FC7F74E3FF7F4CC3FC7F78E3FF7F7C
:1023B00088C4FC7F7CE3FF7FA8C4FC7F0100000091
:1023C0008CC5FC7FB0B0A880E0C5FC7FB0B0AA800F
:1023D00060C6FC7FB0B0A88068C6FC7FAB08B18047
:1023E000A0C6FC7FB0B0A880CCC6FC7FAB08B18093
:1023F000ECC6FC7FB0B0A880F4C6FC7FB0B0AA8069
:1024000010C7FC7FB0B0A88048C7FC7F01AA01803C
:1024100010C8FC7FB0B0A88028C8FC7F28E3FF7FED
:1024200050C8FC7F34E3FF7F78C8FC7F40E3FF7F28
:10243000A0C8FC7FB003A880A4C8FC7F44E3FF7F52
:10244000CCC8FC7F0100000024C9FC7FB0B0A8808C
:1024500054C9FC7F0100000094C9FC7FB0B0AA8081
:10246000B4C9FC7FB0B0A880E4C9FC7F01000000C3
:1024700028CAFC7FB0B0AA804CCAFC7F01000000D3
:1024800088CAFC7F10E3FF7FB4CAFC7F0100000014
:10249000B4CEFC7F28E3FF7FC8CEFC7F01000000A4
:1024A000D4CEFC7F24E3FF7FE8CEFC7F28E3FF7FD0
:1024B00020CFFC7F010000002CCFFC7FB0B0AA80B1
:1024C00044CFFC7FB0B0A88054CFFC7FB0B0AA80CE
:1024D00074CFFC7FAB108080C4CFFC7FAB08B18091
:1024E00004D0FC7F0100000028D0FC7FF4E2FF7FD5
:1024F00044D0FC7FAB08B18098D0FC7FB0A90280AB
:1025000024D3FC7FE8E2FF7F0CD4FC7FECE2FF7F6A
:10251000E8D4FC7F04E3FF7F44D6FC7FB0B0AA8000
:1025200078D6FC7F34E3FF7F5CDAFC7FC8E3FF7F73
:1025300040DEFC7F5CE4FF7FA0E1FC7FE8E4FF7FFE
:1025400014E2FC7F08E5FF7F3CE2FC7F0100000015
:10255000C0E2FC7F0CE5FF7F70E4FC7F10E5FF7FAD
:1025600090E4FC7F0100000088E5FC7FB0AB0280B6
:10257000DCE5FC7FB0A9028000E6FC7F04E5FF7F7C
:10258000A8E9FC7F60E5FF7F50EDFC7FBCE5FF7FA5
:1025900040EFFC7FB0A805807CEFFC7FAB708080B3
:1025A00020F1FC7FB0A9028038F1FC7FD0E5FF7FED
:1025B00078F4FC7FB0AB088098F4FC7FCCE5FF7F1B
:1025C000D8F7FC7FB0AB0880F8F7FC7F0100000073
:1025D00074F8FC7FC0E5FF7F14FAFC7FB0AA058089
:1025E0002CFAFC7FBCE5FF7F94FBFC7FC0E5FF7FFE
:1025F00004FDFC7FB0AA05801CFDFC7FBCE5FF7FCD
:1026000080FDFC7F010000001CFEFC7FB8E5FF7F21
:10261000E8FFFC7FB0AB06800400FD7FB4E5FF7FE0
:102620008401FD7FB0AB0680A001FD7FB0B0AA8021
:102630000C02FD7FA8E5FF7F740AFD7FE4E5FF7FC4
:10264000900BFD7FF8E5FF7FAC0CFD7F0CE6FF7F74
:10265000C80DFD7F20E6FF7F4014FD7F44E6FF7F2D
:10266000A017FD7FB0AB0880C017FD7F40E6FF7F5D
:10267000481EFD7FB0AB0880681EFD7F5CE6FF7FD3
:10268000D424FD7FB0AB0880F424FD7F78E6FF7F83
:10269000602BFD7FB0AB0880802BFD7F94E6FF7F31
:1026A000EC2BFD7F98E6FF7F3C33FD7FB0AB0880CD
:1026B0005C33FD7FB4E6FF7F6C3AFD7FB0AB0880F2
:1026C0008C3AFD7FD0E6FF7F6C3CFD7FD4E6FF7F38
:1026D0004443FD7FD8E6FF7F7446FD7FDCE6FF7F45
:1026E0000048FD7FE0E6FF7FFC49FD7FE4E6FF7FD9
:1026F0006C56FD7FE8E6FF7F8057FD7FECE6FF7FAD
:102700009458FD7FF0E6FF7F3861FD7F3CE7FF7F57
:10271000086AFD7F88E7FF7FC06AFD7F9CE7FF7F37
:10272000146CFD7F01000000F86DFD7FA8E7FF7FBE
:10273000386EFD7FACE7FF7F0C6FFD7FB0B0AA80E5
:10274000506FFD7FDCE7FF7F2870FD7F14E8FF7F7F
:10275000D072FD7FB0A80180FC72FD7FB0B0AA806E
:102760002473FD7F48E8FF7F9474FD7F90E8FF7F2E
:10277000D474FD7F94E8FF7FA875FD7FB0B0AA8078
:10278000EC75FD7F01000000FC76FD7FBCE8FF7F5B
:102790006877FD7FAB708080E477FD7FB0B0A88064
:1027A0002C78FD7FB0E8FF7FD078FD7FB4E8FF7F15
:1027B0006879FD7FB0B0A8809C79FD7F01000000A2
:1027C000A879FD7FB0A90280E879FD7FA0E8FF7FAE
:1027D000947AFD7F01000000C47AFD7FB0AA0180D9
:1027E0001C7BFD7F94E8FF7FC87BFD7F0084028017
:1027F000E87BFD7F01000000AC7CFD7F88E8FF7F67
:10280000747DFD7FB0AA0180C07DFD7FB0B0AA803D
:10281000047EFD7F010000006481FD7F74E8FF7F7E
:102820007881FD7F010000008481FD7F70E8FF7FDB
:102830009881FD7F74E8FF7FD081FD7F010000005B
:10284000DC81FD7FB0B0A880EC81FD7F010000003D
:102850001082FD7FAB1080806482FD7F010000004C
:102860008882FD7F50E8FF7FA482FD7FAB108080CF
:102870000C83FD7F4CE8FF7F7C83FD7F50E8FF7F6A
:10288000EC83FD7F54E8FF7F5C84FD7FB0A902806C
:102890005486FD7F50E8FF7F3887FD7F68E8FF7F23
:1028A0000488FD7F6CE8FF7F6889FD7FB0E8FF7FCB
:1028B000B08DFD7F58E9FF7FF891FD7F00EAFF7F33
:1028C0006095FD7F94EAFF7FD895FD7FB4EAFF7F96
:1028D0000096FD7FC0EAFF7F9097FD7FC4EAFF7FEF
:1028E000B097FD7F01000000B498FD7FB0AB02807F
:1028F0001099FD7FB0A902803499FD7FB8EAFF7F6F
:102900001C9DFD7F18EBFF7F04A1FD7F78EBFF7F0F
:10291000A8A2FD7FB0A80580E0A2FD7F9CEBFF7F11
:10292000F8A3FD7FB0A9028010A4FD7F98EBFF7F84
:10293000A8A6FD7FB0AA0780C8A6FD7F94EBFF7F05
:1029400060A9FD7FB0AA078080A9FD7F010000007B
:1029500008AAFD7F88EBFF7F9CABFD7FB0A80580B8
:10296000B4ABFD7F84EBFF7FF0ACFD7F88EBFF7F96
:1029700058AEFD7FB0A8058070AEFD7F84EBFF7F71
:10298000CCAEFD7F0100000070AFFD7F80EBFF7FCC
:1029900030B1FD7FB0AA05804CB1FD7F7CEBFF7F9D
:1029A000C4B2FD7FB0AA0580E0B2FD7FB0B0AA80BE
:1029B0004CB3FD7FB0B0A88074B3FD7F68EBFF7FA0
:1029C000D0BBFD7FB0EBFF7FE0BCFD7FC4EBFF7FA2
:1029D000F0BDFD7FD8EBFF7F00BFFD7FECEBFF7FFD
:1029E00044C5FD7F10ECFF7F94C8FD7FB0AB08802D
:1029F000B4C8FD7F0CECFF7F10CFFD7FB0AB08802B
:102A000030CFFD7F28ECFF7F64D5FD7FB0AB088021
:102A100084D5FD7F44ECFF7FB8DBFD7FB0AB088041
:102A2000D8DBFD7F60ECFF7F44DCFD7F64ECFF7F43
:102A300060E3FD7FB0AB088080E3FD7F8CECFF7F1F
:102A400050EAFD7FB0AB088070EAFD7FB4ECFF7FF9
:102A500028ECFD7FB8ECFF7F80F2FD7FBCECFF7FB0
:102A600040F5FD7FC0ECFF7FBCF6FD7FC4ECFF7F2F
:102A7000A8F8FD7FC8ECFF7FF405FE7FCCECFF7F5C
:102A80000407FE7FD0ECFF7F1408FE7FD4ECFF7FAD
:102A90004411FE7F20EDFF7FE819FE7F6CEDFF7F84
:102AA000A01AFE7F80EDFF7FB01BFE7F01000000BB
:102AB0006C1CFE7FB0B0A880A81CFE7F0100000047
:102AC000B41CFE7FB0A90280F41CFE7F74EDFF7F72
:102AD000AC1DFE7FB0AA0180001EFE7F70EDFF7F5F
:102AE000A81EFE7F00840280C81EFE7F0100000039
:102AF000A81FFE7F64EDFF7F6820FE7FB0AA0180E3
:102B0000B820FE7FB0B0AA80FC20FE7F010000004C
:102B1000AC21FE7FB0A90480D821FE7F0100000017
:102B20007022FE7FAB08B1808C22FE7F38EDFF7FE4
:102B30005C23FE7F010000007825FE7F34EDFF7FDF
:102B40003026FE7F01000000F826FE7FB0B0A8808E
:102B50001027FE7F010000006427FE7F20EDFF7F2D
:102B60005828FE7F40EDFF7FC428FE7FB0B0A880CC
:102B70004C29FE7F010000008C29FE7FAB70808015
:102B8000882AFE7FB0B0A880C02AFE7FAB08B18043
:102B90004C2BFE7F1CEDFF7FF82FFE7F3CEDFF7F6F
:102BA0000030FE7F010000000830FE7FB0B0A8803A
:102BB0001830FE7F010000002830FE7FB0B0A880F2
:102BC0005430FE7F010000009830FE7FB0B0AA8034
:102BD000C430FE7FB0B0A8806431FE7F01000000E9
:102BE000A031FE7F0CEDFF7FAC31FE7F01000000C5
:102BF000D431FE7FB0AB02800432FE7FB0AB0480E4
:102C00008432FE7FAB08B180A032FE7F010000005D
:102C10000033FE7FF4ECFF7F8C33FE7FF8ECFF7F08
:102C20007437FE7FFCECFF7FD838FE7F0100000088
:102C3000D83AFE7FB0B0A880F03AFE7F01000000D5
:102C4000203BFE7FE8ECFF7F4C3BFE7FF8ECFF7FF4
:102C5000783BFE7F08EDFF7FB03BFE7F18EDFF7FE6
:102C6000E83BFE7F28EDFF7F103CFE7F34EDFF7FC9
:102C7000383CFE7F40EDFF7FE43CFE7F010000001A
:102C8000583DFE7F3CEDFF7F6C3DFE7F50EDFF7FAA
:102C9000783DFE7F010000001843FE7FB0AA01804E
:102CA000B843FE7FB0A801802844FE7F4CEDFF7F33
:102CB0003844FE7F010000004446FE7F58EDFF7F50
:102CC000B046FE7FB0B0A880D448FE7F64EDFF7FA1
:102CD0004049FE7FB0B0A880644BFE7F70EDFF7F5F
:102CE000E44BFE7FB0B0A880044CFE7F78EDFF7F00
:102CF000844CFE7F88EDFF7FF04CFE7F01000000DA
:102D0000504DFE7FB0B0AA80704DFE7F7CEDFF7FFE
:102D10008C4DFE7F80EDFF7FB04DFE7F84EDFF7F09
:102D2000BC4EFE7FA8EDFF7F184FFE7FB8EDFF7F02
:102D3000304FFE7F01000000644FFE7FBCEDFF7F3F
:102D4000A04FFE7F010000000851FE7FB0AB028063
:102D50006C51FE7FB8EDFF7F9851FE7F01000000AF
:102D6000D852FE7FC0EDFF7F2853FE7FD8EDFF7F56
:102D7000BC53FE7F010000000454FE7FB0B0A88069
:102D80000C54FE7F0100000098E0FA0FB0A9028009
:102D900024E1FA0FB0B0A88078E1FA0F010000003A
:102DA00084E1FA0FB0B0AA80B4E1FA0FA4EDFF7F7E
:102DB00074E2FA0F0100000070E2FA0FAA3F3980B6
:102DC000B8E2FA0FB0B0A880C4E2FA0FB0B0AA809F
:102DD00000E3FA0FB0B0A88014E3FA0F010000007E
:102DE00010E3FA0FB0B0A88018E3FA0F010000005A
:102DF000C8E3FA0FAA0FB2802CE4FA0F60EDFF7F50
:102E0000FCE6FA0FB0B0A88018E7FA0F5CEDFF7F80
:102E1000C4E9FA0F0100000034EBFA0F00840480CB
:102E200044EBFA0FB0B0A88044EBFA0F48EDFF7FF7
:102E300034EEFA0F0084048054EEFA0FB0B0A8808C
:082E40006CEEFA0F0100000026
:102E48003C8F0410488F0410548F0410608F0410B6
:102E58006C8F0410788F0410848F041098910410DC
:0C2E680090910410849104108C920410CE
:102E740010B504002268EFF3108172B608001368DD
:102E8400002BFCD0BFF35F8F0422A35E002B03DC76
:102E9400200001F0E9FDEDE7013BA3802368BFF3C7
:102EA4005F8F00221A6080F3108810BDF8B504000B
:102EB40017001E002568EFF3108172B60B00286816
:102EC4000028FCD0BFF35F8F0422A05E002808DC3A
:102ED4003A003300200001F0FFFD0028EAD0002072
:102EE40009E00138A0802268BFF35F8F00211160E0
:102EF40083F310880120F8BD70B50268EFF31081E8
:102F040072B60C001368002BFCD0BFF35F8F042251
:102F1400835E0625425F934208DB0368BFF35F8F3D
:102F240000221A6084F31088002070BD013383806E
:102F340001F0DAFD0120F8E770B5040001F0B4FDFA
:102F440006002268EFF3108172B60D001368002B9F
:102F5400FCD0BFF35F8F6368013303D0200001F01E
:102F640083FDEEE766602368BFF35F8F00221A607B
:102F740085F3108870BD000070B5040001F094FD65
:102F8400050008E0134B144A1448593101F07CFD44
:102F9400200001F069FD2268EFF3108172B6080089
:102FA4001368002BFCD0BFF35F8F6368AB4201D082
:102FB4000133EDD16560237A0133DBB223722268D9
:102FC400BFF35F8F0021116080F31088002BD9D0EC
:102FD40070BDC04618670410848E0410DC660410AB
:102FE40070B504000268EFF3108572B61368002B05
:102FF400FCD0BFF35F8F63685A1C0BD000290ED03E
:103004000B6000202368BFF35F8F00221A6085F3F2
:10301400108870BD01F048FD60600120F2E70020D7
:10302400F0E7000070B504000D0001F03DFD2268DA
:10303400EFF3108172B61368002BFCD0BFF35F8FDF
:1030440063685A1C06D0834204D0002D18D02B602C
:10305400002007E06060237A0133DBB22372002B87
:1030640008D001202368BFF35F8F00221A6081F328
:10307400108870BD034B044A0448862101F004FD06
:103084000020EFE718670410688E0410DC66041053
:10309400F0B583B0040017001E000368002B18D09D
:1030A40001F002FD01902068EFF3108172B60B006D
:1030B4000268002AFCD0BFF35F8F656801350ED02B
:1030C4003A003300200001F007FD0028EBD0002077
:1030D4000FE0094B094A0A48A62101F0D5FC019AE0
:1030E40062602268BFF35F8F0021116083F3108850
:1030F400012003B0F0BDC04620670410508E0410B8
:10310400DC660410F0B583B0070016001D0001A9A9
:10311400FFF766FF041E02D0200003B0F0BD01F0EB
:10312400C3FC019B9842F7D032002B003800FFF714
:10313400AFFF0400F0E70000F8B506000F0001F04F
:103144000BFD04000D00FA22920000233800002138
:1031540001F0DAFC22002B0012184B41002B03DB98
:103164003000FFF795FFF8BD01225242004BF7E70C
:10317400FFFFFF7F10B50268EFF3108172B613688A
:10318400002BFCD0BFF35F8F4368013305D00123CC
:103194005B42436001F0A8FC10BD034B034A0448A2
:1031A400D52101F071FCC04634670410448E04102C
:1031B400DC66041010B50268EFF3108172B60C00DF
:1031C4001368002BFCD0BFF35F8F436801330FD02B
:1031D400037A002B12D0013BDBB20372002B13D015
:1031E4000368BFF35F8F00221A6084F3108810BD58
:1031F400084B094A0948DC2101F046FC084B064A01
:103204000648DD2101F040FC013B436001F06CFC09
:10321400EDE7C046346704102C8E0410DC660410FD
:1032240058670410094B1B78002B08D00CE09A0057
:1032340080214905511808680549505001333F2B36
:10324400F5DD024B01221A707047C046E55B02208F
:103254000048002010B5014B984710BD01480020DC
:10326400002305E09A0004495118496811500133BC
:10327400052BF7D97047C0460000024010B5002264
:1032840006E093001958044CA44663445960013283
:10329400052AF6D910BDC0460000024000280AD015
:1032A40003231B02054A12685340C02292001340B4
:1032B400034A136070470223F3E7C0460C800140C1
:1032C4000C900140F0B5D6464F464646C0B586B090
:1032D40007000E00150018239A461B8814229046F6
:1032E40010882D499847814653461B8842461088CA
:1032F4002A499847040053461B88424610882849A7
:10330400984780464B46002B0FD0002C0DD0002848
:103314000BD0FFF787FF6846FFF7A2FFC847A04717
:103324000020FFF7BBFF2A0010E01E4B1E4A8A2133
:103334001E48490001F0A8FB002B07D0002A05D045
:10334400C0235B051B6E3370013A01362B00134317
:1033540012D0C0235B059C6A08232340A407EBD545
:10336400002DE9D0511B0D29E6D83878C021490534
:103374000866013D0137DFE70120FFF78FFFC047F3
:10338400FFF768FF6846FFF779FF06B0E0BCBA466E
:10339400B146A846F0BDC046494600004558000065
:1033A400464300006C6E041048930410286D04100A
:1033B40010B5002308E00133DA0000210848115059
:1033C400844662445160DBB20E2BF4D90548F022E6
:1033D4009200002101F090FB034B044A1A6010BDD7
:1033E40000001050A45200206856002080011050A4
:1033F400F0B5CE46474680B585B0204B9F6D00247E
:10340400012603E0B74376000134E4B2002F30D044
:103414001F2C2ED83E42F6D0194B9E656308994660
:103424000123634001221A4090464B465D00454407
:103434006D01144BED18280000F050FA0028E1D07B
:10344400104A4B465B0043445B01D3189978DA8AEF
:1034540001A800239846037007334370017182600A
:1034640043464371012100F059FA280000F0C6F9DF
:10347400C8E705B0C0BCB946B046F0BD0000115065
:103484000030115064520020F0B5CE46474680B556
:1034940085B0774A9823D55880239B022F001F407C
:1034A4001D4246D0734B9A6A734B1A600024002164
:1034B40009E0724B5B183C3300221A7000F0CAF921
:1034C40031000134E4B20F2C18D8A60130002030AA
:1034D4006A4BC0189B193B331B78022BF1D1674B05
:1034E4009B193A331E78002EEBD0644BA1015B1874
:1034F4003C331B78002BDCD13100E2E7002908D1F2
:103504005F4B1B78002B04D15E4A903380218902E3
:10351400D150574B9B6C5B055B0D002269460A71C9
:1035240003324A710293012101A800F0F7F98027C0
:10353400BF02EB0606D4EB0352D580235B021F4384
:10354400002419E010231F43FFF752FFF3E702237F
:1035540099461EE04C4B4A461A66454B5B6E4A46FA
:1035640013409945F9D118E0444B424652019B1847
:103574000122DA700134E4B2012C20D8A04666019D
:103584003E4BF618B37E002BEED0002CDFD0012387
:10359400994601F099FA0128DCD8C0229201002151
:1035A400300000F031F9300000F028F901F08CFA15
:1035B4000128D9D9334B4A465A661A66D4E7002300
:1035C4006A46137106335371304A02AB03CA03C30C
:1035D400012101A800F0A2F92A4B802292021A6567
:1035E400EB040AD46B041DD42B042BD4AF423AD180
:1035F40005B0C0BCB946B046F0BD80235B011F4393
:1036040000241B4B1C60FFF7D3FE01A804700123A8
:1036140043700471012100F081F91A4B80221203D6
:103624001A65DFE78023DB011F4300236A46137119
:1036340004335371012101A800F070F9114B1022D9
:103644001A65D1E780231B021F4300236A461371C6
:1036540005335371012101A800F060F9094B802260
:1036640012011A65C2E739006940094801F064FA99
:1036740000001150004005405852002064520020C0
:10368400E35B022000301150002011500000105064
:10369400586F0410F8B504000F00838A028B1E1CB7
:1036A400934200D9161CB6B29B1BA3828022D2007F
:1036B4003243E378002B13D08025AD01154301225A
:1036C4005340E3706378002B0CD0A38A002B02D103
:1036D4008023DB011D43002F00D02D042800F8BDFA
:1036E4000025EBE7E068BB01C0182169320001F056
:1036F400C3F923699B19236180231B021D43E4E75B
:10370400094B1B6C9B070CD48378DB09012B01D07C
:10371400002007E0C37E022B01D0002002E001203C
:1037240000E000207047C0460000115010B5FFF7BC
:10373400E7FF002809D0064B9B6A064A12689B1AC9
:10374400054A94466344C62B00D810BD0020FCE70C
:103754000040054058520020E0FCFFFF70B5040013
:1037640083681B68002900D01B0C9D05AD0D627891
:10377400002A11D11B0409D4E38A5B19E382238B49
:10378400AB4201D90023A382280070BD0D4B0E4A21
:103794000E48E82101F078F91B040DD52069E3688F
:1037A400890159182A0001F067F9E38A5B19E38259
:1037B40023695B192361E2E7054B034A0348EE21C1
:1037C40001F062F9786F0410A8930410986F041044
:1037D400F06F041010B5040083681B680021FFF724
:1037E400BDFF63681B685B0002D5238B834200D056
:1037F40010BD01212000FFF7B1FFF9E70023837614
:103804008382C3820361704710B5002902D08368A4
:103814001B681940002A10D0114352050DD5826847
:1038240013685B050CD4084B0B401360074B1B6CEF
:103834009B0702D40C23033BFDD28368196010BD9F
:103844008178034801F078F9FFFBFFFF0000115075
:103854001070041070B5040043681E680021FFF75F
:1038640019FF80256D010543194B1B6C02221100C1
:1038740019401A4204D1A378DB0917D0002917D0C4
:10388400A3785B0616D10023A28A002A01D0002B5C
:1038940012D0104B1E4080239B0533436268136093
:1038A4002A0000212000FFF7AFFF70BD0123EBE7E2
:1038B4000023E9E70123E7E701212000FFF7EAFEFF
:1038C4000543054A3240A023DB051343E6E7C0461F
:1038D40000001150FFFFFFAFFFFFFFDF70B50400D2
:1038E400857E002D06D0FFF775FFA38A002B05D136
:1038F400280070BD8178084801F01EF92000FFF708
:1039040015FF051E03D0012323770025F0E72000CF
:10391400FFF7A0FFECE7C0463070041070B584B028
:1039240006000D004378062B12D89B00724AD35828
:103934009F46724B1A7801218A431A701A78013112
:103944008A431A7000225A701A7802318A431A7014
:103954006B4B1C686269EFF3108172B61368002B1D
:10396400FCD0BFF35F8FA1613100200001F0ECF8BF
:103974006269A369BFF35F8F0021116083F310882C
:10398400002800D1B0E0307871782A0001F0F4F812
:1039940004B070BD594B1B78DB07F9D5574A13782F
:1039A40004210B431370D3E7544B1B78DB07EFD58B
:1039B400524A137804218B431370C9E79B1A5B01A5
:1039C400504A9B18DB69002B02D030787168984705
:1039D4000134E4B24C4B1A782300511CA1420ADB97
:1039E400A242EBD9494B1B6862019B18002BE9D119
:1039F400EEE70024EEE7414B1B785B072ED53F4AE8
:103A0400137804218B4313700C22002101A801F0C8
:103A140073F833786A46137105235371384B1C6865
:103A24006269EFF3108172B61368002BFCD0BFF308
:103A34005F8FA16101A9200001F086F86269A36982
:103A4400BFF35F8F0021116083F31088002837D003
:103A540001AB187859782A0001F08EF8274BDB78EF
:103A6400DB0700D494E70C22002101A801F044F8FC
:103A740033786A4613710323537173680293204B9E
:103A84001C686269EFF3108172B61368002BFCD0D6
:103A9400BFF35F8FA16101A9200001F055F86269AD
:103AA400A369BFF35F8F0021116083F3108800289E
:103AB4000DD001AB187859782A0001F05DF867E75A
:103AC400662213491348FF3200F0E6FFC6E7662278
:103AD4000F491048FF3200F0DFFF59E70E4A137810
:103AE4000133DBB2137033E7662209490948FF3218
:103AF40000F0D2FF4CE7C046F8930410F4430020D2
:103B04004C44002018950410E25B0220444200203B
:103B14009494041090700410E45B02207047C04633
:103B240003685A0004D5802212061343C018704754
:103B34005B005B08FAE7C046F8B54E464546DE46EC
:103B4400574680469146E0B500292AD04B1E9B4635
:103B54009A4600275346FB18DC0FE41843466410CA
:103B6400E5005E193000FFF7DBFFA34510D04845A0
:103B740009D8083528004044FFF7D2FF01384845EA
:103B840008D2671CE6E7A7420BD0631E9A46E1E71A
:103B94004845F8D83000F0BCBB46B246A946A0461A
:103BA400F8BD0026F6E7C0460300012808D0022825
:103BB40004D00020002B00D1024870470248FCE7E3
:103BC4000248FAE7FD14002015150020091500200D
:103BD40030B5214B050083B08C1E002B26D020006D
:103BE40001A900E000BF00281DD001992200FFF7C1
:103BF400A3FF041E17D0FFF793FF6368A864012B8B
:103C040027D0201D002B22DBFFF78AFF00232B6522
:103C14000368E864002B0FDBFFF782FF030000203A
:103C24002B6103B030BD00230920F9E70B4B0C488E
:103C34001B1AD9100191D9E71801000FFFF7B4FF3F
:103C4400424242410300092052421040E8E7012366
:103C5400DDE700230520E3E700000000482E0510FF
:103C6400801B0510036810B50400DA0705D49B0710
:103C74000AD5503000F0A0FC23685A070AD51A0769
:103C84000FD5DB0615D510BD503000F091FC23682C
:103C94005A07F4D42000D83000F092FC23681A07A5
:103CA400EFD420005930FF3000F08EFC2368DB068F
:103CB400E9D42000D930FF3000F08AFCE3E7C046A5
:103CC40003000068002800D0C0187047092070471E
:103CD4007047C04670B504000D002000296CFFF742
:103CE40077FF002811D12B6C2A0063612100012089
:103CF400236998470828F0D0072806D10020296CAA
:103D0400FFF7E6FF281D00F03DFCFFDEF0B5474657
:103D1400CE4680B52E4C8369A544C76804001500BF
:103D24000431402203A8984600F0C6FE0023029303
:103D340023E0F422129B5200636102A97CA800F0E4
:103D4400BBFE2100300023697CAA98478A9B0600A9
:103D540014934346019302AB0093220023002900ED
:103D64000120B847002829D1F4227CA9520002A8D6
:103D740000F0A2FE0025082E1ED120001299FFF7A4
:103D840027FF09358146EEB20028D2D0109B1021BE
:103D940014934346019302AB0093220023000120B5
:103DA4003143B847002809D14846F7239B009D4476
:103DB400C0BCB946B046F0BD072E02D009239946CF
:103DC400F2E728001299FFF783FF03A800F0DAFB5B
:103DD40024FCFFFF806C704770B5CB6BFAB00B64AA
:103DE40005000E004022043101A800F065FE012305
:103DF4005B42009306E06A4629002B699847040059
:103E0400082808D128001099FFF7E2FE0028F2D014
:103E140009207AB070BD6846FFF724FF062CF7D15D
:103E240031002800FFF756FF10B58261DA6BC160DC
:103E34001A6419000022FFF769FF10BD436970B5C9
:103E44000B64C36804000D00002B13D10A0003693E
:103E5400010002209847072805D008280ED1290020
:103E64002000FFF737FF0020296CFFF731FF281DE2
:103E740000F088FB0122FFF749FFFFDEFFDEC046AA
:103E8400C36810B5002B05D0CB6B00220B64FFF781
:103E94003DFF10BDFFF7A0FFFBE7C0467047C046DB
:103EA4008368010010B5002B01D00120984710BD94
:103EB400042908D802291AD800290BD0481E431E09
:103EC40098410130704705290FD1436C009A0020B6
:103ED4001360F7E7002B08D10F2A06D89200801848
:103EE4004368009A00201360ECE70220EAE701200F
:103EF400E8E7C04600B585B003AB0A000093002193
:103F04000023FFF7D5FF039805B000BD042908D8A6
:103F140002291AD800290BD0481E431E98410130AB
:103F2400704705290FD1009B1B6843640020F7E705
:103F3400002B08D10F2A06D8009B92001B6880181A
:103F440043600020ECE70220EAE70120E8E7C046EE
:103F540000B585B003AB039200930A00002300214F
:103F6400FFF7D4FF05B000BD70B5194CD36BA54461
:103F7400136405000C0017A8111D402200F09CFDDD
:103F840001235B42169313E00C2116A86A46FFF73F
:103F9400DFFF210016A8A84700280FD16946049B1B
:103FA40016AA083098470600052808D0092805D025
:103FB40068462699FFF70CFE0028E5D0092616A8C6
:103FC400FFF750FE300090239B009D4470BDC04617
:103FD400C0FDFFFFF0B54E464546DE465746E0B508
:103FE4000D000321EC6C160004CC8BB09446014008
:103FF4000894002B00D17FE0170C06AA5773624681
:1040040012040792FF223A409200A418022206AF3B
:104014003A73022900D1AC6B2A6DD20707D5300060
:1040240007A900F07BFB00285BD108205AE0226836
:104034009346002AF3D008220240039200220492FD
:10404400023201279046AA46B14602910193019B90
:10405400022B4ED0238865889B46043453462E0099
:104064009B6C0F214846BE43F618FFF743FF00231D
:10407400864205D85B46BB439B1998429B415B42F1
:1040840042466D0015405A463A401543012D50D022
:10409400022D37D0002D24D1029A002A02D0002B01
:1040A40000D0C3E0043423689B46002BCFD14E4696
:1040B40007A9300000F032FB002812D1049B002B2A
:1040C400B3D00F213000FFF715FF0E21020030009E
:1040D400FFF73EFF30000F21734AFFF739FF072037
:1040E40000E009200BB0F0BCBB46B246A946A0468E
:1040F400F0BD65680834B1E71202079206AA53734B
:10410400032284E725686A0052089346029A002A2B
:1041140049D1002B05D0039B002B60D05B46002BBC
:104124005DD0002D00DA04345B4601339B00E418B3
:10413400B9E7029A002A19D1002B15D025686368C3
:10414400ED0F9A1CCDD0524658320692013300D15D
:1041540099E0201DFFF7B4FD2A00010006AB50468C
:1041640000F002FD002876D108349CE753460D2167
:1041740048461D6AFFF7BEFE8542F5D153469B6A49
:104184009C42F1D155464E462000FFF7C9FC0F2151
:1041940002003000FFF7DCFE30002A000021FFF7A8
:1041A400D7FE07209EE753460D2148461E6AFFF7B7
:1041B400A1FE8642B5D153469B6A9C42B1D1534677
:1041C4005A469A6252460023D36204331363231D72
:1041D40053632368002B60DB01230493A4E7582373
:1041E400534405935B46251DA34600261C000EE0A0
:1041F400059B28000693FFF763FD0022010006AB30
:10420400504600F0B1FC01360435002836D1A642F0
:10421400EED14E460D213000FFF76CFE55465C464C
:10422400069B28626B620620AC625BE72000FFF706
:1042340077FC554604340700AC6328004E4600F072
:1042440073FC002800D14CE730003A000F21FFF73F
:104254007FFE072046E74E4681460D213000FFF7DA
:1042640049FE55464B46069F2862022B02D1EF6257
:104274002F002C3706206F62AC6233E723005C46C4
:104284009B4625684DE74E460D2130005546924623
:10429400FFF730FE57462862ECE7584601308000AD
:1042A40055464E46201870E7BD52031010B5002342
:1042B400FFF790FE10BDC04610B50123FFF78AFE3C
:1042C40010BDC04610B50223FFF784FE10BDC046E2
:1042D400F0B5CE46474680B5050014001E00C3B0B5
:1042E400052900D9FDE0A64B89005B589F46836BE6
:1042F400002A00D0F5E004CB42648363002043B07D
:10430400C0BCB946B046F0BD002E00D0E9E00023A1
:1043140001271604826B360C011D380098400642B2
:1043240001D001CA086001330431102BF5D1A40473
:10433400E4D4AA63E2E7032E00D0D2E01404160CFE
:10434400240C3319102B00D9CBE0082203681A423D
:1043540000D0EBE020AF380000F038F9AB6BF6008A
:104364009C4663005A1E002B0BD06346F61A043E8B
:10437400BE191800006804339851013AF9D2E400D8
:10438400A44463463800AB6300F01EF9B6E7130C8F
:1043940014049846240C012E00D185E0052E00D08B
:1043A4009FE0A146C1444B46202B00D999E04346E7
:1043B4000F2B00D997E04B46102B00D8BFE0012209
:1043C40003681A4207D09343022213430360503018
:1043D40000F0F4F82B6804221A4205D02800934315
:1043E4002B60D83000F0EEF820AF380000F0E6F88B
:1043F400684600F0E7F8424610239B1A10225C003E
:10440400524243464A449446D800A96B3818013CAA
:1044140000230134A200CC58C45004339A42FAD188
:1044240063468918002B00D198E044466F46580033
:10443400102C00D210240023103C0138E400013079
:104444003C198200C858E05004339A42FAD18918C2
:10445400012E72D04346A9630F2B02D820A800F086
:10446400ABF8380000F0ACF848E7002E39D1102A38
:1044740037D8102203681A4251D120AF380000F017
:10448400A9F8012639000023AA6B300098400442A1
:1044940001D001CA086001330431042BF5D138007E
:1044A400AA6300F095F829E71B19102B19D8434685
:1044B400102B16D00368334206D0032228009343FE
:1044C4002B60503000F076F820AF380000F072F81E
:1044D400A96B002C1BD104313800A96300F068F8E3
:1044E4000CE702200BE7002C00D107E70422036845
:1044F4001A4204D093430360D83000F063F86F4647
:10450400380000F05FF86000A96B444693E7434627
:10451400D800002364009C463818013C78E7934394
:104524000360D930FF3000F055F8A6E793430360E9
:104534005930FF3000F04AF80CE720AFCBE70122F6
:1045440003681A4212D120AF380000F037F8A96B83
:10455400002CDCD1380000F02FF8CFE6012EBAD0C1
:104564004346A9630F2B00D9C8E6F3E7934302221D
:10457400280013432B60503000F020F8E3E7C046D6
:10458400D81D00200100343138C9043B9C461D600D
:10459400A646010020313CC990469946A246AB4646
:1045A40001000831FCC941680068E54600BDC04609
:1045B4007047C0467047C0467047C0467047C04603
:1045C4007047C0467047C0467047C0467047C046F3
:1045D4007047C0467047C04601B401A801B585B014
:1045E400FFB408A841464A4653465C4665463EC069
:1045F40001A83EC80F98009000230CB401A9FFF74E
:10460400EBFB109B12B0184701B401A801B585B0AB
:10461400FFB408A841464A4653465C4665463EC038
:1046240001A83EC80F98009000230CB401A9FFF71D
:1046340005FC109B12B0184701B401A801B585B060
:10464400FFB408A841464A4653465C4665463EC008
:1046540001A83EC80F98009000230CB401A9FFF7ED
:104664000FFC109B12B0184701B401A801B585B026
:10467400FFB408A841464A4653465C4665463EC0D8
:1046840001A83EC80F98009000230CB401ABFFF7BB
:10469400CBFB109B12B0184701B401A801B585B03B
:1046A400FFB408A841464A4653465C4665463EC0A8
:1046B40001A83EC80F98009000230CB401AAFFF78C
:1046C40053FC109B12B01847027A0300002A0BD146
:1046D400427A002A0FD0013A42724268111D4160A9
:1046E40003211268017202E0013A02720268100E9C
:1046F40012021A607047B020FCE7C04600B585B0CE
:1047040003AB00930C2200230021FFF7D1FB039895
:1047140005B000BD10B5FFF7F1FF10BDF0B50023E3
:10472400454657464E46DE469846E0B506000D001F
:104734000F2785B02800FFF7C7FF0400B02800D179
:1047440029E1030638D50300BB43DBB2A02B00D11B
:1047540091E012D8802B69D0902B25D10D230340F2
:104764000D2B21D00F2202AC024000230021300087
:104774000094FFF79DFB009433E0B02B00D170E070
:10478400C02B38D0072203009343DBB2D02B0BD1CC
:104794008023024001321B031A4301210523300008
:1047A400FFF796FD0028C5D0092005B0F0BCBB4634
:1047B400B246A946A046F0BDFF238200134004334D
:1047C4009A4602AB009399460D2200230021300043
:1047D400FFF76EFB029B64060AD4534402934B46D4
:1047E400009300230D2200213000FFF78FFBA1E787
:1047F40052469B1AF2E7C62800D1ADE0C72800D183
:10480400CEE0F8230340C02B00D1DBE0C82800D160
:10481400DEE0C928C8D12800FFF756FFF0220303C1
:10482400120313400F2202400132B5E704022800AC
:10483400FFF74AFF204380242402A042B4D003019E
:1048440000059946020C002300213000FFF740FDCB
:104854000028A9D14B46234200D16BE70123984697
:1048640068E703004F33DBB2042B00D988E0684AC1
:104874009B00D3589F46FF21072309010A00834365
:104884001A410A40240702D58023DB011A4300237E
:1048940000213000FFF71CFD002800D14AE783E720
:1048A4002800FFF711FF431EDBB202000E2BEED9E6
:1048B4007AE703AB00930D22002300213000FFF7B9
:1048C400F7FA37E70023002205213000FFF700FD47
:1048D400002800D12EE767E72800FFF7F5FEF02255
:1048E4000303120313400F22024001321A43012131
:1048F40001233000FFF7ECFC002800D11AE753E74E
:1049040002AB0D2200210093994630000023FFF7EB
:10491400CFFA2800FFF7D8FE029C030674D50223C1
:104924009A467D339B465B4618405346984007237E
:104934009C46241828000294E244FFF7C5FE0306AF
:10494400F1D481239B009C46534698404B466444D3
:1049540024180294009344E72800FFF7B5FEF022E0
:104964000303120313400F22024001321A430321AE
:1049740003233000FFF7ACFC002800D1DAE613E78C
:10498400FC230340B42B00D10EE70723802203400D
:1049940001331203AAE74346002B25D0002004E785
:1049A4002800FFF791FE431EDBB202000E2B00D954
:1049B400FAE6002304213000FFF78AFC002800D126
:1049C400B8E6F1E6A022B13B034001331203CDE780
:1049D4002800FFF779FE0F2302009A43D2B2103267
:1049E400034012030133D7E602AC0E22002130004B
:1049F4000094FFF75DFA00230F2200213000009499
:104A0400FFF784FA0020D0E602239A4699E7C046CD
:104A1400F01D0020030000B5DA6C85B0536808006F
:104A24000832190201910292694603221B0E0A738D
:104A34004B7301A9FFF772FE05B000BD10B5FFF777
:104A440069FE806C10BDC04610B5FFF763FEC06CF4
:104A5400C3799B000833C01810BDC04610B500F0E0
:104A64005BF810B5FFF7FAFF01B40248844601BCB5
:104A7400604700BF0D89001001B40248844601BCA0
:104A8400604700BF8151001001B40248844601BC54
:104A9400604700BFCD41001001B40248844601BC08
:104AA400604700BF2145001001B40248844601BCA0
:104AB400604700BFDD88001001B40248844601BC91
:104AC400604700BFDD2E001001B40248844601BCDB
:104AD400604700BFA109001001B40248844601BC2C
:104AE400604700BF618A001001B40248844601BCDB
:104AF400604700BFD989001001B40248844601BC54
:104B0400604700BFD12E001001B40248844601BCA6
:104B1400604700BF3D2C001001B40248844601BC2C
:104B2400604700BF5DB2031001B40248844601BC73
:104B3400604700BF7151031001B40248844601BCB0
:104B4400604700BFF509001001B40248844601BC67
:104B5400604700BFE173001001B40248844601BC01
:104B6400604700BFDD1C001001B40248844601BC4C
:104B7400604700BFB150031001B40248844601BC31
:104B8400604700BF9554001058150020DE15002022
:104B94003217002086150020BA1600203E1500208A
:104BA400F01A0020501B0020281B0020141B00209A
:104BB400021B0020000000001000000000000000A4
:104BC40000000100000000000000000000000200DE
:104BD40000000000000000000000030000000000CE
:104BE400000000000000FF000000000001B548685C
:104BF40001318E460047704609380149884701BD96
:104C0400451100100000000000000000000000003A
:104C14000000000000000000D02900200000000077
:104C2400503300004C330000543300005233000072
:104C34004D5300004D430000533400004334000042
:104C4400BD45001061460010DD450010714600109E
:104C54000000000000010000114C0010A9480010E1
:104C6400794B00109548001000000000000100007E
:104C74005044002010000C00000000000000000060
:104C8400000000000000000000000000FF00000021
:104C9400004004400000000000000000697C001097
:104CA400000000000000000000000000CD7B0010A8
:104CB40000000000000000000000000000000000F0
:104CC400FF010000A15B031010820410388204105D
:104CD400548204100C9B04101C9B04102C9B041085
:104CE400409B0410509B0410609B0410709B0410A4
:104CF400809B0410909B0410A09B0410B09B041094
:104D0400C09B0410609B0410D09B041060820410AC
:104D14006482041068820410708204107482041087
:104D2400788204107C82041080820410848204102F
:104D3400888204108C8204109082041078820410FB
:104D440094820410A0DB0410B8DC041090DC04107E
:104D54005DB20310430000000000000000000000EA
:104D6400000000000000000000000000000000003F
:104D740000000000430000000000000000000000EC
:104D8400000000000000000000000000000000001F
:104D940000000000430000000000000000000000CC
:104DA40000000000000000000000000000000000FF
:104DB40000000000430000000000000000000000AC
:104DC40000000000000000000000000000000000DF
:104DD400000000004300000000000000000000008C
:104DE40000000000000000000000000000000000BF
:104DF400000000004300000000000000000000006C
:104E0400000000000000000000000000000000009E
:104E1400000000004300000000000000000000004B
:104E2400000000000000000000000000000000007E
:104E34000000000015CF0310B9A00310000000000B
:104E44003CE80410E48304100C6104100C610410A9
:104E54000C6104100C6104100C6104100C6104104A
:104E64000C6104100C6104100C610410FFFFFFFFBF
:104E7400FFFFFFFFFFFFFFFFFFFF000001004153A3
:104E84004349490000000000000000000000000049
:104E9400000000000000000000000000000041537A
:104EA4004349490000000000000000000000000029
:104EB40000000000000000000000000000000000EE
:104EC400182100200000000000000000442D0020F4
:104ED400AC2D0020142E0020000000000000000073
:104EE40000000000000000000000000000000000BE
:104EF40000000000000000000000000000000000AE
:104F0400000000000000000000000000000000009D
:104F1400000000000000000000000000000000008D
:104F2400000000000000000000000000000000007D
:104F3400000000000000000000000000000000006D
:104F4400000000000000000000000000000000005D
:104F5400000000000000000000000000000000004D
:104F640001000000000000000E33CDAB34126DE6EA
:104F7400ECDE05000B000000000000000000000053
:104F8400000000000000000000000000000000001D
:104F9400000000000000000000000000000000000D
:104FA40000000000000000000000000000000000FD
:104FB40000000000000000000000000000000000ED
:104FC40000000000000000000000000000000000DD
:104FD40000000000000000000000000000000000CD
:104FE4000000000000000000FFFFFFFF00000200BF
:104FF40000000000000000004022002040220020A9
:105004004822002048220020502200205022002064
:105014005822002058220020602200206022002014
:1050240068220020682200207022002070220020C4
:105034007822002078220020802200208022002074
:105044008822002088220020902200209022002024
:105054009822002098220020A0220020A0220020D4
:10506400A8220020A8220020B0220020B022002084
:10507400B8220020B8220020C0220020C022002034
:10508400C8220020C8220020D0220020D0220020E4
:10509400D8220020D8220020E0220020E022002094
:1050A400E8220020E8220020F0220020F022002044
:1050B400F8220020F82200200023002000230020F2
:1050C40008230020082300201023002010230020A0
:1050D4001823002018230020202300202023002050
:1050E4002823002028230020302300203023002000
:1050F40038230020382300204023002040230020B0
:10510400482300204823002050230020502300205F
:10511400582300205823002060230020602300200F
:1051240068230020682300207023002070230020BF
:10513400782300207823002080230020802300206F
:10514400882300208823002090230020902300201F
:105154009823002098230020A0230020A0230020CF
:10516400A8230020A8230020B0230020B02300207F
:10517400B8230020B8230020C0230020C02300202F
:10518400C8230020C8230020D0230020D0230020DF
:10519400D8230020D8230020E0230020E02300208F
:1051A400E8230020E8230020F0230020F02300203F
:1051B400F8230020F82300200024002000240020ED
:1051C400082400200824002010240020102400209B
:1051D400182400201824002020240020202400204B
:1051E40028240020282400203024002030240020FB
:1051F40038240020382400204024002040240020AB
:10520400482400204824002050240020502400205A
:10521400582400205824002060240020602400200A
:1052240068240020682400207024002070240020BA
:10523400782400207824002080240020802400206A
:10524400882400208824002090240020902400201A
:105254009824002098240020A0240020A0240020CA
:10526400A8240020A8240020B0240020B02400207A
:10527400B8240020B8240020C0240020C02400202A
:10528400C8240020C8240020D0240020D0240020DA
:10529400D8240020D8240020E0240020E02400208A
:1052A400E8240020E8240020F0240020F02400203A
:1052B400F8240020F82400200025002000250020E8
:1052C4000825002008250020102500201025002096
:1052D4001825002018250020202500202025002046
:1052E40028250020282500203025002030250020F6
:1052F40038250020382500204025002040250020A6
:105304004825002048250020502500205025002055
:105314005825002058250020602500206025002005
:1053240068250020682500207025002070250020B5
:105334007825002078250020802500208025002065
:105344008825002088250020902500209025002015
:105354009825002098250020A0250020A0250020C5
:10536400A8250020A8250020B0250020B025002075
:10537400B8250020B8250020C0250020C025002025
:10538400C8250020C8250020D0250020D0250020D5
:10539400D8250020D8250020E0250020E025002085
:1053A400E8250020E8250020F0250020F025002035
:1053B400F8250020F82500200026002000260020E3
:1053C4000826002008260020102600201026002091
:1053D4001826002018260020202600202026002041
:1053E40028260020282600203026002030260020F1
:1053F40038260020382600200100000000000000AC
:105404004A0000000000000000000000000000004E
:105414000000000000000000000000000000000088
:1054240000000000000000004A000000000000002E
:105434000000000000000000000000000000000068
:105444000000000000000000000000000000000058
:105454006082041060820410000000000300000059
:10546400442D0020982E00200000000000000000C1
:08547400000000000000000030
:04000005100001E9FD
:00000001FF
